Age,Gender,Coffee_Intake,Caffeine_mg,Sleep_Hours,Sleep_Quality,BMI,Heart_Rate,Stress_Level,Physical_Activity_Hours,Health_Issues,Occupation,Smoking,Alcohol_Consumption,Caffeine_per_Sleep_Hour
40,1,3.5,328.1,7.5,2,24.9,78,1,14.5,,2,0,0,43.17105263157895
33,1,1.0,94.1,6.2,2,20.0,67,1,11.0,,3,0,0,14.936507936507937
42,1,5.3,503.7,5.9,1,22.7,59,2,11.2,Mild,1,0,0,83.95
53,1,2.6,249.2,7.3,2,24.7,71,1,6.6,Mild,2,0,0,33.67567567567568
32,0,3.1,298.0,5.3,1,24.1,76,2,8.5,Mild,4,0,1,55.18518518518519
32,1,3.4,326.4,6.4,2,27.0,82,1,8.8,,3,0,0,50.215384615384615
53,1,2.7,252.1,7.8,2,24.3,58,1,1.0,Mild,4,1,0,31.911392405063292
44,0,4.5,423.5,5.5,1,15.8,62,2,0.7,Mild,3,1,1,75.625
29,1,1.7,162.0,7.1,2,21.7,60,1,2.2,,3,1,1,22.500000000000004
41,0,4.0,383.2,6.4,2,30.4,69,1,11.9,Mild,1,0,0,58.95384615384615
29,0,4.5,427.5,8.1,0,21.5,66,1,8.4,,2,0,1,52.13414634146342
29,1,4.1,385.2,6.5,2,23.1,80,1,8.9,,1,0,1,58.36363636363637
37,0,4.7,441.9,6.9,2,15.4,77,1,5.2,,3,0,1,63.128571428571426
18,0,1.4,133.4,6.6,2,19.8,78,1,13.0,,1,0,0,19.910447761194032
18,1,3.2,308.3,5.9,1,21.1,83,2,14.5,Mild,3,1,0,51.38333333333333
28,1,3.1,297.0,6.8,2,31.7,56,1,3.2,Mild,1,0,0,43.04347826086957
22,0,2.6,248.2,5.9,1,24.0,70,2,4.7,Mild,3,1,0,41.36666666666667
38,0,3.4,326.8,7.7,2,23.3,72,1,4.9,,0,1,1,41.8974358974359
24,0,4.3,409.5,7.8,2,22.7,63,1,14.4,,0,0,1,51.835443037974684
18,1,1.4,134.6,6.9,2,18.8,70,1,7.8,,4,0,0,19.228571428571428
52,0,0.7,65.5,6.4,2,28.2,74,1,8.5,Mild,3,0,0,10.076923076923077
32,1,2.2,208.3,6.9,2,17.0,65,1,5.5,,1,0,0,29.75714285714286
35,0,0.0,0.0,5.5,1,23.4,70,2,13.5,Mild,3,0,0,0.0
18,0,2.4,227.6,5.7,1,15.4,67,2,2.9,Mild,1,0,0,39.241379310344826
28,0,4.6,441.2,5.0,3,21.6,78,0,6.9,Mild,4,0,0,86.50980392156863
36,0,0.4,34.7,6.1,2,15.0,79,1,3.4,,3,1,0,5.596774193548388
21,0,1.9,178.0,6.0,1,20.8,76,2,8.8,Mild,4,0,0,29.180327868852462
39,0,0.8,75.5,5.3,1,27.6,85,2,8.2,Mild,1,0,0,13.981481481481483
27,1,3.1,294.0,6.2,2,18.1,50,1,2.0,,2,0,1,46.66666666666667
31,0,3.5,328.2,6.2,2,21.6,67,1,12.5,,1,0,1,52.095238095238095
27,0,2.5,240.6,7.3,2,27.5,59,1,1.8,,4,0,0,32.513513513513516
57,1,1.5,139.9,6.9,2,32.7,86,1,2.6,Moderate,3,1,0,19.985714285714288
34,1,2.8,264.6,8.3,0,24.9,58,1,4.1,,3,0,0,31.5
22,1,4.4,413.8,7.1,2,22.1,86,1,12.2,,4,0,0,57.47222222222223
44,0,3.8,364.3,9.2,0,22.7,68,1,3.1,,3,0,0,39.172043010752695
20,0,1.9,179.5,5.3,1,21.2,63,2,3.3,Mild,0,0,0,33.24074074074074
37,1,2.0,191.3,7.9,2,23.1,73,1,9.8,,2,0,0,23.9125
18,0,2.0,187.4,4.8,3,35.8,90,0,12.4,Moderate,4,0,1,38.24489795918368
19,1,3.2,307.4,7.8,2,27.8,62,1,10.5,,2,0,0,38.91139240506329
37,0,0.4,40.6,7.4,2,26.4,72,1,8.1,,4,1,0,5.413333333333333
43,1,3.3,314.8,6.2,2,25.4,75,1,9.8,,2,1,1,49.96825396825397
37,1,1.7,160.3,7.0,2,24.4,60,1,8.2,,1,0,0,22.577464788732396
33,1,2.1,199.7,6.1,2,24.5,64,1,5.4,,4,1,0,32.20967741935484
31,1,1.4,133.4,6.1,2,30.5,65,1,10.4,Mild,3,1,0,21.516129032258068
18,0,3.6,341.7,7.0,2,24.6,72,1,10.3,,2,1,0,48.12676056338028
26,0,1.6,153.0,4.8,3,23.1,56,0,9.5,Mild,1,0,0,31.22448979591837
29,1,1.1,100.8,7.2,2,19.8,70,1,9.5,,1,0,0,13.808219178082192
47,1,1.6,155.0,6.6,2,24.6,59,1,3.5,,1,0,0,23.134328358208958
39,1,0.9,83.3,6.5,2,21.6,68,1,13.9,,3,0,1,12.621212121212121
18,0,3.8,360.3,5.8,1,23.3,60,2,14.9,Mild,1,0,0,61.0677966101695
38,0,0.8,80.4,7.2,2,20.2,83,1,8.3,,2,1,1,11.013698630136988
30,1,2.4,231.3,7.9,2,24.3,73,1,3.4,,3,0,0,28.9125
26,0,1.5,144.8,9.4,0,21.4,62,1,4.8,,4,0,0,15.242105263157896
42,1,4.9,461.0,7.6,2,18.9,89,1,11.1,,3,0,0,59.87012987012987
47,0,3.1,297.8,7.5,2,29.0,56,1,4.1,,4,1,0,39.184210526315795
46,0,1.6,147.8,5.8,1,18.2,70,2,9.1,Mild,4,0,0,25.05084745762712
24,0,2.8,261.9,5.9,1,20.9,75,2,1.5,Mild,4,0,1,43.65
31,0,1.1,107.9,6.8,2,25.5,67,1,14.5,,4,0,1,15.637681159420293
38,0,3.5,333.2,7.0,2,28.0,70,1,12.6,,3,0,1,46.929577464788736
46,0,2.8,261.4,6.0,2,23.9,64,1,12.3,,0,1,0,42.85245901639344
29,0,3.1,297.2,8.0,2,23.5,62,1,11.6,,0,0,0,36.69135802469136
32,1,1.1,101.6,6.0,2,18.8,79,1,0.0,,1,0,1,16.65573770491803
21,1,0.4,40.3,5.4,1,21.2,71,2,1.0,Mild,2,0,0,7.327272727272727
20,1,0.0,0.4,8.2,0,17.2,73,1,8.8,,2,0,0,0.04819277108433736
44,0,0.1,11.2,7.3,2,23.3,76,1,11.5,,2,0,1,1.5135135135135136
51,1,2.5,239.1,6.3,2,25.9,64,1,11.3,Mild,1,1,0,37.359375
34,1,5.4,511.4,4.5,3,25.6,65,0,7.9,Mild,2,0,1,111.17391304347827
47,1,1.9,180.6,7.9,2,16.9,63,1,7.8,,3,0,1,22.575
39,1,1.6,155.0,9.6,0,26.5,71,1,1.3,,0,0,0,15.979381443298971
27,0,2.4,229.8,7.2,2,29.2,90,1,13.9,,4,0,0,31.47945205479452
39,0,1.3,125.5,6.0,2,22.5,71,1,4.7,,2,0,0,20.57377049180328
53,0,0.6,54.8,7.2,2,30.3,50,1,3.1,Moderate,1,0,0,7.506849315068493
34,0,1.5,144.2,7.4,2,22.2,73,1,9.0,,1,0,0,19.226666666666667
53,0,2.2,205.2,7.3,2,17.8,74,1,0.4,Mild,3,0,1,27.72972972972973
18,1,5.3,502.5,5.2,1,23.4,82,2,14.4,Mild,4,1,0,94.81132075471699
44,1,1.8,167.9,6.1,2,22.8,83,1,5.5,,4,0,1,27.080645161290327
36,0,2.8,265.3,5.7,1,28.2,100,2,4.4,Mild,1,1,0,45.74137931034483
31,1,0.4,42.0,7.4,2,20.0,69,1,2.3,,2,0,0,5.6
36,1,3.5,336.4,6.4,2,25.6,74,1,7.6,,3,0,1,51.75384615384615
18,0,1.4,132.1,8.2,0,17.1,74,1,5.8,,3,1,0,15.91566265060241
32,1,0.8,76.6,7.2,2,21.8,66,1,4.6,,4,0,0,10.493150684931507
39,1,1.0,91.0,7.7,2,22.5,68,1,2.0,,3,0,0,11.666666666666666
52,1,1.5,146.0,6.4,2,22.0,63,1,4.9,Mild,0,0,0,22.46153846153846
28,1,0.8,72.8,4.7,3,17.7,66,0,12.3,Mild,4,0,1,15.166666666666666
25,1,2.9,279.0,8.2,0,21.8,70,1,11.9,,1,0,0,33.6144578313253
28,1,0.9,83.0,7.0,2,24.1,75,1,8.6,,3,1,0,11.690140845070424
45,0,3.5,329.5,7.0,2,28.3,75,1,11.3,,4,0,0,46.40845070422535
38,0,1.7,165.0,7.7,2,20.9,59,1,9.2,,2,0,0,21.153846153846153
28,1,1.1,106.8,7.1,2,19.9,57,1,1.7,,2,0,1,14.833333333333334
41,0,1.5,140.1,4.6,3,33.1,65,0,13.9,Moderate,0,1,0,29.808510638297875
36,1,1.0,92.8,6.4,2,15.5,86,1,7.5,,1,0,0,14.276923076923076
46,1,2.5,240.6,6.0,2,20.9,75,1,11.1,,2,0,0,39.442622950819676
26,1,1.7,159.8,6.2,2,19.8,72,1,13.1,,4,1,0,25.365079365079367
31,0,4.2,395.9,6.1,2,17.3,79,1,13.2,,3,0,0,63.85483870967742
30,1,0.0,0.0,7.1,2,23.6,57,1,14.0,,2,0,0,0.0
18,0,4.3,404.0,8.7,0,28.4,79,1,9.7,,2,0,0,45.909090909090914
38,0,1.5,141.6,7.4,2,28.2,64,1,9.5,,0,0,0,18.88
38,0,4.9,465.6,7.1,2,26.3,56,1,3.6,,3,0,0,64.66666666666667
35,0,2.7,254.7,6.0,2,28.8,69,1,4.7,,3,0,0,41.75409836065574
32,0,4.3,408.5,8.1,0,23.0,82,1,9.1,,2,0,1,49.81707317073171
18,1,2.4,226.7,6.8,2,24.0,73,1,3.8,,3,0,1,32.85507246376812
29,1,2.3,217.9,6.6,2,25.0,69,1,5.4,,1,1,0,32.5223880597015
30,0,1.1,102.3,4.7,3,29.1,62,0,2.5,Mild,1,0,0,21.3125
25,0,2.4,224.5,7.5,2,22.4,69,1,11.3,,2,0,0,29.539473684210527
33,1,1.0,95.0,8.0,2,28.8,92,1,9.5,,2,0,1,11.728395061728396
39,1,2.8,264.2,7.7,2,30.3,79,1,10.9,Mild,1,0,0,33.87179487179487
57,1,2.7,260.5,4.9,3,25.3,71,0,6.7,Moderate,3,0,0,52.1
37,1,2.3,220.0,7.8,2,27.2,61,1,11.0,,0,0,1,27.848101265822788
38,1,4.4,413.8,6.0,1,19.3,52,2,7.0,Mild,0,0,1,67.8360655737705
34,0,3.2,308.4,5.0,1,26.3,59,2,8.0,Mild,0,0,1,60.470588235294116
18,0,1.1,106.4,9.4,0,26.3,67,1,1.9,,3,0,0,11.200000000000001
34,1,3.4,318.5,8.3,0,25.0,61,1,0.5,,0,0,1,37.916666666666664
35,0,3.9,373.2,7.2,2,27.5,56,1,11.2,,1,0,0,51.12328767123287
64,0,0.0,0.0,7.6,2,24.7,68,1,13.4,Mild,3,0,0,0.0
32,1,0.9,83.2,8.7,0,22.7,56,1,5.4,,1,1,1,9.454545454545457
38,1,1.8,170.7,6.1,2,23.5,74,1,12.7,,3,1,1,27.53225806451613
34,0,1.3,121.5,9.8,0,23.7,78,1,4.1,,0,1,0,12.272727272727272
20,0,3.5,328.4,6.5,2,24.0,88,1,11.0,,0,0,0,49.75757575757576
48,1,1.2,111.2,8.0,0,22.5,59,1,8.7,,2,0,0,13.728395061728396
44,2,1.0,95.8,7.5,2,22.4,64,1,0.5,,4,0,0,12.605263157894736
44,1,2.9,271.5,5.4,1,26.6,60,2,3.6,Mild,1,0,0,49.36363636363637
24,1,2.2,204.6,6.7,2,24.2,80,1,9.4,,0,0,0,30.08823529411765
51,1,4.2,397.5,8.2,0,19.4,63,1,3.1,Mild,3,0,0,47.89156626506025
18,1,3.1,290.4,5.6,1,26.3,66,2,8.8,Mild,2,0,1,50.94736842105264
42,0,7.6,722.4,7.5,2,20.4,73,1,10.6,,1,0,1,95.05263157894737
61,0,0.9,82.1,7.7,2,31.5,60,1,5.2,Moderate,0,0,0,10.525641025641026
23,1,0.2,19.6,5.4,1,20.0,82,2,10.4,Mild,2,1,0,3.563636363636364
28,0,4.6,433.5,6.3,2,31.7,59,1,9.6,Mild,0,1,0,67.734375
36,0,7.1,674.5,5.9,1,25.8,74,2,14.8,Mild,0,0,0,112.41666666666667
28,1,2.2,205.7,5.5,1,22.3,61,2,9.2,Mild,0,1,0,36.732142857142854
18,0,2.0,192.2,7.1,2,20.9,65,1,4.1,,2,0,0,26.694444444444446
35,1,2.7,255.6,5.0,3,26.4,71,0,3.7,Mild,4,0,1,50.11764705882353
22,0,1.2,116.0,7.9,2,22.5,61,1,9.9,,0,1,0,14.5
40,1,0.0,0.0,5.9,1,21.1,50,2,1.6,Mild,1,0,0,0.0
23,0,2.9,272.1,6.2,2,21.5,82,1,3.4,,2,0,0,43.1904761904762
53,1,2.5,238.9,6.6,2,23.9,52,1,0.1,Mild,0,0,0,35.65671641791045
25,0,0.4,40.3,8.8,0,24.3,65,1,7.7,,2,0,0,4.528089887640449
31,0,1.6,149.5,5.2,1,28.8,71,2,11.8,Mild,1,0,0,28.20754716981132
44,1,0.4,37.1,6.3,2,23.0,69,1,7.7,,1,0,0,5.796875000000001
20,1,3.1,290.4,6.7,2,26.3,72,1,4.3,,3,0,0,42.705882352941174
37,1,2.5,233.7,6.6,2,22.3,68,1,12.6,,3,0,0,34.88059701492538
50,0,2.7,260.6,6.7,2,20.3,72,1,7.3,,4,0,0,38.32352941176471
18,1,3.3,311.6,6.3,2,21.1,75,1,10.3,,3,0,0,48.68750000000001
37,0,4.1,393.7,6.7,2,15.0,85,1,14.8,,2,1,1,57.89705882352941
38,1,2.8,262.9,4.2,3,24.1,65,0,12.2,Mild,3,0,0,61.13953488372093
44,1,3.4,325.2,8.2,0,22.3,84,1,12.8,,2,0,1,39.18072289156627
20,1,5.2,496.7,6.1,2,23.1,69,1,1.8,,2,0,0,80.11290322580646
19,1,3.9,375.2,9.6,0,21.8,77,1,8.1,,4,0,0,38.680412371134025
41,0,2.8,268.6,6.2,2,24.2,73,1,15.0,,2,0,0,42.63492063492064
38,0,2.7,259.8,7.8,2,29.5,61,1,4.9,,3,0,0,32.88607594936709
38,1,1.3,119.3,5.9,1,26.6,55,2,0.6,Mild,3,0,0,19.883333333333333
39,0,1.5,145.4,6.8,2,20.5,74,1,0.5,,0,0,1,21.072463768115945
26,1,2.4,223.4,5.4,1,29.9,59,2,14.7,Mild,4,0,1,40.61818181818182
37,0,2.0,187.1,6.3,2,33.8,61,1,6.5,Mild,1,1,1,29.234375
38,1,5.3,506.2,5.3,1,23.9,69,2,4.3,Mild,1,0,1,93.74074074074075
26,0,3.1,290.6,7.1,2,23.6,82,1,7.7,,0,0,0,40.36111111111112
57,0,2.9,278.9,8.5,0,27.3,84,1,9.2,Mild,3,1,0,32.43023255813954
40,1,4.3,404.7,6.9,2,26.6,58,1,13.2,,4,0,0,57.81428571428571
20,0,2.8,263.6,10.0,0,22.3,50,1,6.6,,3,0,0,26.0990099009901
42,1,2.1,198.2,7.5,2,22.0,69,1,12.8,,0,0,0,26.07894736842105
23,1,2.9,274.3,5.4,1,22.2,64,2,3.9,Mild,1,0,0,49.872727272727275
44,1,3.1,295.4,9.4,0,29.0,87,1,8.2,,4,0,0,31.09473684210526
48,1,4.6,437.0,7.4,2,22.6,79,1,11.7,,3,0,0,58.266666666666666
25,1,0.5,44.1,5.3,1,24.0,61,2,6.6,Mild,2,0,0,8.166666666666668
46,1,1.4,132.2,6.8,2,28.0,57,1,4.2,,2,0,0,19.159420289855074
39,1,2.4,227.1,7.6,2,29.1,75,1,12.1,,2,1,1,29.493506493506494
44,1,3.9,371.1,7.1,2,20.4,65,1,12.1,,1,0,0,51.54166666666667
57,0,3.7,349.7,7.4,2,19.1,63,1,4.2,Mild,2,0,1,46.626666666666665
32,0,2.7,252.9,7.8,2,25.4,74,1,9.1,,2,0,0,32.01265822784811
25,1,4.0,382.8,5.7,1,24.4,61,2,3.7,Mild,0,0,0,66.0
24,1,1.5,141.5,7.4,2,27.0,73,1,13.4,,0,0,1,18.866666666666667
25,1,5.3,505.9,6.5,2,18.3,76,1,1.1,,0,1,0,76.65151515151516
34,0,1.2,118.4,6.5,2,22.7,57,1,5.7,,3,0,0,17.93939393939394
39,0,0.0,0.0,8.0,0,24.8,74,1,9.8,,2,0,0,0.0
38,1,3.4,323.7,6.7,2,20.1,71,1,12.9,,1,0,0,47.60294117647059
44,1,0.4,33.3,8.3,0,26.0,50,1,11.9,,2,0,0,3.964285714285714
35,1,1.7,165.0,7.1,2,28.8,73,1,10.3,,2,0,0,22.916666666666668
52,1,2.3,217.1,6.3,2,20.2,64,1,13.9,Mild,3,0,1,33.921875
31,0,3.1,296.6,6.7,2,27.2,67,1,0.4,,0,0,0,43.617647058823536
67,0,4.0,381.8,7.2,2,23.5,78,1,14.7,Mild,2,1,0,52.301369863013704
42,1,0.5,45.2,7.0,2,21.6,66,1,5.2,,4,1,0,6.366197183098592
24,0,0.8,77.1,6.3,2,22.2,86,1,11.2,,4,0,1,12.046875
22,1,7.6,723.9,6.0,2,27.7,50,1,4.2,,0,0,0,118.67213114754098
40,1,2.2,207.4,8.4,0,22.3,72,1,6.2,,0,0,0,24.400000000000002
32,0,0.0,3.3,7.8,2,22.5,61,1,13.1,,2,0,1,0.4177215189873418
43,0,1.0,93.8,7.3,2,28.1,63,1,6.7,,4,0,0,12.675675675675675
40,1,1.7,162.3,6.5,2,27.2,60,1,13.3,,1,1,1,24.590909090909093
34,1,2.5,238.2,6.9,2,22.2,77,1,8.2,,1,0,0,34.028571428571425
24,0,4.3,407.4,5.2,1,31.4,58,2,4.0,Moderate,4,0,0,76.86792452830188
18,0,5.0,470.3,6.0,2,27.5,88,1,7.3,,0,0,0,77.09836065573771
29,1,1.3,120.0,7.4,2,30.2,78,1,1.3,Mild,3,0,0,16.0
45,1,1.6,156.6,6.9,2,31.1,63,1,7.2,Mild,3,0,1,22.37142857142857
37,1,2.7,258.7,6.1,2,21.7,66,1,11.8,,1,0,1,41.725806451612904
20,0,1.4,134.0,5.3,1,21.3,79,2,1.0,Mild,0,0,1,24.814814814814817
37,0,4.3,407.5,6.2,2,16.7,74,1,3.5,,2,0,1,64.68253968253968
39,1,6.2,589.0,5.2,1,29.9,86,2,6.3,Mild,4,0,0,111.13207547169812
24,0,2.5,240.5,6.6,2,17.4,69,1,11.4,,1,0,1,35.8955223880597
36,0,3.0,284.3,6.9,2,25.1,81,1,11.3,,3,1,0,40.614285714285714
35,1,1.6,154.0,8.5,0,19.4,77,1,13.3,,3,0,1,17.906976744186046
21,1,3.0,285.3,7.7,2,23.5,78,1,2.2,,2,0,0,36.57692307692308
39,0,0.9,86.4,7.2,2,23.9,68,1,2.3,,2,1,0,11.835616438356166
41,0,1.1,102.3,9.3,0,31.2,75,1,10.0,Mild,3,0,0,10.882978723404255
47,0,0.0,0.0,7.5,2,26.6,65,1,2.7,,0,0,1,0.0
47,0,3.7,353.8,5.6,1,35.7,64,2,6.2,Moderate,3,1,0,62.0701754385965
18,1,4.6,435.4,6.1,2,24.8,74,1,8.1,,4,0,0,70.22580645161291
23,1,4.0,384.4,9.5,0,25.2,78,1,3.9,,0,0,1,40.041666666666664
41,0,2.6,250.9,5.7,1,19.6,71,2,10.4,Mild,2,0,0,43.258620689655174
41,1,2.0,192.9,6.3,2,21.3,57,1,12.9,,2,1,0,30.140625000000004
41,0,2.4,224.3,7.8,2,18.2,68,1,0.2,,2,1,0,28.392405063291143
80,0,1.0,92.2,5.8,1,23.8,73,2,4.3,Moderate,4,1,1,15.6271186440678
41,0,3.9,371.6,7.6,2,20.9,87,1,10.7,,2,0,0,48.25974025974027
48,1,4.1,386.9,7.8,2,22.4,80,1,4.1,,0,1,0,48.9746835443038
46,0,0.9,86.1,7.2,2,18.9,81,1,7.8,,2,0,1,11.794520547945204
42,0,1.1,104.4,8.8,0,20.9,50,1,11.3,,2,0,0,11.730337078651685
31,0,0.5,48.6,6.7,2,24.1,88,1,5.2,,3,1,1,7.147058823529412
44,1,2.1,201.2,7.8,2,16.1,75,1,11.8,,3,1,0,25.468354430379748
25,1,2.5,234.4,3.8,3,31.3,59,0,12.2,Moderate,4,0,0,60.1025641025641
32,1,2.6,247.0,7.4,2,29.4,58,1,14.9,,0,1,0,32.93333333333333
29,1,0.5,47.7,8.5,0,33.3,63,1,6.5,Mild,0,0,0,5.546511627906978
35,1,1.4,133.2,7.8,2,20.1,62,1,7.1,,3,0,1,16.860759493670887
62,0,1.4,133.4,6.3,2,22.0,73,1,11.7,Mild,0,0,0,20.843750000000004
18,0,3.6,341.7,4.7,3,32.3,65,0,13.0,Moderate,2,0,0,71.1875
43,0,1.0,95.6,8.2,0,31.1,73,1,7.6,Mild,4,1,1,11.518072289156628
18,0,2.6,245.2,5.6,1,22.1,69,2,0.3,Mild,3,0,0,43.01754385964912
29,1,1.4,136.5,5.9,1,19.3,80,2,6.9,Mild,2,0,0,22.75
48,0,2.2,210.2,6.4,2,31.4,70,1,3.4,Mild,3,0,1,32.33846153846154
35,1,3.9,372.2,7.2,2,21.1,55,1,1.5,,3,0,1,50.986301369863014
22,1,0.6,61.0,8.4,0,26.6,59,1,5.1,,4,1,0,7.176470588235294
26,0,0.0,0.0,9.4,0,26.4,75,1,5.9,,4,0,1,0.0
43,0,0.5,46.7,7.1,2,22.7,85,1,14.7,,3,0,0,6.4861111111111125
26,0,3.1,297.0,6.9,2,18.9,75,1,6.8,,2,0,1,42.42857142857143
37,1,0.7,66.9,7.5,2,28.3,91,1,14.5,,1,0,0,8.80263157894737
35,0,1.4,135.9,6.3,2,18.6,50,1,11.0,,2,1,0,21.234375000000004
27,1,3.2,302.2,7.4,2,18.0,73,1,3.8,,0,0,0,40.29333333333333
60,1,3.7,352.1,5.8,1,24.2,56,2,10.5,Moderate,3,1,0,59.67796610169493
42,0,4.0,384.7,7.8,2,18.5,78,1,6.0,,3,0,1,48.69620253164557
18,0,3.3,316.4,5.4,1,25.5,84,2,8.7,Mild,4,0,1,57.527272727272724
37,0,0.8,77.1,8.0,0,30.0,56,1,7.8,Mild,0,0,1,9.518518518518519
27,0,4.9,466.4,7.4,2,28.2,83,1,14.0,,1,0,0,62.18666666666666
45,0,1.1,103.1,5.0,1,30.8,89,2,1.9,Moderate,1,0,0,20.215686274509803
25,0,1.5,146.8,7.2,2,27.2,62,1,6.7,,4,0,1,20.10958904109589
33,0,2.5,236.7,8.6,0,22.8,88,1,1.2,,1,0,0,27.20689655172414
41,0,2.9,277.2,6.9,2,18.7,63,1,3.8,,3,0,0,39.6
45,0,4.7,442.5,6.5,2,19.4,74,1,1.2,,1,0,1,67.04545454545455
20,2,1.6,147.3,6.3,2,26.8,96,1,14.1,,1,0,0,23.015625000000004
30,1,3.1,291.7,7.2,2,27.0,66,1,4.7,,2,1,0,39.95890410958904
29,0,1.6,148.1,6.4,2,21.2,67,1,11.7,,1,0,0,22.784615384615385
27,0,4.9,466.6,6.9,2,23.2,71,1,11.2,,2,0,0,66.65714285714286
56,1,3.1,298.4,7.5,2,26.7,67,1,2.1,Mild,0,1,0,39.26315789473684
39,0,4.4,421.2,6.8,2,22.2,90,1,2.1,,2,0,1,61.04347826086957
19,1,0.8,73.2,8.3,0,31.2,71,1,5.7,Mild,0,0,0,8.714285714285714
46,0,1.7,157.5,7.3,2,25.2,89,1,8.5,,4,0,1,21.283783783783786
60,0,2.9,272.9,6.2,2,27.0,81,1,6.4,Mild,3,0,0,43.317460317460316
47,1,4.5,423.5,4.3,3,23.7,60,0,11.5,Mild,4,0,1,96.25000000000001
18,1,4.0,378.9,5.9,1,25.7,81,2,8.0,Mild,4,0,0,63.15
29,0,4.8,451.3,6.2,2,18.0,71,1,13.2,,4,0,1,71.63492063492063
50,1,4.5,428.6,7.1,2,23.9,72,1,8.9,,0,0,0,59.527777777777786
26,1,3.7,348.5,4.3,3,20.9,90,0,8.9,Mild,1,0,0,79.20454545454547
40,1,2.7,259.4,4.5,3,34.0,66,0,9.9,Moderate,2,0,0,56.391304347826086
44,0,0.8,78.6,4.7,3,24.7,69,0,9.0,Mild,4,0,0,16.375
23,0,0.0,0.0,7.0,2,23.3,86,1,9.2,,4,0,0,0.0
34,0,2.7,255.2,5.1,1,25.6,69,2,6.7,Mild,1,0,0,49.07692307692308
18,1,3.7,351.9,7.1,2,25.3,75,1,1.4,,4,0,0,48.875
22,0,0.0,0.0,6.6,2,24.0,66,1,5.5,,0,0,1,0.0
31,0,0.7,70.2,5.1,1,26.7,67,2,11.5,Mild,0,0,1,13.500000000000002
20,1,1.0,92.6,8.2,0,26.3,64,1,0.6,,1,0,0,11.156626506024097
54,0,2.2,210.8,6.7,2,24.3,58,1,10.4,Mild,0,0,0,31.000000000000004
18,0,2.7,252.2,8.0,2,30.1,64,1,14.7,Mild,4,0,0,31.135802469135804
29,0,4.1,391.6,6.5,2,17.6,75,1,6.5,,4,0,0,59.33333333333334
36,1,0.5,50.0,8.9,0,22.3,60,1,3.2,,3,0,0,5.555555555555555
52,1,3.0,286.6,7.4,2,22.4,69,1,0.3,Mild,3,1,0,38.21333333333334
18,1,0.4,39.8,5.4,1,23.9,80,2,12.8,Mild,1,0,0,7.236363636363635
48,1,3.8,356.6,5.9,1,22.9,72,2,2.2,Mild,4,0,1,59.43333333333334
35,0,1.8,168.9,6.0,2,21.8,93,1,0.6,,4,0,1,27.688524590163937
23,1,0.7,64.8,4.3,3,29.0,76,0,7.3,Mild,2,0,1,14.727272727272728
40,0,1.5,141.7,7.9,2,20.0,52,1,5.7,,0,1,0,17.7125
37,1,0.8,78.6,7.5,2,25.9,60,1,14.4,,1,0,0,10.342105263157894
27,1,2.6,250.6,8.4,0,21.9,50,1,6.9,,1,1,0,29.48235294117647
35,0,3.4,326.4,4.6,3,25.5,69,0,12.5,Mild,0,0,0,69.4468085106383
30,1,4.0,384.4,5.1,1,29.3,85,2,14.0,Mild,2,0,1,73.92307692307693
36,0,1.7,163.6,5.7,1,15.0,73,2,2.8,Mild,3,1,0,28.20689655172414
42,1,4.6,435.3,8.2,0,20.7,65,1,5.2,,2,0,0,52.44578313253013
54,1,2.5,234.0,8.4,0,20.7,87,1,13.8,Mild,3,0,0,27.529411764705884
20,0,4.4,417.8,4.9,3,23.4,63,0,8.3,Mild,3,0,1,83.56
60,0,2.3,215.1,7.2,2,27.7,78,1,4.8,Mild,2,0,1,29.465753424657535
18,1,2.2,204.6,7.5,2,31.4,63,1,7.8,Mild,1,1,0,26.92105263157895
33,1,3.4,319.9,6.4,2,27.6,76,1,11.0,,4,0,0,49.215384615384615
42,0,3.0,281.4,9.0,0,23.4,66,1,9.3,,1,0,1,30.923076923076923
38,0,1.7,158.5,3.9,3,21.9,59,0,14.0,Mild,4,0,1,39.625
27,0,4.2,402.1,4.1,3,30.1,56,0,14.4,Moderate,1,0,0,95.73809523809526
32,1,1.1,101.2,7.1,2,18.0,75,1,10.7,,2,0,1,14.055555555555557
29,2,3.4,319.9,5.1,1,25.6,80,2,10.0,Mild,2,1,0,61.519230769230774
27,1,3.3,313.7,7.7,2,28.8,77,1,0.2,,2,0,1,40.217948717948715
45,1,4.1,389.2,4.6,3,22.8,72,0,11.8,Mild,4,0,0,82.80851063829789
39,0,4.1,392.0,7.2,2,25.3,55,1,7.5,,1,0,1,53.6986301369863
26,1,2.2,211.6,6.7,2,18.6,72,1,13.1,,3,1,0,31.11764705882353
45,1,2.5,242.2,8.9,0,26.0,72,1,14.0,,1,0,1,26.91111111111111
38,1,2.4,232.6,5.7,1,24.3,91,2,5.5,Mild,1,0,0,40.10344827586207
44,1,5.1,486.2,8.2,0,26.2,67,1,13.6,,0,0,0,58.578313253012055
42,0,3.5,330.3,7.5,2,22.2,67,1,9.9,,1,0,0,43.46052631578948
25,0,4.1,386.2,5.3,1,19.6,74,2,6.4,Mild,3,1,0,71.51851851851852
28,1,2.1,201.7,5.6,1,28.4,70,2,0.8,Mild,1,0,0,35.385964912280706
43,0,0.8,76.9,8.3,0,28.5,69,1,11.1,,0,0,0,9.154761904761905
42,0,1.1,104.2,7.1,2,26.3,58,1,13.4,,0,0,0,14.472222222222223
34,0,4.0,381.8,6.3,2,25.6,76,1,8.7,,3,1,1,59.65625000000001
36,1,1.4,133.2,9.0,0,15.0,69,1,6.0,,1,1,1,14.637362637362637
50,2,7.3,692.8,6.9,2,28.8,60,1,6.8,,2,0,0,98.97142857142856
27,0,1.9,179.7,5.8,1,25.9,65,2,10.6,Mild,2,0,0,30.45762711864407
41,1,3.0,287.5,5.9,1,29.1,59,2,3.0,Mild,0,0,0,47.916666666666664
32,1,3.0,287.3,7.1,2,19.3,70,1,3.1,,3,0,0,39.902777777777786
32,1,2.8,263.1,6.9,2,26.6,85,1,5.2,,2,0,0,37.58571428571429
48,0,0.7,63.7,7.8,2,26.4,62,1,0.4,,0,0,0,8.063291139240507
44,1,2.9,272.8,7.6,2,15.0,70,1,10.0,,0,0,1,35.42857142857143
44,0,2.9,271.6,8.5,0,23.6,71,1,6.7,,1,0,1,31.581395348837212
50,1,2.1,194.8,6.2,2,24.0,84,1,13.4,,3,0,0,30.920634920634924
35,0,5.3,501.3,9.1,0,20.1,72,1,9.7,,2,0,1,54.489130434782616
43,1,0.0,0.7,8.1,0,25.9,58,1,10.6,,1,0,0,0.08536585365853659
31,0,0.2,22.1,7.3,2,24.9,95,1,10.1,,4,0,1,2.986486486486487
38,0,3.6,344.9,6.3,2,21.4,82,1,6.3,,3,0,0,53.890625
33,1,2.4,225.1,7.1,2,21.9,50,1,14.0,,0,1,1,31.263888888888893
36,1,1.2,112.1,4.7,3,17.3,73,0,13.7,Mild,1,0,0,23.354166666666668
42,1,2.8,265.3,6.5,2,25.8,82,1,7.2,,2,0,1,40.1969696969697
25,0,3.9,374.2,8.0,0,25.3,72,1,11.7,,0,0,0,46.19753086419753
60,0,0.1,5.1,6.5,2,23.5,73,1,14.8,Mild,0,0,0,0.7727272727272727
22,1,3.6,340.5,4.2,3,22.9,71,0,5.0,Mild,2,0,1,79.18604651162791
20,1,3.0,284.6,5.0,3,27.0,66,0,9.4,Mild,4,0,1,55.80392156862746
48,1,2.2,204.8,6.3,2,24.6,58,1,8.5,,3,0,0,32.00000000000001
44,0,2.9,272.5,7.0,2,27.3,67,1,8.1,,3,0,0,38.38028169014085
42,0,2.9,274.9,5.6,1,24.8,50,2,14.0,Mild,0,0,0,48.228070175438596
42,0,3.3,315.9,4.9,3,27.7,89,0,1.9,Mild,1,0,0,63.17999999999999
34,1,1.0,97.1,6.0,1,27.4,70,2,7.7,Mild,4,0,0,15.918032786885245
24,1,4.1,392.5,8.7,0,27.8,59,1,0.4,,4,0,1,44.602272727272734
35,0,4.0,378.9,9.6,0,21.6,72,1,4.6,,0,0,1,39.06185567010309
26,1,4.0,383.1,7.0,2,26.7,84,1,10.1,,1,0,0,53.95774647887325
46,0,0.0,0.0,7.3,2,24.0,76,1,11.7,,2,0,1,0.0
33,1,4.2,400.6,7.7,2,23.5,61,1,12.8,,2,0,1,51.358974358974365
25,1,1.9,184.9,5.1,1,22.1,67,2,1.1,Mild,0,0,0,35.557692307692314
31,0,3.3,313.1,5.8,1,25.3,80,2,2.8,Mild,1,1,0,53.0677966101695
39,2,0.0,0.0,4.5,3,16.2,62,0,6.0,Mild,4,0,0,0.0
28,0,1.5,140.1,7.3,2,25.4,74,1,5.7,,4,0,1,18.93243243243243
25,1,3.8,357.3,6.4,2,25.4,66,1,3.8,,4,1,0,54.96923076923077
37,1,3.3,312.5,5.6,1,28.3,70,2,14.1,Mild,3,0,0,54.82456140350878
37,0,0.9,83.6,9.2,0,24.5,81,1,8.0,,4,0,0,8.989247311827958
28,0,3.5,334.4,8.0,2,29.5,65,1,9.9,,2,1,1,41.28395061728395
29,0,1.3,121.2,6.8,2,22.4,53,1,11.2,,1,0,0,17.56521739130435
37,1,2.1,199.6,5.7,1,22.0,93,2,8.2,Mild,4,1,0,34.41379310344828
18,0,0.7,70.8,7.3,2,30.4,67,1,12.5,Mild,0,0,0,9.567567567567568
18,0,3.0,286.4,6.7,2,21.7,74,1,14.8,,0,1,0,42.11764705882353
26,0,4.1,392.4,5.8,1,15.1,93,2,5.9,Mild,2,0,0,66.50847457627118
32,0,3.8,363.6,5.3,1,30.5,77,2,9.7,Moderate,4,0,1,67.33333333333334
38,1,1.1,108.2,7.1,2,30.8,69,1,4.8,Mild,2,0,0,15.02777777777778
52,0,2.4,230.9,6.9,2,23.4,71,1,1.0,Mild,2,0,0,32.98571428571429
45,0,0.1,13.4,5.7,1,23.8,89,2,0.4,Mild,2,1,0,2.310344827586207
33,0,4.5,431.9,4.0,3,22.0,81,0,3.5,Mild,3,0,0,105.34146341463415
34,0,2.5,240.2,6.2,2,31.5,66,1,2.4,Mild,4,0,1,38.12698412698413
22,0,3.5,330.1,4.8,3,30.2,80,0,10.8,Moderate,0,0,0,67.36734693877553
34,0,2.8,265.9,5.6,1,21.8,65,2,7.0,Mild,3,0,1,46.64912280701755
31,1,1.6,148.3,6.1,2,24.6,73,1,8.1,,2,1,0,23.919354838709683
38,1,1.7,158.6,7.3,2,31.2,77,1,1.2,Mild,0,0,0,21.43243243243243
25,1,3.2,302.4,5.8,1,32.2,64,2,0.3,Moderate,2,0,1,51.25423728813559
41,1,5.0,470.8,6.6,2,25.7,67,1,6.5,,3,1,1,70.26865671641792
53,1,2.0,188.6,5.6,1,26.3,65,2,3.8,Moderate,1,0,0,33.08771929824562
33,1,4.3,404.8,6.8,2,24.2,60,1,9.3,,2,0,0,58.66666666666667
39,1,3.9,369.0,6.0,2,22.1,72,1,7.7,,2,0,0,60.49180327868853
43,1,2.0,192.0,7.0,2,26.9,70,1,12.4,,0,0,1,27.042253521126764
30,1,4.2,394.3,7.9,2,30.9,74,1,12.6,Mild,0,1,0,49.2875
37,1,4.0,382.7,6.2,2,21.0,75,1,8.1,,2,0,0,60.74603174603175
35,0,0.0,0.0,6.8,2,25.4,64,1,13.6,,4,1,0,0.0
36,0,3.6,337.5,7.0,2,25.2,80,1,14.0,,0,0,0,47.53521126760564
25,1,4.4,420.0,7.0,2,19.2,73,1,3.7,,1,0,0,59.15492957746479
35,0,0.7,71.1,4.0,3,24.7,55,0,14.7,Mild,1,0,0,17.341463414634145
40,0,0.5,50.3,5.5,1,23.9,73,2,14.8,Mild,2,0,1,8.982142857142858
52,1,2.8,267.1,6.9,2,22.8,64,1,1.0,Mild,0,1,1,38.15714285714286
46,0,4.9,462.5,8.2,0,30.2,50,1,0.0,Mild,1,1,0,55.72289156626507
60,0,0.9,82.5,5.1,1,22.9,88,2,0.9,Moderate,3,1,0,15.865384615384617
25,0,0.1,12.7,6.3,2,21.0,51,1,5.2,,1,0,1,1.984375
45,1,1.8,172.9,7.0,2,27.3,61,1,12.1,,0,1,0,24.35211267605634
37,0,1.6,153.0,5.6,1,25.7,68,2,7.6,Mild,2,0,0,26.842105263157897
61,1,0.0,0.0,7.6,2,24.9,71,1,4.4,Mild,1,1,1,0.0
25,0,1.6,154.3,7.6,2,27.4,72,1,0.8,,2,0,0,20.03896103896104
24,2,3.0,287.2,7.1,2,24.1,67,1,5.9,,3,0,0,39.88888888888889
27,0,5.3,502.0,6.4,2,23.3,56,1,0.5,,1,1,1,77.23076923076923
18,0,3.3,317.5,5.3,1,21.6,76,2,2.6,Mild,2,0,0,58.796296296296305
28,1,3.7,352.4,6.1,2,28.0,61,1,13.2,,1,0,1,56.83870967741936
25,2,0.9,82.4,8.4,0,30.3,75,1,11.4,Mild,1,0,0,9.694117647058825
36,0,2.4,224.0,7.1,2,33.9,77,1,14.9,Mild,0,0,1,31.111111111111114
39,1,2.2,206.1,3.9,3,27.3,71,0,13.4,Mild,0,0,0,51.525
57,0,3.0,283.9,7.5,2,31.7,60,1,12.8,Moderate,4,0,0,37.35526315789473
46,1,3.4,322.5,7.0,2,22.0,67,1,2.6,,0,0,0,45.42253521126761
28,1,3.9,373.3,6.0,1,21.0,90,2,9.7,Mild,0,1,0,61.196721311475414
24,0,2.5,242.0,6.4,2,19.8,69,1,9.0,,4,0,1,37.23076923076923
40,1,1.7,163.0,6.0,2,24.6,55,1,13.8,,4,1,1,26.721311475409838
19,0,4.3,411.9,6.4,2,23.2,78,1,11.7,,1,0,0,63.36923076923077
56,1,3.6,340.8,6.5,2,31.3,64,1,11.6,Moderate,1,0,0,51.63636363636364
49,1,3.4,325.6,6.2,2,23.0,83,1,4.9,,1,0,0,51.68253968253969
29,0,2.4,231.9,6.9,2,23.3,50,1,1.9,,0,0,1,33.128571428571426
18,1,4.3,410.8,6.2,2,27.9,75,1,5.5,,2,1,0,65.20634920634922
51,0,0.6,58.4,8.1,0,29.0,90,1,3.1,Mild,2,0,0,7.121951219512195
33,0,3.8,364.8,7.4,2,26.7,79,1,10.9,,0,1,0,48.64
49,0,3.8,364.0,4.8,3,27.7,78,0,6.9,Mild,3,0,0,74.28571428571429
18,0,1.1,109.1,7.3,2,27.7,62,1,3.5,,1,0,0,14.743243243243244
27,0,1.5,140.5,6.4,2,32.5,60,1,9.9,Mild,0,0,0,21.615384615384617
35,1,0.6,54.4,5.8,1,17.1,65,2,1.0,Mild,3,1,0,9.220338983050848
35,0,3.3,310.2,6.9,2,22.0,77,1,13.8,,1,0,1,44.31428571428571
29,1,0.0,0.0,7.5,2,30.7,67,1,8.7,Mild,4,0,1,0.0
42,0,2.8,269.3,9.9,0,24.2,55,1,6.9,,0,0,0,26.93
22,0,1.4,128.7,4.1,3,27.5,77,0,3.7,Mild,3,1,0,30.642857142857146
33,0,1.0,97.2,6.3,2,15.0,71,1,8.2,,2,0,1,15.187500000000002
36,0,0.0,0.0,10.0,0,21.5,73,1,4.3,,0,0,0,0.0
41,0,1.2,111.2,5.9,1,17.1,66,2,5.9,Mild,2,0,0,18.533333333333335
43,0,4.6,441.2,6.7,2,21.6,72,1,13.3,,3,0,1,64.88235294117646
21,0,1.4,135.0,7.0,2,23.0,76,1,2.9,,0,1,0,19.014084507042256
18,1,3.1,297.3,6.6,2,25.5,67,1,5.2,,0,1,0,44.37313432835821
50,1,0.9,82.0,6.2,2,29.6,61,1,9.8,,0,1,0,13.015873015873016
38,1,4.0,383.7,5.8,1,27.2,58,2,10.9,Mild,0,0,0,65.03389830508475
26,0,3.4,323.7,6.9,2,26.8,71,1,1.7,,4,0,0,46.24285714285714
53,1,2.2,205.0,6.4,2,22.4,72,1,14.0,Mild,0,0,0,31.53846153846154
36,1,2.8,270.5,6.9,2,19.5,79,1,0.4,,3,0,0,38.642857142857146
49,1,3.0,282.8,7.1,2,23.7,78,1,1.0,,3,0,1,39.277777777777786
35,0,1.0,94.9,8.0,0,20.9,70,1,11.4,,4,0,1,11.71604938271605
59,0,1.3,121.6,8.1,0,20.5,72,1,11.6,Mild,0,0,0,14.829268292682928
56,1,3.9,368.3,6.6,2,18.4,89,1,10.0,Mild,0,0,1,54.97014925373135
32,1,4.8,457.9,4.9,3,24.4,78,0,7.8,Mild,1,1,0,91.58
46,1,2.7,258.4,8.1,0,24.8,73,1,4.3,,1,0,0,31.51219512195122
42,1,3.5,336.2,6.9,2,29.0,61,1,12.6,,2,0,0,48.028571428571425
51,1,4.3,409.1,7.4,2,29.2,67,1,10.5,Mild,4,0,0,54.54666666666667
23,0,2.0,191.2,7.3,2,26.7,55,1,14.5,,1,0,1,25.83783783783784
43,2,2.4,226.6,6.4,2,35.5,74,1,6.8,Mild,3,1,1,34.86153846153846
47,1,3.6,339.3,6.1,2,21.7,64,1,7.1,,3,0,0,54.72580645161291
18,1,5.8,548.6,8.1,0,22.8,62,1,11.9,,3,0,0,66.90243902439025
20,1,3.6,344.3,6.6,2,23.3,75,1,14.9,,4,0,0,51.388059701492544
18,1,3.0,280.8,6.5,2,23.1,82,1,13.4,,3,0,0,42.54545454545455
31,1,1.6,153.8,5.8,1,17.6,64,2,4.5,Mild,1,0,1,26.067796610169495
43,1,2.4,229.2,6.4,2,21.8,67,1,14.3,,1,0,0,35.26153846153846
53,1,3.5,335.5,7.7,2,25.8,68,1,3.0,Mild,2,0,0,43.01282051282051
35,0,3.4,320.3,6.6,2,28.6,85,1,6.3,,2,0,1,47.80597014925374
54,0,1.6,152.1,8.4,0,19.0,59,1,13.3,Mild,4,0,0,17.894117647058824
18,0,4.5,424.2,6.8,2,19.5,50,1,4.7,,2,1,1,61.47826086956522
18,1,4.5,424.3,6.5,2,20.3,76,1,5.3,,4,0,0,64.2878787878788
34,0,2.3,221.7,6.2,2,26.1,50,1,14.9,,0,1,1,35.19047619047619
39,0,2.9,277.4,6.7,2,20.4,61,1,6.8,,2,0,0,40.79411764705882
34,1,1.5,146.2,5.8,1,18.7,90,2,14.2,Mild,4,0,0,24.779661016949152
18,1,1.3,122.3,7.6,2,18.6,69,1,4.1,,1,0,1,15.883116883116884
33,0,3.0,287.0,6.5,2,23.2,75,1,7.5,,2,0,0,43.484848484848484
19,1,1.3,126.3,6.6,2,24.2,79,1,5.7,,2,0,0,18.850746268656717
43,1,3.5,329.9,6.2,2,27.5,56,1,8.5,,4,0,1,52.36507936507936
39,0,1.9,180.9,7.6,2,27.0,73,1,13.5,,0,0,0,23.493506493506498
23,0,4.1,387.1,5.7,1,28.5,54,2,14.9,Mild,2,0,0,66.74137931034484
28,1,2.4,225.3,7.9,2,24.1,63,1,7.5,,4,0,1,28.1625
22,0,0.0,0.0,6.5,2,20.8,69,1,2.6,,0,0,0,0.0
34,0,1.9,184.5,7.5,2,25.3,61,1,0.8,,4,0,0,24.276315789473685
46,1,2.7,252.7,6.1,2,19.0,70,1,2.4,,0,0,0,40.75806451612903
23,0,0.0,0.0,6.4,2,26.1,78,1,11.2,,3,1,1,0.0
41,1,0.0,3.7,8.8,0,25.7,61,1,8.9,,2,0,1,0.4157303370786517
28,1,2.2,210.8,7.5,2,29.1,76,1,11.2,,3,1,1,27.73684210526316
25,0,4.0,380.7,6.6,2,28.1,61,1,14.3,,4,0,1,56.820895522388064
33,1,3.4,327.5,4.8,3,26.3,83,0,10.6,Mild,3,1,1,66.83673469387756
22,1,2.5,235.4,7.2,2,17.3,78,1,11.7,,0,0,0,32.24657534246575
28,1,1.2,116.0,8.1,0,22.4,77,1,6.4,,1,0,0,14.146341463414636
20,0,1.1,109.1,7.1,2,26.7,79,1,7.7,,3,0,1,15.152777777777779
58,0,3.5,330.0,6.5,2,30.1,92,1,12.3,Moderate,4,0,0,50.0
35,1,2.8,265.7,6.8,2,26.9,73,1,9.6,,2,0,0,38.507246376811594
26,0,3.8,359.3,7.0,2,18.9,62,1,8.0,,3,1,0,50.605633802816904
37,1,4.3,409.1,5.7,1,30.9,78,2,3.3,Moderate,3,0,1,70.5344827586207
33,0,1.8,172.8,6.7,2,24.6,72,1,9.0,,1,1,0,25.411764705882355
32,1,3.2,300.2,6.7,2,26.3,73,1,4.4,,4,0,1,44.14705882352941
42,0,3.4,319.0,7.7,2,26.6,74,1,8.9,,3,0,1,40.8974358974359
44,2,1.5,138.1,4.2,3,21.6,53,0,7.0,Mild,2,0,0,32.116279069767444
28,0,1.5,145.6,8.0,2,20.9,61,1,1.5,,0,0,0,17.97530864197531
28,1,3.6,340.5,4.6,3,25.2,57,0,12.9,Mild,2,0,0,72.4468085106383
31,0,2.5,237.7,5.8,1,21.0,94,2,8.7,Mild,3,0,1,40.28813559322034
18,1,1.2,113.1,6.8,2,22.0,90,1,13.5,,3,0,0,16.391304347826086
18,0,1.3,120.8,7.7,2,22.9,94,1,13.9,,1,1,1,15.487179487179487
51,1,0.6,54.6,8.2,0,16.9,87,1,7.8,Mild,4,0,0,6.578313253012049
54,1,2.0,186.4,5.9,1,26.9,70,2,10.2,Moderate,1,0,1,31.066666666666666
32,1,1.0,90.9,7.6,2,29.1,59,1,13.4,,2,0,1,11.805194805194807
41,1,2.7,252.1,5.6,1,26.4,72,2,10.2,Mild,4,0,0,44.2280701754386
38,0,5.9,562.6,4.8,3,16.2,91,0,3.7,Mild,1,0,0,114.81632653061226
71,0,3.2,303.1,8.4,0,25.8,74,1,3.9,Mild,3,1,0,35.65882352941177
48,0,4.1,389.6,8.2,0,28.7,72,1,6.3,,4,0,1,46.939759036144586
33,0,3.1,294.6,6.2,2,22.4,73,1,0.6,,0,0,1,46.761904761904766
23,0,0.0,2.5,5.3,1,25.4,70,2,5.6,Mild,0,0,0,0.462962962962963
18,1,2.7,255.5,5.3,1,26.5,70,2,2.2,Mild,2,0,0,47.31481481481482
37,1,1.5,140.2,8.1,0,20.9,67,1,12.4,,1,0,0,17.097560975609756
25,1,1.3,120.0,7.3,2,20.7,84,1,11.7,,2,0,0,16.216216216216218
18,1,2.2,205.2,5.4,1,16.2,61,2,2.6,Mild,0,0,0,37.309090909090905
27,1,3.4,327.4,6.7,2,21.9,73,1,4.3,,3,1,0,48.14705882352941
22,1,2.0,194.0,5.8,1,20.6,66,2,8.5,Mild,3,0,1,32.88135593220339
55,1,3.8,359.9,4.6,3,23.1,60,0,3.7,Moderate,3,0,0,76.57446808510639
45,1,2.8,263.6,5.3,1,27.8,65,2,0.8,Mild,3,0,0,48.814814814814824
34,0,3.0,282.7,7.8,2,27.3,62,1,11.5,,3,1,0,35.78481012658228
52,1,2.4,229.1,4.6,3,19.4,59,0,1.4,Moderate,0,0,0,48.74468085106383
35,0,4.4,420.7,6.2,2,22.8,75,1,10.2,,4,0,0,66.77777777777777
24,0,1.4,137.6,5.5,1,24.5,85,2,2.2,Mild,3,0,0,24.571428571428573
53,0,1.5,145.7,8.2,0,15.0,61,1,0.1,Mild,4,0,0,17.55421686746988
41,1,2.0,192.2,6.5,2,23.8,66,1,8.4,,3,0,1,29.12121212121212
22,1,3.3,309.1,7.7,2,23.1,68,1,4.3,,2,1,0,39.62820512820513
32,1,3.5,328.3,5.6,1,23.1,74,2,2.0,Mild,1,0,0,57.596491228070185
24,1,1.7,157.7,7.0,2,25.3,73,1,10.3,,4,0,1,22.211267605633804
18,1,3.8,365.3,5.6,1,19.5,78,2,9.7,Mild,1,0,0,64.08771929824563
46,0,1.0,97.8,5.2,1,26.0,58,2,6.2,Mild,0,0,1,18.452830188679247
57,0,3.6,339.1,5.4,1,24.7,55,2,1.3,Moderate,2,0,0,61.654545454545456
18,0,3.0,288.5,6.0,2,30.0,62,1,7.0,,3,0,0,47.295081967213115
41,1,2.5,240.0,5.1,1,24.0,64,2,1.6,Mild,3,0,0,46.15384615384616
27,1,3.2,304.9,7.5,2,29.7,66,1,14.9,,0,0,0,40.118421052631575
29,0,2.3,220.5,5.6,1,30.1,60,2,3.5,Moderate,4,0,1,38.684210526315795
27,1,2.9,273.9,7.8,2,25.5,71,1,0.0,,3,0,0,34.67088607594937
24,0,6.1,580.4,5.2,1,23.7,76,2,3.3,Mild,4,0,1,109.50943396226415
35,0,3.8,364.9,6.0,1,21.3,80,2,9.3,Mild,3,0,1,59.81967213114754
25,1,1.7,160.2,5.8,1,25.2,62,2,14.6,Mild,4,0,0,27.152542372881356
38,1,2.0,194.0,6.7,2,31.2,71,1,7.9,Mild,1,0,0,28.529411764705884
34,1,4.3,409.7,5.4,1,25.2,82,2,6.7,Mild,4,0,0,74.49090909090908
32,1,1.9,181.2,5.6,1,25.5,53,2,14.9,Mild,0,0,0,31.789473684210527
24,1,5.1,479.9,8.0,0,30.2,66,1,2.5,Mild,3,0,0,59.24691358024691
28,1,3.6,346.6,7.9,2,31.4,58,1,3.0,Mild,2,0,0,43.325
44,1,0.5,44.3,9.3,0,24.0,73,1,5.7,,4,0,0,4.712765957446808
41,0,3.8,361.2,6.3,2,25.7,90,1,11.2,,2,0,0,56.4375
23,0,0.0,0.0,4.7,3,20.6,63,0,4.5,Mild,4,0,1,0.0
36,1,2.0,187.9,6.6,2,25.0,84,1,7.0,,1,0,1,28.04477611940299
44,0,3.8,359.4,5.5,1,26.2,81,2,14.1,Mild,2,0,1,64.17857142857143
18,0,0.0,0.0,6.4,2,24.0,70,1,13.1,,0,0,1,0.0
41,0,5.5,526.7,6.1,2,21.5,68,1,14.2,,2,1,1,84.95161290322582
27,0,4.0,375.5,8.5,0,20.8,66,1,2.5,,4,0,0,43.66279069767442
41,1,1.0,98.0,7.0,2,27.8,87,1,7.2,,0,0,1,13.802816901408452
25,1,4.8,454.1,8.8,0,25.8,64,1,10.7,,1,0,0,51.02247191011236
18,0,0.0,0.0,6.2,2,24.3,74,1,11.0,,2,0,0,0.0
18,0,1.0,93.9,8.6,0,18.7,62,1,8.3,,0,0,1,10.793103448275863
35,0,0.4,35.8,7.1,2,23.9,54,1,12.3,,2,1,0,4.972222222222222
38,2,0.0,0.0,4.5,3,22.7,61,0,0.6,Mild,1,0,0,0.0
24,0,2.0,190.0,6.9,2,18.4,86,1,3.0,,1,0,1,27.142857142857142
42,1,2.8,264.7,7.4,2,28.0,84,1,4.9,,1,0,0,35.29333333333333
18,1,2.7,260.5,4.6,3,27.0,66,0,10.9,Mild,1,0,0,55.425531914893625
34,1,2.7,256.1,6.3,2,24.8,98,1,13.5,,0,0,1,40.01562500000001
20,0,2.6,245.0,6.0,1,18.0,85,2,7.9,Mild,0,0,1,40.16393442622951
27,0,0.7,69.1,8.1,0,27.6,63,1,10.6,,1,0,0,8.426829268292684
35,0,1.7,165.9,6.2,2,24.8,68,1,8.9,,4,0,1,26.333333333333336
24,0,0.0,0.0,6.5,2,24.6,67,1,13.9,,0,0,1,0.0
30,0,4.1,391.3,5.3,1,24.8,65,2,13.5,Mild,1,0,0,72.46296296296298
47,0,2.6,251.0,5.5,1,21.0,77,2,12.1,Mild,0,0,0,44.82142857142858
28,0,2.6,247.2,5.4,1,24.1,74,2,4.2,Mild,2,0,1,44.945454545454545
45,1,3.7,348.6,5.0,1,28.5,77,2,5.6,Mild,4,0,0,68.3529411764706
21,0,3.8,358.8,4.9,3,17.9,77,0,6.2,Mild,1,0,1,71.76
41,0,2.0,186.0,8.5,0,28.0,74,1,0.1,,4,0,0,21.627906976744185
52,1,2.3,220.8,8.3,0,25.6,62,1,3.5,Mild,0,0,0,26.285714285714285
18,1,4.8,460.7,7.6,2,26.4,70,1,10.7,,0,0,0,59.83116883116884
25,0,1.6,154.1,6.8,2,23.3,70,1,8.2,,2,0,0,22.333333333333336
41,1,4.8,459.4,5.8,1,23.4,70,2,14.4,Mild,1,0,1,77.86440677966102
32,1,2.0,187.6,7.3,2,18.8,78,1,0.4,,1,0,0,25.35135135135135
39,1,0.0,0.0,8.8,0,22.6,69,1,5.7,,3,0,0,0.0
27,0,2.6,250.3,6.9,2,25.3,86,1,10.6,,2,0,1,35.75714285714286
36,0,2.0,186.5,6.2,2,30.0,69,1,2.0,,4,0,0,29.603174603174605
33,1,0.5,45.4,7.6,2,25.0,85,1,7.5,,1,0,0,5.896103896103896
49,1,2.4,226.0,10.0,0,18.6,69,1,0.2,,3,0,0,22.37623762376238
38,2,1.8,168.3,5.8,1,23.8,73,2,2.7,Mild,4,0,1,28.525423728813564
39,0,5.3,504.5,5.0,3,21.7,75,0,14.1,Mild,0,1,0,98.92156862745098
30,0,4.0,375.5,7.9,2,23.7,57,1,9.0,,0,0,0,46.9375
29,1,1.1,100.5,8.1,0,24.4,55,1,11.4,,2,0,0,12.256097560975611
29,1,1.4,132.0,5.5,1,31.9,73,2,1.5,Moderate,0,1,0,23.571428571428573
39,1,4.0,380.1,6.8,2,25.5,60,1,3.5,,0,1,0,55.08695652173914
29,0,4.3,410.3,5.9,1,25.5,77,2,2.9,Mild,3,0,0,68.38333333333334
38,1,2.0,190.0,5.2,1,25.9,86,2,4.1,Mild,4,0,0,35.84905660377358
59,1,1.8,169.0,5.3,1,21.6,62,2,3.9,Moderate,4,0,1,31.296296296296298
45,1,2.3,219.4,6.0,1,30.1,68,2,8.5,Moderate,3,1,0,35.9672131147541
31,1,2.9,278.8,6.8,2,25.5,50,1,10.6,,4,0,0,40.40579710144928
49,0,3.6,340.9,7.3,2,23.0,51,1,8.2,,4,1,1,46.067567567567565
30,1,3.7,348.3,6.0,1,26.4,77,2,4.5,Mild,2,0,0,57.09836065573771
18,0,0.9,87.1,6.5,2,29.6,70,1,10.4,,1,1,1,13.196969696969697
22,0,2.0,186.2,7.4,2,25.4,62,1,8.3,,4,0,0,24.826666666666664
18,1,0.0,0.0,6.6,2,24.0,50,1,9.6,,4,1,1,0.0
30,0,2.5,234.1,6.3,2,24.2,66,1,3.2,,4,0,0,36.578125
35,0,0.4,39.7,8.3,0,27.0,71,1,14.4,,0,0,1,4.726190476190476
55,0,1.4,133.2,6.3,2,25.9,83,1,4.9,Mild,3,1,0,20.8125
38,1,4.2,394.8,5.6,1,25.0,68,2,5.5,Mild,2,1,0,69.26315789473685
32,1,3.1,293.1,5.8,1,23.3,98,2,8.1,Mild,0,1,0,49.67796610169492
44,1,3.0,287.2,6.3,2,25.2,66,1,0.7,,3,0,0,44.875
18,0,2.5,237.8,8.2,0,18.4,59,1,2.9,,2,0,0,28.65060240963856
37,0,4.6,437.5,6.8,2,29.1,88,1,12.2,,0,0,1,63.40579710144928
44,0,1.6,148.0,6.6,2,24.4,84,1,11.9,,2,0,1,22.08955223880597
18,1,2.7,260.8,6.5,2,19.8,85,1,2.1,,4,1,1,39.515151515151516
48,1,2.7,253.2,7.5,2,22.8,89,1,8.8,,0,0,0,33.31578947368421
39,0,2.0,187.8,6.6,2,27.2,77,1,1.0,,0,0,0,28.02985074626866
30,1,5.7,542.2,6.0,1,30.2,66,2,1.1,Moderate,1,0,0,88.88524590163935
42,0,0.7,63.5,7.3,2,26.1,51,1,12.0,,4,1,0,8.581081081081082
62,1,0.0,0.0,6.1,2,26.7,68,1,7.1,Mild,4,0,1,0.0
37,1,2.7,252.9,8.9,0,22.6,61,1,13.9,,0,1,1,28.1
37,1,1.6,151.6,9.0,0,31.8,69,1,7.2,Mild,0,0,0,16.65934065934066
29,1,0.0,0.0,7.1,2,23.3,50,1,12.1,,3,0,0,0.0
24,1,3.1,291.1,6.4,2,24.3,54,1,9.6,,1,0,0,44.784615384615385
44,1,2.9,272.0,5.5,1,24.4,75,2,6.5,Mild,0,0,1,48.57142857142858
24,1,4.2,397.4,6.5,2,30.5,75,1,8.3,Mild,2,1,0,60.21212121212121
35,1,1.7,158.3,5.6,1,25.5,66,2,14.0,Mild,3,0,0,27.771929824561408
29,1,0.0,0.0,6.8,2,27.4,54,1,1.1,,0,0,0,0.0
40,0,1.1,103.8,7.7,2,22.0,72,1,7.9,,4,1,0,13.307692307692308
39,1,0.0,0.0,8.2,0,25.9,65,1,0.8,,1,0,0,0.0
47,0,4.7,450.8,8.0,0,22.0,66,1,8.3,,3,0,0,55.65432098765432
28,0,4.0,380.8,7.0,2,21.8,83,1,9.1,,2,0,0,53.633802816901415
31,0,4.4,420.4,5.3,1,26.7,86,2,12.1,Mild,3,0,0,77.85185185185186
23,0,3.5,332.5,8.2,0,22.9,76,1,12.0,,1,0,0,40.06024096385543
29,1,0.4,37.9,8.1,0,21.5,73,1,0.2,,1,0,0,4.621951219512195
39,0,1.9,179.9,6.2,2,29.0,84,1,1.1,,3,0,0,28.555555555555557
44,0,3.7,350.4,5.3,1,20.9,70,2,10.3,Mild,2,0,0,64.88888888888889
23,0,0.0,0.0,7.2,2,31.7,63,1,2.7,Mild,3,0,0,0.0
45,1,3.2,300.3,8.1,0,28.3,71,1,7.9,,4,0,0,36.6219512195122
51,1,3.7,348.4,5.9,1,30.9,80,2,3.5,Severe,3,0,0,58.06666666666666
39,1,5.9,560.0,6.3,2,21.3,75,1,12.5,,0,0,0,87.50000000000001
57,0,3.9,373.7,7.1,2,26.8,50,1,10.2,Mild,0,0,0,51.90277777777778
25,0,3.2,305.2,4.8,3,24.9,82,0,6.5,Mild,2,0,1,62.28571428571429
20,1,2.5,241.6,5.9,1,27.8,75,2,3.4,Mild,0,0,0,40.266666666666666
18,0,3.3,314.9,8.5,0,21.8,75,1,9.9,,0,1,0,36.616279069767444
52,0,3.4,324.5,4.2,3,28.4,80,0,5.3,Moderate,3,0,1,75.46511627906978
42,1,0.0,0.0,8.4,0,26.5,68,1,8.8,,3,0,0,0.0
34,0,2.8,267.9,8.0,0,23.4,74,1,10.0,,1,0,1,33.074074074074076
38,0,0.0,0.0,7.5,2,18.0,78,1,2.1,,0,0,0,0.0
21,1,0.0,0.0,7.2,2,28.0,75,1,0.7,,0,0,1,0.0
64,0,2.6,243.5,4.6,3,23.5,62,0,7.4,Moderate,1,0,0,51.80851063829788
36,1,3.2,305.7,7.1,2,20.8,69,1,2.4,,1,0,0,42.458333333333336
36,0,0.5,48.6,6.4,2,22.2,64,1,1.3,,2,0,0,7.476923076923077
43,0,4.1,393.4,7.8,2,26.6,70,1,1.3,,1,0,0,49.79746835443038
40,0,4.8,454.0,6.7,2,23.4,85,1,10.5,,1,0,0,66.76470588235294
37,1,3.7,352.3,4.6,3,24.6,82,0,13.6,Mild,0,0,0,74.95744680851065
25,1,2.5,233.7,5.7,1,25.1,79,2,14.0,Mild,4,0,0,40.293103448275865
40,1,3.0,281.1,4.7,3,20.1,58,0,14.0,Mild,2,0,1,58.56250000000001
57,0,2.7,253.6,5.0,1,26.4,67,2,10.1,Moderate,2,0,0,49.72549019607843
51,1,2.8,268.0,7.6,2,26.6,50,1,13.9,Mild,3,0,0,34.80519480519481
54,0,1.0,91.6,6.6,2,32.5,71,1,2.0,Moderate,2,0,0,13.671641791044777
28,1,1.9,184.4,5.8,1,26.7,68,2,9.0,Mild,1,0,1,31.2542372881356
23,1,2.6,246.0,6.6,2,25.4,68,1,11.4,,2,1,0,36.71641791044777
33,1,3.0,285.5,6.1,2,17.4,83,1,14.1,,2,0,0,46.0483870967742
35,0,3.4,321.5,6.7,2,26.7,65,1,4.9,,3,0,1,47.279411764705884
48,0,1.0,95.2,9.4,0,31.4,75,1,8.8,Mild,3,0,1,10.021052631578948
18,1,2.2,212.9,6.6,2,21.9,85,1,6.1,,2,0,0,31.776119402985078
53,1,2.1,199.2,8.0,0,18.1,72,1,8.1,Mild,0,1,1,24.59259259259259
33,0,5.4,516.7,3.9,3,21.2,83,0,7.6,Mild,1,0,1,129.175
29,1,2.9,273.1,6.1,2,27.0,78,1,12.7,,1,0,1,44.0483870967742
22,0,3.5,333.5,5.0,3,22.4,65,0,12.4,Mild,1,0,0,65.3921568627451
18,0,4.0,379.5,6.7,2,21.0,75,1,5.9,,3,0,0,55.80882352941177
44,0,3.8,359.2,7.4,2,25.2,89,1,4.2,,1,0,0,47.89333333333333
35,0,0.0,0.0,8.1,0,24.9,68,1,12.8,,0,1,0,0.0
19,0,2.2,212.1,6.5,2,29.6,68,1,14.3,,1,0,0,32.13636363636364
19,0,3.5,334.1,7.9,2,22.3,72,1,0.3,,3,0,0,41.7625
30,0,2.7,256.0,7.0,2,24.4,106,1,7.5,,0,1,0,36.056338028169016
55,0,0.0,0.0,7.7,2,15.7,64,1,11.6,Mild,2,0,1,0.0
31,1,0.9,88.8,6.3,2,21.9,67,1,14.8,,4,0,0,13.875
18,1,1.2,111.0,6.2,2,25.2,69,1,8.0,,0,1,0,17.61904761904762
32,1,3.0,284.3,6.2,2,23.0,66,1,10.8,,3,1,0,45.12698412698413
31,0,2.9,270.9,8.1,0,15.1,71,1,14.0,,0,0,0,33.03658536585366
18,0,4.8,454.6,5.7,1,26.5,57,2,5.6,Mild,0,1,0,78.37931034482759
34,1,2.5,239.3,4.8,3,26.1,63,0,13.3,Mild,3,0,0,48.83673469387756
32,1,2.8,266.5,6.3,2,20.4,63,1,4.0,,4,1,0,41.640625
43,1,0.5,47.0,6.2,2,26.8,58,1,10.9,,2,0,1,7.4603174603174605
57,0,2.3,215.3,7.9,2,18.9,78,1,14.3,Mild,3,0,0,26.9125
48,0,5.9,561.5,6.3,2,21.1,82,1,9.7,,2,1,0,87.73437500000001
31,0,3.0,286.3,7.1,2,29.6,77,1,5.6,,2,0,0,39.76388888888889
21,1,1.7,157.7,8.1,0,29.2,68,1,1.2,,1,0,1,19.23170731707317
65,0,3.1,296.7,6.9,2,26.7,64,1,3.0,Mild,0,0,0,42.385714285714286
35,1,4.1,386.0,5.2,1,21.5,74,2,10.9,Mild,4,0,0,72.83018867924528
35,0,3.2,308.4,7.0,2,25.8,67,1,14.8,,2,0,0,43.436619718309856
34,1,3.7,356.0,7.9,2,26.0,58,1,12.7,,2,0,0,44.5
37,0,3.9,374.2,6.4,2,17.0,88,1,11.9,,0,0,0,57.56923076923077
33,1,2.7,259.8,6.7,2,19.8,51,1,0.3,,1,0,0,38.20588235294118
28,1,3.0,284.4,5.9,1,28.3,85,2,11.0,Mild,1,0,0,47.4
28,0,1.6,152.2,7.0,2,15.0,61,1,12.4,,4,0,0,21.43661971830986
34,1,1.6,150.7,7.3,2,24.3,65,1,4.9,,1,0,1,20.364864864864863
28,1,2.4,226.0,8.0,0,23.8,72,1,15.0,,4,0,0,27.901234567901234
26,0,0.5,48.8,9.0,0,20.8,84,1,0.5,,4,0,1,5.362637362637362
36,0,3.1,290.1,7.2,2,24.0,67,1,5.9,,2,0,0,39.73972602739727
31,1,1.3,124.0,8.6,0,24.0,64,1,3.2,,4,0,0,14.252873563218392
53,0,2.8,263.0,7.0,2,24.6,92,1,14.6,Mild,3,1,0,37.04225352112676
18,0,3.3,311.2,7.3,2,23.5,80,1,10.1,,4,1,0,42.054054054054056
48,1,0.5,49.9,10.0,0,26.2,82,1,6.3,,4,1,1,4.9405940594059405
49,1,3.1,295.9,6.4,2,27.0,92,1,14.6,,3,0,0,45.52307692307692
18,1,0.0,0.0,5.7,1,20.6,74,2,0.9,Mild,0,0,1,0.0
30,0,3.4,321.4,9.2,0,28.0,77,1,3.3,,1,0,0,34.55913978494624
30,1,3.4,323.4,7.3,2,23.3,73,1,6.3,,1,0,1,43.7027027027027
18,1,3.5,333.0,5.1,1,15.8,85,2,1.9,Mild,1,1,0,64.03846153846155
25,0,3.0,286.5,6.4,2,22.2,67,1,15.0,,0,0,1,44.07692307692308
21,0,1.7,163.7,7.3,2,23.8,63,1,8.6,,3,1,1,22.12162162162162
56,1,1.8,168.7,5.9,1,18.2,79,2,2.4,Moderate,1,0,0,28.116666666666664
46,0,1.6,149.7,5.3,1,23.5,71,2,3.7,Mild,1,1,1,27.72222222222222
50,1,4.0,384.2,7.4,2,22.7,71,1,5.9,,4,0,1,51.22666666666667
43,1,5.0,478.4,4.0,3,25.3,64,0,10.9,Mild,0,0,0,116.6829268292683
21,0,2.6,249.5,6.0,1,22.3,53,2,4.6,Mild,1,1,1,40.9016393442623
28,0,1.0,96.7,6.2,2,23.5,54,1,4.5,,0,0,0,15.34920634920635
40,1,2.1,197.9,5.5,1,27.9,80,2,9.4,Mild,1,0,0,35.339285714285715
20,0,4.0,377.0,6.0,1,25.2,59,2,0.7,Mild,1,0,0,61.80327868852459
43,0,3.3,316.4,6.3,2,25.1,81,1,10.7,,1,0,0,49.4375
32,1,2.6,242.3,3.0,3,22.7,97,0,8.2,Mild,3,0,0,78.16129032258064
30,0,2.1,199.8,7.0,2,20.0,82,1,6.5,,4,0,0,28.14084507042254
43,1,0.0,0.0,8.0,2,26.2,73,1,5.9,,3,0,1,0.0
40,2,2.2,206.9,8.4,0,19.9,74,1,3.3,,0,0,1,24.341176470588238
30,0,1.9,182.3,6.7,2,30.3,59,1,3.6,Mild,4,0,0,26.808823529411768
48,1,1.9,177.5,4.1,3,19.8,79,0,7.5,Mild,2,0,0,42.261904761904766
22,1,2.9,277.6,7.6,2,23.1,95,1,3.0,,3,0,0,36.05194805194806
42,1,5.1,486.9,6.3,2,28.0,58,1,8.5,,4,0,1,76.078125
42,1,2.5,240.3,7.5,2,23.7,74,1,9.7,,1,0,0,31.618421052631582
31,1,3.4,322.8,6.6,2,25.6,70,1,6.9,,1,1,1,48.17910447761195
38,1,2.4,228.9,7.3,2,24.6,77,1,1.6,,3,0,1,30.932432432432435
19,0,2.4,228.8,5.6,1,18.1,70,2,14.1,Mild,4,0,1,40.140350877192986
46,1,4.2,400.1,5.0,3,20.1,89,0,12.5,Mild,3,0,0,78.45098039215688
32,0,3.1,290.8,6.4,2,23.0,73,1,14.3,,2,0,0,44.73846153846154
28,0,3.7,348.5,6.4,2,23.6,80,1,5.5,,0,0,1,53.61538461538461
47,1,4.4,414.2,5.4,1,26.9,82,2,0.5,Mild,3,0,0,75.30909090909091
26,0,3.0,289.2,5.6,1,24.3,72,2,6.5,Mild,0,1,0,50.736842105263165
18,1,2.9,272.4,5.6,1,23.4,66,2,7.0,Mild,4,0,1,47.78947368421053
18,1,3.6,342.5,7.9,2,22.4,70,1,10.6,,2,0,0,42.8125
42,0,1.5,145.0,5.6,1,27.3,79,2,11.0,Mild,3,0,0,25.438596491228072
19,1,1.6,147.5,7.4,2,21.3,84,1,6.4,,4,0,0,19.666666666666668
56,0,1.4,129.4,5.8,1,19.4,68,2,14.7,Moderate,3,0,0,21.932203389830512
18,0,1.8,167.6,7.3,2,23.3,81,1,1.7,,1,0,0,22.64864864864865
55,0,0.7,68.4,8.5,0,27.4,62,1,13.5,Mild,4,0,0,7.953488372093024
37,0,0.0,1.5,8.3,0,21.6,52,1,11.5,,2,0,1,0.17857142857142858
33,0,1.3,120.4,6.5,2,24.9,70,1,8.0,,4,0,0,18.242424242424246
28,1,0.0,0.0,7.3,2,20.3,56,1,11.4,,2,1,0,0.0
39,1,2.9,278.0,6.0,2,21.0,81,1,11.3,,1,0,0,45.57377049180328
34,0,2.6,251.6,7.7,2,29.8,78,1,2.5,,1,0,0,32.256410256410255
48,1,3.6,343.1,6.4,2,15.7,90,1,8.0,,0,0,1,52.784615384615385
36,1,1.1,104.6,8.5,0,21.0,77,1,7.1,,0,0,1,12.162790697674419
36,1,3.2,308.6,5.4,1,17.0,87,2,7.4,Mild,1,0,0,56.10909090909092
30,0,1.3,122.3,5.8,1,20.8,94,2,2.5,Mild,1,0,0,20.728813559322035
34,1,3.7,347.8,7.2,2,27.3,64,1,5.8,,0,1,0,47.64383561643836
38,0,0.0,0.0,7.5,2,30.0,61,1,7.8,Mild,0,0,0,0.0
18,1,2.1,203.7,8.9,0,19.0,73,1,10.3,,0,0,0,22.633333333333333
18,1,1.9,180.6,6.4,2,26.9,63,1,6.3,,4,0,0,27.784615384615385
43,1,3.7,351.1,5.8,1,18.7,70,2,9.7,Mild,1,1,0,59.5084745762712
37,1,3.7,348.9,5.8,1,21.4,53,2,9.3,Mild,3,0,0,59.13559322033898
32,0,4.3,411.2,6.0,2,25.1,71,1,12.2,,2,0,0,67.40983606557377
35,1,0.0,0.0,7.4,2,16.9,64,1,6.2,,2,0,0,0.0
39,1,4.7,450.7,4.3,3,21.3,70,0,13.1,Mild,2,0,0,102.43181818181819
28,0,1.1,105.6,5.4,1,23.7,76,2,0.4,Mild,2,0,1,19.2
25,1,5.1,480.9,6.5,2,15.7,77,1,13.5,,0,0,0,72.86363636363636
37,1,5.8,554.4,6.6,2,20.7,77,1,14.3,,0,0,1,82.74626865671642
23,1,4.3,407.2,6.0,1,21.9,66,2,6.2,Mild,1,0,0,66.75409836065575
39,2,1.2,115.3,7.4,2,21.1,75,1,14.2,,0,0,1,15.373333333333333
18,0,0.6,60.2,5.1,1,21.9,68,2,13.0,Mild,2,0,0,11.576923076923078
47,1,1.4,137.0,5.9,1,25.3,67,2,0.9,Mild,4,0,0,22.833333333333332
40,1,3.4,318.8,5.6,1,24.8,78,2,9.8,Mild,4,0,0,55.92982456140352
38,1,0.9,86.0,5.8,1,29.1,75,2,13.8,Mild,3,0,0,14.57627118644068
46,1,0.0,0.0,8.0,2,23.0,74,1,3.1,,1,1,0,0.0
54,0,4.1,391.6,7.5,2,17.9,67,1,13.8,Mild,4,0,1,51.52631578947369
47,0,1.6,151.9,4.1,3,15.5,65,0,3.1,Mild,4,0,0,36.16666666666667
18,1,3.9,367.8,4.0,3,29.3,60,0,9.5,Mild,4,0,0,89.70731707317074
19,0,3.7,347.5,6.6,2,23.8,80,1,5.7,,2,1,0,51.86567164179105
27,1,2.8,265.7,5.9,1,25.2,77,2,8.2,Mild,2,0,1,44.28333333333333
35,1,3.8,357.1,6.3,2,27.3,79,1,4.2,,3,0,0,55.79687500000001
41,1,4.7,448.5,6.7,2,24.8,55,1,6.1,,0,0,0,65.95588235294117
26,1,3.6,346.4,8.6,0,28.8,72,1,7.6,,0,0,0,39.81609195402299
37,0,3.7,350.2,6.4,2,27.0,56,1,7.5,,0,0,0,53.87692307692308
25,1,3.1,292.7,7.6,2,27.9,59,1,14.9,,4,0,0,38.01298701298702
27,1,1.9,175.8,6.2,2,20.7,85,1,12.8,,0,0,0,27.90476190476191
18,0,3.0,281.4,7.1,2,27.1,61,1,2.2,,0,1,0,39.083333333333336
23,0,2.8,267.3,7.4,2,25.7,66,1,14.4,,2,0,0,35.64
18,0,3.2,307.2,5.9,1,20.1,67,2,8.5,Mild,2,0,1,51.199999999999996
23,0,3.0,285.0,5.7,1,30.4,62,2,9.1,Moderate,0,0,0,49.13793103448276
47,1,1.8,172.3,6.2,2,23.6,61,1,4.1,,2,0,0,27.34920634920635
23,0,4.2,399.9,7.4,2,17.0,54,1,4.5,,2,0,0,53.32
66,0,1.7,162.4,7.6,2,26.9,59,1,2.1,Mild,4,0,0,21.090909090909093
40,0,3.1,293.7,3.5,3,26.0,73,0,12.4,Mild,3,0,0,81.58333333333333
37,0,3.3,310.9,6.0,2,22.9,64,1,7.3,,2,0,0,50.967213114754095
24,1,0.9,87.9,7.4,2,26.3,63,1,1.5,,3,0,0,11.72
43,0,4.8,460.1,8.1,0,20.7,50,1,6.7,,1,1,0,56.10975609756098
28,1,2.4,231.7,6.5,2,25.9,64,1,5.1,,0,0,0,35.10606060606061
36,1,1.0,95.9,7.3,2,27.0,91,1,10.4,,3,0,1,12.959459459459461
65,1,2.5,237.6,6.7,2,25.4,63,1,2.8,Mild,3,0,1,34.94117647058823
33,0,1.0,98.6,6.2,2,24.1,78,1,14.0,,1,0,0,15.65079365079365
48,1,1.6,154.9,5.1,1,23.4,62,2,11.7,Mild,0,0,0,29.788461538461544
26,0,1.6,152.1,5.3,1,29.7,74,2,5.9,Mild,0,0,0,28.166666666666668
34,1,2.3,218.1,7.6,2,21.8,86,1,2.8,,0,0,0,28.324675324675326
56,0,4.5,432.0,6.5,2,24.4,71,1,11.5,Mild,2,0,0,65.45454545454545
27,1,2.7,252.7,5.7,1,23.6,66,2,1.8,Mild,4,0,0,43.56896551724138
56,0,2.7,260.9,4.9,3,25.4,72,0,1.3,Moderate,4,1,0,52.17999999999999
43,0,1.8,169.5,7.7,2,29.0,61,1,10.2,,2,0,0,21.73076923076923
28,1,2.9,277.9,5.4,1,28.9,72,2,3.0,Mild,0,0,1,50.527272727272724
42,1,2.5,232.8,7.4,2,26.7,70,1,9.6,,1,0,1,31.040000000000003
46,0,2.4,225.6,6.5,2,25.0,74,1,5.3,,2,1,1,34.18181818181818
42,0,3.6,338.3,6.4,2,25.6,50,1,1.4,,2,1,1,52.04615384615385
18,0,1.1,103.3,8.9,0,29.7,70,1,9.4,,3,0,1,11.477777777777778
26,1,4.4,418.0,3.8,3,19.6,77,0,9.7,Mild,2,0,0,107.17948717948718
32,0,0.0,0.0,5.9,1,22.8,69,2,8.1,Mild,0,1,0,0.0
34,1,2.4,224.2,8.6,0,21.3,80,1,5.2,,2,0,0,25.770114942528735
42,0,4.5,431.1,7.4,2,26.7,62,1,13.7,,4,1,0,57.480000000000004
37,0,4.3,409.5,6.1,2,23.1,64,1,10.2,,4,0,0,66.0483870967742
18,1,2.7,260.1,8.8,0,17.6,77,1,8.3,,2,0,0,29.224719101123597
39,0,1.3,122.1,8.0,0,21.5,79,1,7.2,,1,1,0,15.074074074074074
42,0,2.3,218.5,6.0,2,24.6,84,1,12.6,,3,1,0,35.81967213114754
41,0,6.4,606.8,4.8,3,25.9,75,0,14.4,Mild,2,0,0,123.83673469387756
47,1,3.6,338.5,8.1,0,23.3,53,1,8.4,,0,0,0,41.28048780487805
45,1,0.0,0.0,6.0,2,20.2,81,1,0.7,,1,0,0,0.0
40,0,2.6,249.3,6.9,2,29.7,74,1,7.4,,0,0,0,35.614285714285714
34,1,1.6,152.2,8.6,0,26.0,72,1,9.7,,0,1,0,17.49425287356322
18,1,0.6,56.5,7.1,2,25.8,85,1,12.3,,3,0,0,7.847222222222223
40,2,3.2,306.3,6.5,2,25.1,78,1,4.7,,3,0,0,46.409090909090914
37,1,1.0,99.2,4.8,3,19.5,79,0,10.1,Mild,4,1,0,20.244897959183675
38,0,4.8,458.1,7.5,2,24.5,52,1,0.7,,0,1,0,60.27631578947369
19,1,4.5,428.6,4.1,3,15.0,67,0,5.3,Mild,2,1,0,102.04761904761907
22,1,1.4,133.5,8.4,0,25.6,80,1,4.5,,0,0,1,15.705882352941176
47,0,1.3,124.6,4.8,3,15.0,70,0,1.3,Mild,4,0,0,25.42857142857143
34,0,3.5,333.4,5.5,1,20.9,76,2,10.5,Mild,0,0,0,59.535714285714285
43,0,4.0,382.5,7.8,2,24.2,74,1,5.5,,3,1,0,48.41772151898734
35,0,2.1,201.6,8.4,0,25.0,81,1,3.3,,4,0,0,23.71764705882353
35,0,4.0,376.9,6.5,2,18.9,59,1,2.2,,1,0,0,57.10606060606061
46,1,5.0,474.7,5.8,1,21.3,55,2,13.6,Mild,0,0,0,80.45762711864407
28,1,3.0,284.5,6.7,2,18.9,69,1,2.1,,0,1,0,41.838235294117645
36,1,1.0,90.9,4.5,3,28.6,74,0,13.0,Mild,3,0,1,19.760869565217394
29,0,3.7,349.4,7.8,2,21.2,66,1,7.8,,1,0,0,44.22784810126582
29,1,2.7,257.9,5.8,1,23.7,70,2,0.5,Mild,0,1,0,43.71186440677966
31,1,2.0,191.7,6.4,2,24.9,57,1,14.4,,0,0,0,29.49230769230769
37,1,3.6,344.6,6.6,2,26.7,58,1,8.3,,1,0,0,51.432835820895534
29,1,4.3,409.5,6.7,2,26.0,65,1,4.8,,3,0,1,60.220588235294116
50,1,2.8,264.0,7.1,2,26.3,80,1,4.0,,2,0,0,36.66666666666667
24,0,0.0,0.0,8.5,0,19.3,74,1,4.8,,1,0,0,0.0
32,1,2.7,254.6,8.1,0,25.7,78,1,3.2,,3,0,1,31.04878048780488
29,0,2.8,269.8,6.5,2,18.5,80,1,3.7,,0,1,0,40.87878787878788
52,0,6.4,606.0,6.9,2,25.6,97,1,5.7,Mild,1,1,1,86.57142857142857
37,1,2.7,256.0,7.6,2,29.0,56,1,7.8,,3,0,1,33.24675324675325
47,0,2.2,213.1,4.6,3,19.6,62,0,10.9,Mild,0,0,0,45.340425531914896
18,1,3.5,335.8,5.9,1,18.3,85,2,4.5,Mild,4,1,0,55.96666666666667
38,0,2.0,194.7,5.6,1,30.6,69,2,2.0,Moderate,3,0,1,34.15789473684211
45,2,1.5,139.7,6.8,2,21.7,75,1,0.3,,3,0,1,20.246376811594203
35,0,0.1,10.3,8.5,0,26.3,58,1,5.6,,3,0,0,1.1976744186046513
47,0,1.6,152.6,7.7,2,17.5,73,1,11.9,,0,0,0,19.564102564102562
28,1,0.0,0.0,8.0,2,27.7,80,1,4.9,,2,0,0,0.0
51,1,2.9,277.9,6.1,2,28.3,70,1,3.3,Mild,2,0,0,44.82258064516129
62,0,2.8,268.3,6.1,2,30.3,75,1,13.7,Moderate,4,1,0,43.2741935483871
30,1,3.5,336.7,5.7,1,31.1,74,2,9.9,Moderate,1,0,0,58.05172413793103
29,1,1.0,90.6,5.8,1,20.3,78,2,14.6,Mild,4,0,0,15.35593220338983
52,1,0.3,32.5,7.6,2,29.0,61,1,8.4,Mild,1,0,0,4.220779220779221
53,0,5.6,530.7,5.5,1,26.0,56,2,8.1,Moderate,1,0,1,94.76785714285715
28,1,2.4,226.3,5.1,1,23.8,75,2,14.6,Mild,4,0,0,43.51923076923078
29,0,3.5,337.2,6.8,2,25.0,80,1,9.2,,4,0,0,48.869565217391305
31,1,2.7,256.4,6.7,2,32.3,90,1,7.7,Mild,3,0,0,37.705882352941174
18,1,3.6,343.7,6.8,2,20.4,72,1,3.6,,0,0,1,49.811594202898554
23,0,2.8,270.0,8.3,0,24.7,64,1,5.7,,2,0,0,32.14285714285714
22,1,1.3,123.2,6.8,2,28.6,69,1,8.4,,1,0,0,17.855072463768117
25,0,3.3,314.7,5.7,1,25.3,71,2,8.5,Mild,1,0,0,54.258620689655174
34,1,3.0,280.8,5.8,1,18.7,69,2,6.8,Mild,3,0,1,47.59322033898306
37,1,0.0,0.0,5.8,1,24.4,73,2,10.3,Mild,2,0,0,0.0
53,1,2.9,279.5,5.6,1,17.1,92,2,2.4,Moderate,0,0,0,49.035087719298254
23,0,1.9,182.3,5.2,1,22.4,83,2,13.0,Mild,3,0,1,34.39622641509434
46,0,1.5,142.5,6.9,2,19.1,54,1,11.1,,0,0,0,20.357142857142858
32,0,4.0,376.5,5.6,1,21.5,71,2,12.4,Mild,1,1,0,66.05263157894737
34,1,2.4,227.3,6.8,2,28.0,55,1,0.5,,2,0,0,32.94202898550725
43,0,2.4,231.6,6.2,2,21.9,64,1,11.7,,1,0,0,36.76190476190476
21,0,2.6,250.2,6.5,2,23.8,63,1,11.1,,3,0,1,37.90909090909091
39,0,2.5,232.9,8.7,0,30.5,69,1,0.3,Mild,0,0,0,26.465909090909093
36,0,2.4,223.6,8.0,0,25.2,69,1,6.8,,0,1,1,27.60493827160494
40,0,4.7,445.0,4.5,3,23.8,70,0,4.6,Mild,1,0,0,96.73913043478261
38,1,1.5,140.0,6.0,2,22.8,87,1,3.8,,3,0,0,22.95081967213115
64,0,0.0,0.0,4.7,3,25.5,80,0,2.4,Moderate,2,0,1,0.0
27,1,2.6,243.9,6.1,2,29.3,69,1,3.8,,4,0,1,39.33870967741936
28,0,1.1,103.6,7.2,2,20.2,74,1,11.4,,3,0,0,14.191780821917808
27,1,0.9,81.2,8.2,0,25.5,86,1,13.6,,2,0,0,9.783132530120483
28,1,2.5,235.3,7.9,2,18.9,57,1,5.3,,2,0,0,29.4125
27,1,2.9,276.6,6.9,2,16.7,70,1,4.3,,0,0,0,39.51428571428572
49,1,2.2,212.8,5.5,1,25.2,74,2,4.4,Mild,4,0,1,38.00000000000001
52,1,1.8,172.4,7.7,2,24.6,62,1,8.0,Mild,4,0,1,22.102564102564102
28,0,2.2,208.9,6.7,2,16.4,55,1,0.7,,4,0,1,30.72058823529412
25,0,2.4,230.2,6.9,2,20.4,65,1,8.6,,1,0,0,32.885714285714286
40,0,2.5,237.1,9.0,0,21.7,68,1,13.8,,0,0,0,26.054945054945055
28,0,0.0,0.0,5.9,1,25.7,79,2,7.4,Mild,3,0,0,0.0
42,1,3.8,362.0,8.9,0,29.7,54,1,6.0,,1,0,0,40.22222222222222
37,0,0.3,29.8,9.1,0,18.8,74,1,0.6,,1,0,0,3.239130434782609
18,1,1.5,141.9,6.9,2,23.0,66,1,8.2,,4,0,0,20.271428571428572
53,0,0.2,16.0,7.2,2,30.9,74,1,2.0,Moderate,4,0,0,2.191780821917808
56,1,2.8,261.3,5.7,1,29.1,87,2,6.9,Moderate,2,0,0,45.05172413793104
27,1,1.4,136.2,7.0,2,15.0,61,1,4.6,,2,0,0,19.183098591549296
30,1,2.2,211.3,6.8,2,22.5,82,1,3.9,,0,1,0,30.623188405797105
38,1,1.4,131.6,6.0,1,25.6,75,2,14.4,Mild,0,0,0,21.57377049180328
39,1,0.9,87.3,6.0,2,26.9,66,1,11.8,,3,0,0,14.311475409836065
42,1,0.0,0.0,6.7,2,28.5,75,1,1.8,,1,0,0,0.0
59,0,1.6,153.2,6.7,2,17.0,78,1,4.7,Mild,4,0,0,22.52941176470588
32,0,0.7,65.1,4.8,3,24.8,62,0,10.6,Mild,4,0,0,13.285714285714286
25,1,3.3,311.5,7.9,2,25.0,59,1,12.4,,0,1,0,38.9375
18,1,5.6,534.0,5.6,1,28.5,61,2,7.9,Mild,2,1,0,93.6842105263158
26,0,5.2,498.3,5.9,1,26.0,68,2,13.5,Mild,3,1,0,83.05
34,1,2.4,225.9,6.9,2,25.9,64,1,5.4,,1,0,0,32.27142857142857
56,0,1.3,124.8,6.5,2,25.5,76,1,1.1,Mild,0,0,0,18.90909090909091
28,1,0.0,0.0,8.4,0,24.0,75,1,14.1,,2,0,0,0.0
37,0,1.9,177.8,6.4,2,28.7,73,1,6.2,,2,0,1,27.353846153846156
34,0,1.1,107.5,6.1,2,20.0,80,1,0.3,,1,0,1,17.338709677419356
49,0,1.4,132.4,7.5,2,28.9,70,1,10.8,,1,0,1,17.42105263157895
65,0,0.1,4.9,7.9,2,23.2,74,1,3.8,Mild,0,0,1,0.6125
28,1,3.6,337.6,9.5,0,21.8,76,1,1.4,,1,0,1,35.16666666666667
29,1,3.3,310.1,4.2,3,23.2,67,0,12.7,Mild,4,0,1,72.11627906976744
47,0,1.1,107.0,6.9,2,23.3,59,1,3.6,,2,1,0,15.285714285714286
43,0,3.8,359.5,7.2,2,31.2,59,1,8.2,Mild,2,0,0,49.24657534246575
57,1,2.6,246.0,5.5,1,19.1,84,2,9.2,Moderate,4,0,1,43.92857142857143
42,0,3.3,313.1,8.2,0,18.8,61,1,14.2,,3,0,0,37.72289156626507
30,1,3.7,347.8,5.6,1,19.7,81,2,5.9,Mild,3,0,1,61.01754385964913
42,1,3.0,289.5,6.7,2,23.1,86,1,7.5,,1,0,1,42.57352941176471
48,0,1.3,120.6,8.1,0,20.8,63,1,4.5,,0,1,0,14.707317073170731
44,1,4.1,387.0,5.1,1,15.0,74,2,7.0,Mild,3,0,0,74.42307692307693
41,0,3.7,347.6,6.3,2,21.3,68,1,0.1,,0,0,0,54.31250000000001
47,1,3.7,349.7,7.4,2,19.3,67,1,12.9,,0,0,0,46.626666666666665
49,1,0.5,48.1,7.1,2,28.0,87,1,1.0,,3,0,1,6.680555555555556
51,0,0.3,28.5,7.8,2,26.5,78,1,3.7,Mild,0,0,0,3.607594936708861
42,0,4.8,453.1,7.2,2,25.4,71,1,10.8,,1,0,1,62.06849315068494
32,1,1.5,146.6,6.1,2,17.1,78,1,9.6,,4,0,0,23.645161290322584
36,1,2.9,273.5,8.5,0,29.7,86,1,11.3,,4,0,0,31.80232558139535
49,1,4.3,409.4,5.3,1,20.7,68,2,7.6,Mild,1,1,1,75.81481481481482
25,1,4.9,470.2,7.9,2,27.3,80,1,13.9,,1,1,1,58.775
39,0,3.4,319.3,6.9,2,26.4,62,1,14.2,,2,1,0,45.614285714285714
30,0,1.7,163.1,6.0,2,20.8,64,1,11.4,,4,0,1,26.737704918032787
35,1,2.1,196.7,5.7,1,25.3,74,2,4.8,Mild,1,1,0,33.91379310344828
50,1,3.1,290.3,6.9,2,24.4,71,1,0.6,,3,0,0,41.471428571428575
37,0,2.8,262.4,6.3,2,28.3,70,1,8.2,,0,0,0,41.0
35,0,1.4,135.5,7.4,2,21.4,78,1,0.1,,1,0,0,18.066666666666666
18,0,0.0,0.0,6.7,2,24.7,68,1,12.1,,3,0,0,0.0
43,0,1.4,132.6,6.9,2,20.0,80,1,8.8,,2,1,1,18.942857142857143
42,1,2.2,207.1,7.3,2,28.9,77,1,9.3,,4,0,0,27.986486486486488
60,1,2.5,236.1,6.6,2,23.5,72,1,0.9,Mild,3,0,0,35.23880597014926
31,0,5.1,480.7,5.9,1,20.3,70,2,8.8,Mild,0,1,0,80.11666666666666
37,0,4.1,389.6,6.8,2,26.5,72,1,2.7,,3,0,1,56.46376811594204
37,1,1.8,171.7,6.3,2,28.2,59,1,6.0,,2,0,0,26.828125
53,1,3.3,309.3,7.3,2,22.1,68,1,4.8,Mild,0,0,1,41.797297297297305
33,1,0.0,0.0,7.5,2,32.3,59,1,3.7,Mild,4,1,1,0.0
38,0,4.3,412.2,7.2,2,30.1,76,1,6.7,Mild,0,0,0,56.465753424657535
42,1,1.8,166.8,7.6,2,24.2,57,1,11.4,,3,0,1,21.662337662337666
37,1,2.8,264.2,6.3,2,22.3,56,1,3.5,,1,0,1,41.28125
29,0,2.5,241.7,4.2,3,18.8,70,0,7.7,Mild,1,0,0,56.2093023255814
37,1,4.0,383.7,6.2,2,19.7,78,1,5.3,,0,0,0,60.904761904761905
47,1,2.0,187.8,7.0,2,16.5,70,1,9.8,,0,0,1,26.450704225352116
22,1,3.7,354.8,6.3,2,26.4,83,1,8.5,,2,0,0,55.43750000000001
36,1,3.0,289.5,5.7,1,23.7,72,2,9.8,Mild,3,1,1,49.91379310344828
26,1,2.7,255.0,8.1,0,21.9,94,1,14.7,,0,1,0,31.09756097560976
49,0,2.3,222.1,5.7,1,15.0,73,2,7.6,Mild,1,0,0,38.293103448275865
18,0,1.7,164.9,5.9,1,26.1,95,2,1.5,Mild,4,0,0,27.483333333333334
28,1,2.3,213.9,6.1,2,23.8,71,1,0.7,,3,0,0,34.50000000000001
39,1,1.9,183.0,6.4,2,24.1,78,1,0.8,,2,0,1,28.153846153846153
53,0,3.1,297.2,5.8,1,24.0,73,2,5.3,Moderate,3,0,0,50.37288135593221
34,1,0.8,75.8,6.9,2,28.1,74,1,10.9,,1,0,1,10.828571428571427
28,1,2.6,247.8,6.7,2,17.5,64,1,12.6,,3,0,0,36.44117647058824
57,0,4.8,453.6,5.1,1,33.4,77,2,8.9,Severe,2,0,0,87.23076923076924
18,1,1.8,174.8,5.4,1,18.7,58,2,7.2,Mild,2,0,0,31.781818181818185
18,1,3.2,300.0,7.4,2,23.1,70,1,12.7,,4,1,1,40.0
40,1,0.0,0.0,6.9,2,15.0,64,1,0.9,,3,0,0,0.0
28,0,0.1,12.2,8.2,0,24.6,66,1,4.9,,4,0,1,1.4698795180722892
22,1,2.3,218.5,7.4,2,22.7,81,1,0.9,,0,0,1,29.133333333333333
43,1,2.4,226.8,6.3,2,23.9,75,1,14.0,,4,0,0,35.43750000000001
37,1,2.6,243.4,7.1,2,25.5,52,1,1.3,,0,0,1,33.80555555555556
28,0,5.8,549.7,7.0,2,22.0,81,1,14.4,,0,0,1,77.42253521126761
19,1,1.6,154.4,5.8,1,30.2,70,2,11.0,Moderate,0,0,0,26.169491525423734
45,1,2.6,249.5,4.8,3,21.9,80,0,7.4,Mild,1,0,0,50.91836734693878
42,0,1.4,135.4,5.6,1,26.1,72,2,4.7,Mild,2,1,1,23.754385964912284
33,0,3.6,342.5,7.1,2,20.5,58,1,8.1,,0,0,0,47.56944444444445
57,1,0.8,73.6,9.0,0,28.1,84,1,9.6,Mild,3,0,1,8.087912087912088
22,1,1.5,137.9,6.7,2,19.8,78,1,7.2,,1,1,0,20.279411764705884
18,1,1.1,109.0,8.4,0,23.0,71,1,13.8,,0,0,0,12.823529411764707
26,0,3.7,354.9,7.5,2,21.5,60,1,2.1,,0,0,0,46.69736842105263
34,1,2.7,255.5,5.8,1,25.2,75,2,1.9,Mild,2,0,0,43.30508474576271
37,1,2.9,277.9,6.5,2,20.5,74,1,11.7,,1,0,1,42.1060606060606
32,1,2.2,209.9,7.4,2,21.2,60,1,8.4,,1,0,0,27.986666666666668
39,1,4.3,409.8,4.9,3,23.3,71,0,6.1,Mild,4,1,0,81.96000000000001
19,1,2.3,215.4,7.7,2,22.2,52,1,12.3,,3,0,0,27.615384615384617
52,1,5.4,517.6,7.5,2,24.1,54,1,14.1,Mild,2,0,0,68.10526315789474
34,0,4.4,418.4,7.3,2,20.8,60,1,7.9,,4,0,0,56.54054054054054
48,0,0.3,27.2,6.8,2,21.0,70,1,8.5,,4,1,0,3.9420289855072466
39,1,3.5,328.5,7.1,2,23.8,63,1,0.8,,3,0,0,45.62500000000001
40,1,4.4,418.2,7.5,2,29.5,82,1,7.5,,2,0,0,55.026315789473685
41,0,1.9,179.4,5.0,3,22.7,63,0,0.3,Mild,3,1,0,35.1764705882353
40,1,3.1,296.1,3.7,3,26.8,67,0,6.1,Mild,2,0,0,77.92105263157895
42,0,0.3,26.9,7.6,2,25.6,81,1,14.5,,0,1,0,3.4935064935064934
50,2,1.0,95.6,6.1,2,20.8,65,1,11.4,,1,1,0,15.419354838709678
37,1,2.1,201.6,6.9,2,26.9,71,1,11.0,,0,0,0,28.8
43,1,0.5,44.5,7.2,2,23.6,80,1,11.8,,0,1,1,6.095890410958904
33,1,2.6,245.4,8.1,0,28.0,90,1,12.7,,0,0,1,29.926829268292686
52,0,3.5,330.2,6.7,2,34.4,80,1,0.6,Moderate,3,1,1,48.55882352941176
26,0,1.1,107.0,7.5,2,24.2,75,1,13.2,,2,0,0,14.078947368421053
56,0,0.5,46.5,7.5,2,28.8,91,1,11.6,Mild,0,0,0,6.11842105263158
34,0,0.1,12.5,7.9,2,28.2,57,1,10.3,,1,0,1,1.5625
18,1,4.3,410.3,5.7,1,22.2,92,2,6.1,Mild,0,0,0,70.74137931034483
36,0,0.0,0.0,7.4,2,22.2,72,1,4.5,,4,1,0,0.0
26,0,2.9,279.7,3.8,3,18.7,75,0,2.9,Mild,4,0,0,71.71794871794872
45,0,4.5,423.6,5.6,1,28.6,61,2,5.1,Mild,3,0,0,74.31578947368422
27,1,1.0,98.1,8.1,0,20.4,58,1,13.2,,1,0,0,11.963414634146341
29,0,1.2,117.2,5.2,1,21.6,65,2,0.8,Mild,3,1,1,22.11320754716981
18,0,2.8,262.5,5.1,1,31.6,70,2,10.9,Moderate,3,0,0,50.48076923076924
29,0,2.9,271.8,7.4,2,21.9,71,1,1.3,,3,0,0,36.24
18,0,1.8,166.5,6.0,2,30.5,73,1,1.8,Mild,0,0,0,27.295081967213115
18,0,2.1,195.2,8.2,0,31.8,65,1,3.0,Mild,2,0,0,23.518072289156628
44,0,2.6,250.4,6.7,2,20.5,75,1,10.1,,2,1,1,36.82352941176471
44,0,1.9,179.9,8.5,0,27.0,55,1,12.8,,1,0,0,20.91860465116279
40,0,1.9,184.7,8.8,0,25.9,85,1,2.1,,0,0,0,20.75280898876404
23,1,5.4,514.3,7.7,2,27.2,66,1,3.5,,2,0,0,65.93589743589743
34,1,4.0,381.9,5.8,1,28.7,73,2,9.5,Mild,4,0,0,64.72881355932203
34,1,4.1,393.1,5.0,1,16.7,68,2,6.8,Mild,3,0,1,77.07843137254903
21,0,2.0,188.9,8.2,0,26.3,70,1,9.5,,2,0,0,22.759036144578317
53,0,0.0,0.0,7.0,2,26.8,72,1,2.4,Mild,3,0,0,0.0
45,0,6.2,590.3,6.3,2,22.1,109,1,6.9,,0,0,0,92.234375
32,1,1.6,149.6,8.1,0,27.8,52,1,5.1,,2,0,1,18.243902439024392
35,1,3.0,281.6,5.2,1,29.0,62,2,6.6,Mild,3,0,0,53.13207547169812
37,1,3.7,349.2,7.2,2,22.1,59,1,4.4,,2,0,0,47.83561643835616
18,1,1.6,154.8,6.2,2,18.8,73,1,2.1,,2,0,0,24.571428571428573
32,0,3.9,366.0,7.4,2,31.4,75,1,10.0,Mild,1,0,0,48.8
26,1,2.5,238.8,7.1,2,20.7,85,1,10.0,,1,0,0,33.16666666666667
22,0,2.1,199.9,7.7,2,18.7,71,1,4.0,,0,0,0,25.628205128205128
31,0,1.6,154.7,6.2,2,24.8,83,1,8.7,,3,0,0,24.555555555555554
56,1,1.0,95.5,6.0,1,15.0,81,2,14.4,Moderate,1,0,0,15.655737704918034
42,0,0.0,0.0,7.0,2,24.3,68,1,8.1,,1,1,0,0.0
28,1,6.7,638.5,5.3,1,27.3,66,2,4.7,Mild,0,0,0,118.24074074074075
41,1,4.7,445.2,5.5,1,21.8,70,2,4.6,Mild,4,0,0,79.5
51,0,2.7,252.2,5.8,1,26.1,64,2,12.5,Moderate,4,0,0,42.74576271186441
46,0,4.8,459.8,7.0,2,25.9,73,1,7.3,,2,0,1,64.7605633802817
35,1,4.6,441.2,8.6,0,26.0,64,1,3.9,,0,0,0,50.71264367816092
27,1,3.4,322.5,7.4,2,22.4,75,1,9.5,,3,0,0,43.0
43,1,2.0,188.3,7.5,2,24.2,54,1,13.0,,1,0,0,24.77631578947369
39,1,4.1,390.6,7.2,2,24.7,75,1,10.9,,4,0,0,53.5068493150685
45,0,3.9,367.0,5.3,1,24.3,78,2,1.3,Mild,1,0,1,67.96296296296298
42,0,3.7,350.2,7.3,2,23.3,77,1,5.1,,2,1,0,47.32432432432432
47,1,2.0,189.4,4.5,3,31.2,50,0,12.2,Moderate,1,0,0,41.173913043478265
28,0,3.1,291.5,7.0,2,25.3,73,1,6.3,,0,0,1,41.056338028169016
50,1,2.9,276.5,7.4,2,25.7,75,1,15.0,,3,0,0,36.86666666666667
37,1,1.9,183.2,7.7,2,19.1,99,1,5.1,,1,0,1,23.487179487179485
59,0,3.1,290.2,7.3,2,33.2,73,1,13.6,Moderate,3,0,0,39.21621621621622
26,0,4.4,416.0,4.8,3,27.5,57,0,6.9,Mild,0,0,1,84.89795918367348
55,0,4.8,454.9,5.5,1,25.3,55,2,14.0,Moderate,2,0,0,81.23214285714286
37,0,3.2,308.7,7.9,2,30.9,69,1,6.3,Mild,0,1,0,38.5875
27,0,2.3,213.8,7.1,2,19.3,62,1,7.0,,4,0,0,29.69444444444445
29,1,3.8,359.3,6.8,2,19.6,80,1,8.1,,2,0,0,52.072463768115945
31,0,1.2,113.2,6.2,2,28.2,87,1,0.6,,1,1,1,17.96825396825397
40,2,1.9,183.8,5.4,1,29.0,50,2,1.3,Mild,3,1,0,33.41818181818182
41,1,4.4,419.2,5.5,1,16.6,68,2,12.8,Mild,2,0,0,74.85714285714286
28,0,5.3,504.2,4.5,3,20.1,85,0,4.0,Mild,2,0,0,109.60869565217392
34,0,4.2,399.9,7.0,2,17.9,80,1,9.4,,4,0,1,56.32394366197183
60,1,2.4,225.9,3.1,3,27.9,62,0,3.9,Moderate,1,0,0,70.59375
55,0,0.0,0.0,6.1,2,24.4,73,1,5.3,Mild,2,0,0,0.0
40,1,3.7,349.2,8.8,0,25.8,83,1,9.1,,4,0,0,39.23595505617977
35,0,3.3,312.1,6.3,2,19.8,71,1,5.1,,3,0,0,48.76562500000001
36,1,3.3,316.2,5.6,1,25.1,78,2,10.9,Mild,3,0,0,55.47368421052632
42,0,0.3,33.1,9.6,0,17.8,82,1,7.7,,1,0,1,3.412371134020619
22,1,2.0,190.4,6.2,2,27.3,70,1,11.4,,1,0,1,30.222222222222225
31,1,5.3,503.3,8.6,0,31.2,73,1,3.2,Mild,1,0,1,57.850574712643684
18,1,1.0,91.6,6.5,2,15.0,80,1,9.7,,3,0,1,13.878787878787879
39,0,3.4,319.9,7.6,2,29.5,78,1,4.7,,0,0,0,41.54545454545455
42,0,1.5,144.0,9.5,0,23.6,84,1,5.3,,1,0,0,15.0
29,0,3.3,309.8,6.7,2,25.4,80,1,2.8,,0,0,0,45.55882352941177
53,0,2.2,209.1,6.3,2,22.5,88,1,1.9,Mild,0,0,0,32.671875
20,1,4.3,409.4,7.2,2,19.7,66,1,13.2,,1,0,0,56.082191780821915
18,1,2.6,243.4,5.4,1,30.7,74,2,14.2,Moderate,0,0,0,44.25454545454546
37,0,4.0,379.2,7.9,2,21.5,70,1,5.9,,0,0,0,47.4
47,1,5.7,538.4,5.4,1,30.2,56,2,11.5,Moderate,0,0,0,97.89090909090909
55,0,4.0,378.0,4.6,3,27.2,62,0,12.1,Moderate,4,0,0,80.42553191489363
29,0,3.4,319.7,6.4,2,23.1,82,1,2.1,,2,0,0,49.184615384615384
47,1,4.2,402.4,5.8,1,30.9,78,2,14.1,Moderate,1,0,1,68.20338983050847
34,1,3.3,317.7,3.6,3,23.8,81,0,12.1,Mild,4,0,0,85.86486486486486
32,0,1.6,150.9,6.8,2,29.3,68,1,11.8,,1,0,0,21.869565217391308
45,1,1.2,117.0,5.5,1,29.0,72,2,13.9,Mild,2,0,0,20.892857142857146
42,1,3.5,335.8,5.9,1,19.0,76,2,5.3,Mild,0,0,0,55.96666666666667
18,1,1.6,148.4,5.5,1,20.9,68,2,13.3,Mild,4,0,0,26.500000000000004
52,0,1.4,134.6,7.6,2,23.2,74,1,15.0,Mild,1,0,0,17.480519480519483
51,0,2.2,210.3,6.7,2,23.3,50,1,3.5,Mild,0,0,0,30.926470588235297
27,1,0.0,0.0,5.3,1,25.8,70,2,1.8,Mild,3,0,1,0.0
39,1,1.5,144.3,8.5,0,17.2,66,1,1.6,,4,1,1,16.77906976744186
40,1,1.4,132.7,7.2,2,23.8,75,1,5.7,,4,1,0,18.17808219178082
38,0,6.2,588.3,5.5,1,26.2,90,2,12.1,Mild,3,0,0,105.05357142857143
28,1,3.6,344.5,5.5,1,27.5,77,2,11.3,Mild,0,0,0,61.517857142857146
26,1,1.9,177.5,6.7,2,21.7,77,1,3.0,,2,1,0,26.10294117647059
34,0,1.3,128.2,5.3,1,19.9,92,2,8.0,Mild,3,1,1,23.74074074074074
49,0,0.0,0.0,8.6,0,22.7,66,1,5.4,,3,0,0,0.0
41,2,0.3,28.8,8.3,0,26.2,61,1,12.5,,1,0,0,3.4285714285714284
30,0,0.0,0.9,6.6,2,19.2,56,1,12.1,,4,0,0,0.13432835820895525
44,1,1.0,98.3,6.4,2,22.9,85,1,12.2,,2,1,0,15.123076923076923
18,1,2.5,236.0,5.6,1,22.2,82,2,7.9,Mild,2,0,1,41.40350877192983
48,1,2.2,210.7,7.0,2,17.9,56,1,12.1,,2,0,0,29.676056338028168
18,1,1.2,110.3,7.2,2,17.7,81,1,11.0,,4,1,1,15.10958904109589
30,0,2.4,230.2,7.5,2,30.0,76,1,7.9,,2,0,0,30.289473684210527
21,0,0.4,33.3,7.3,2,27.3,56,1,11.6,,1,0,0,4.5
19,0,3.2,300.8,5.5,1,28.0,76,2,5.7,Mild,0,0,1,53.71428571428572
48,1,3.6,346.4,5.6,1,22.6,73,2,11.7,Mild,1,0,0,60.771929824561404
29,0,3.2,307.7,6.7,2,24.6,71,1,9.4,,0,0,0,45.25
39,0,4.1,393.4,5.5,1,26.3,58,2,12.9,Mild,4,0,0,70.25
34,1,0.2,21.3,8.6,0,30.3,97,1,13.4,Mild,3,1,0,2.4482758620689657
40,0,2.6,243.2,6.6,2,25.6,59,1,5.8,,3,0,0,36.29850746268657
35,1,1.1,101.7,5.1,1,21.3,61,2,4.3,Mild,2,0,1,19.55769230769231
19,1,0.8,73.4,6.8,2,26.7,57,1,4.2,,2,0,0,10.637681159420291
46,0,0.4,35.9,6.7,2,15.0,83,1,4.9,,4,0,0,5.279411764705882
29,0,6.2,590.7,7.7,2,20.5,62,1,0.8,,3,0,0,75.73076923076924
18,1,3.9,367.4,6.5,2,24.4,68,1,14.0,,0,0,0,55.666666666666664
29,1,4.9,468.7,7.0,2,26.6,77,1,1.9,,4,0,0,66.01408450704226
53,2,3.0,287.8,6.4,2,26.8,50,1,13.2,Mild,3,1,0,44.276923076923076
45,0,1.3,119.5,8.0,0,22.4,61,1,7.3,,0,1,0,14.753086419753087
30,0,3.5,333.2,8.1,0,23.5,64,1,13.5,,2,0,0,40.63414634146341
30,1,6.0,571.3,5.0,1,22.7,83,2,14.0,Mild,2,0,1,112.01960784313725
31,1,3.3,312.3,5.8,1,26.8,70,2,12.3,Mild,3,0,0,52.93220338983051
59,1,2.3,221.5,6.4,2,26.1,66,1,6.1,Mild,0,0,0,34.07692307692308
39,1,2.9,276.2,7.7,2,23.6,82,1,6.2,,4,1,0,35.41025641025641
40,1,4.2,396.4,5.6,1,21.5,67,2,14.5,Mild,3,0,1,69.54385964912281
47,1,2.5,235.2,4.0,3,25.6,84,0,5.1,Mild,3,0,1,57.36585365853659
37,0,2.3,220.9,7.6,2,24.4,98,1,6.2,,1,1,0,28.688311688311693
31,1,1.5,140.9,5.8,1,30.0,83,2,4.4,Moderate,1,0,0,23.881355932203395
32,0,3.0,288.0,6.1,2,23.8,92,1,7.7,,1,0,0,46.451612903225815
34,1,0.6,56.7,6.4,2,23.1,76,1,9.2,,3,0,0,8.723076923076924
34,1,1.9,182.7,4.2,3,20.7,73,0,9.9,Mild,0,0,0,42.48837209302326
43,1,2.3,219.2,5.2,1,30.1,71,2,2.4,Moderate,4,0,1,41.35849056603774
35,1,0.9,86.5,7.9,2,24.3,81,1,5.2,,4,0,1,10.8125
43,1,2.5,234.3,6.6,2,25.0,58,1,14.9,,2,0,1,34.97014925373135
34,0,3.9,373.4,7.6,2,30.8,82,1,1.1,Mild,3,0,1,48.493506493506494
35,0,4.7,444.2,8.2,0,28.6,68,1,5.6,,1,0,1,53.518072289156635
18,0,2.1,203.8,4.7,3,18.5,77,0,3.2,Mild,4,1,1,42.458333333333336
45,1,1.8,172.7,6.3,2,28.8,72,1,4.2,,0,0,0,26.984375
39,0,2.1,200.3,6.6,2,28.6,78,1,7.0,,0,0,0,29.895522388059707
46,0,3.4,326.7,8.3,0,17.0,79,1,14.8,,3,0,0,38.89285714285714
18,1,1.6,148.6,5.5,1,30.1,73,2,12.2,Moderate,0,0,0,26.535714285714285
60,0,1.6,148.4,7.2,2,21.7,73,1,3.6,Mild,2,0,1,20.328767123287673
33,0,2.9,276.1,8.1,0,27.0,66,1,2.1,,3,0,0,33.67073170731708
48,0,3.3,311.4,7.6,2,21.9,72,1,9.1,,3,0,1,40.44155844155844
22,0,2.8,266.1,7.2,2,33.1,63,1,13.1,Mild,2,1,0,36.45205479452055
42,0,2.7,255.2,5.7,1,24.8,59,2,3.0,Mild,2,0,0,44.0
22,0,1.8,168.5,8.0,0,27.6,54,1,2.9,,0,0,1,20.802469135802472
27,1,2.5,240.4,4.7,3,24.6,78,0,10.3,Mild,1,0,0,50.083333333333336
57,0,0.0,0.0,7.6,2,19.8,59,1,4.5,Mild,4,1,0,0.0
32,0,4.8,458.3,4.2,3,23.7,78,0,0.6,Mild,3,1,0,106.58139534883722
37,0,2.7,260.5,8.7,0,18.4,72,1,4.5,,3,0,0,29.60227272727273
45,2,5.7,537.3,4.8,3,25.2,60,0,3.2,Mild,4,1,0,109.6530612244898
40,1,4.4,421.1,5.8,1,23.2,55,2,4.9,Mild,0,1,0,71.37288135593221
36,1,1.3,121.3,8.8,0,18.4,74,1,12.2,,4,0,0,13.629213483146067
39,1,2.0,185.6,7.2,2,22.2,59,1,10.1,,1,0,0,25.424657534246574
63,1,0.8,80.4,6.0,2,19.7,73,1,4.2,Mild,0,0,0,13.18032786885246
34,1,1.5,142.1,6.9,2,22.2,76,1,6.1,,3,0,1,20.3
37,0,0.2,14.7,7.3,2,23.4,59,1,3.2,,4,0,0,1.9864864864864866
47,1,1.1,105.9,7.3,2,26.9,56,1,8.3,,4,0,0,14.310810810810812
48,0,0.9,90.0,6.6,2,20.5,68,1,3.4,,0,0,1,13.432835820895523
49,0,3.8,363.1,6.0,2,20.7,68,1,13.9,,3,0,0,59.524590163934434
42,1,0.1,6.6,7.8,2,25.4,62,1,4.0,,4,0,0,0.8354430379746836
21,1,5.8,554.7,5.8,1,24.2,52,2,10.7,Mild,2,0,0,94.0169491525424
54,0,2.0,191.6,5.4,1,27.0,81,2,5.9,Moderate,4,0,1,34.836363636363636
21,0,4.5,429.5,5.9,1,23.2,71,2,13.4,Mild,4,0,0,71.58333333333333
38,0,1.1,100.1,6.8,2,26.2,76,1,4.7,,1,0,1,14.507246376811594
25,0,3.7,348.4,6.9,2,15.0,71,1,0.2,,1,1,0,49.771428571428565
34,0,0.3,28.2,7.2,2,21.1,79,1,1.6,,4,0,1,3.863013698630137
38,0,0.3,27.4,5.4,1,24.1,67,2,1.0,Mild,4,1,0,4.9818181818181815
38,0,4.1,393.5,7.0,2,23.6,68,1,4.7,,1,0,0,55.42253521126761
40,0,2.3,220.1,6.4,2,24.6,62,1,10.1,,2,0,0,33.86153846153846
54,0,2.2,209.3,6.0,1,27.5,73,2,7.7,Moderate,3,0,0,34.31147540983607
40,1,1.0,94.5,8.0,2,21.9,66,1,3.7,,0,0,0,11.666666666666668
32,0,1.2,113.3,6.0,1,25.2,65,2,15.0,Mild,4,0,0,18.57377049180328
46,1,0.1,10.1,9.1,0,23.1,53,1,1.0,,3,0,1,1.0978260869565217
49,0,1.7,162.9,8.8,0,25.9,66,1,9.3,,4,0,1,18.303370786516854
20,1,2.9,274.0,7.8,2,26.0,75,1,12.0,,1,0,0,34.68354430379747
42,1,2.6,248.8,5.8,1,19.6,69,2,14.4,Mild,4,1,1,42.16949152542374
43,1,2.6,250.3,7.3,2,25.4,76,1,5.3,,3,0,1,33.82432432432433
31,1,0.0,0.0,7.3,2,26.4,59,1,8.6,,0,0,0,0.0
51,1,2.8,265.5,5.7,1,24.6,65,2,3.8,Moderate,1,0,1,45.775862068965516
33,0,2.0,192.1,8.0,2,25.5,74,1,0.5,,2,1,0,23.71604938271605
36,1,1.3,125.5,6.8,2,24.7,70,1,7.8,,4,0,0,18.18840579710145
32,1,0.6,61.5,4.0,3,20.9,50,0,8.9,Mild,0,0,0,15.000000000000002
35,1,3.5,332.1,8.2,0,22.1,66,1,4.1,,3,1,0,40.01204819277109
21,0,0.0,0.0,8.8,0,24.7,59,1,3.5,,1,0,0,0.0
18,1,0.6,61.7,6.8,2,23.7,68,1,4.2,,0,0,1,8.942028985507248
54,1,2.7,258.5,7.3,2,21.4,50,1,7.9,Mild,2,0,1,34.932432432432435
24,1,1.7,164.2,7.2,2,21.2,72,1,10.2,,4,0,1,22.493150684931507
23,0,3.1,291.4,6.0,1,23.7,78,2,10.8,Mild,1,0,0,47.77049180327869
18,1,2.6,251.2,9.8,0,18.4,65,1,4.2,,0,0,0,25.37373737373737
27,1,1.5,140.7,6.0,2,22.0,67,1,12.8,,3,0,0,23.065573770491802
19,1,0.0,0.0,7.1,2,29.0,62,1,7.3,,3,0,0,0.0
54,0,3.6,344.8,5.1,1,25.1,87,2,8.2,Moderate,2,0,0,66.30769230769232
47,1,2.2,212.9,7.7,2,22.2,84,1,3.4,,4,0,1,27.294871794871796
26,0,0.5,50.1,7.8,2,22.2,81,1,5.7,,2,0,0,6.341772151898735
62,1,0.0,0.0,8.0,0,33.6,88,1,0.8,Moderate,0,0,1,0.0
46,0,3.0,284.9,5.1,1,23.9,84,2,8.7,Mild,1,0,0,54.78846153846154
31,1,1.5,147.0,7.1,2,26.1,65,1,11.2,,1,0,0,20.416666666666668
18,1,0.8,74.2,7.4,2,21.1,71,1,8.2,,0,1,0,9.893333333333334
62,1,4.3,405.4,4.8,3,26.0,77,0,4.9,Moderate,1,1,0,82.73469387755102
18,1,0.0,0.0,7.5,2,18.5,73,1,12.5,,0,0,0,0.0
18,1,2.1,201.9,5.9,1,22.4,56,2,0.9,Mild,2,1,1,33.65
47,0,3.6,340.8,6.1,2,22.8,78,1,3.7,,4,0,0,54.96774193548388
64,2,3.2,307.1,7.2,2,15.4,76,1,0.8,Mild,3,1,0,42.06849315068494
51,1,0.5,51.8,7.2,2,25.9,76,1,5.9,Mild,3,0,0,7.095890410958904
41,0,4.5,425.2,5.4,1,22.0,75,2,3.8,Mild,3,0,0,77.30909090909091
42,0,4.6,439.8,4.9,3,27.3,72,0,10.2,Mild,1,0,0,87.96000000000001
45,0,4.0,383.5,6.2,2,23.0,78,1,1.2,,2,1,0,60.87301587301587
44,1,1.2,114.0,7.1,2,20.1,50,1,0.5,,2,0,1,15.833333333333336
38,0,2.2,205.4,6.7,2,26.1,76,1,8.3,,3,0,0,30.205882352941178
36,1,4.4,416.8,6.2,2,23.5,82,1,11.2,,2,0,1,66.15873015873017
34,0,3.2,300.8,6.2,2,24.2,88,1,7.0,,0,0,0,47.74603174603175
25,1,1.5,146.6,8.5,0,26.1,76,1,4.2,,3,1,0,17.046511627906977
31,1,2.2,207.2,6.9,2,24.9,61,1,7.5,,3,0,0,29.599999999999998
18,1,0.2,20.2,7.2,2,21.5,64,1,5.1,,4,1,0,2.767123287671233
33,1,4.2,401.3,6.1,2,17.2,76,1,4.4,,3,0,0,64.72580645161291
23,0,2.3,223.0,6.1,2,20.2,75,1,6.7,,1,0,1,35.96774193548387
21,1,5.1,485.9,8.5,0,23.3,62,1,9.2,,0,0,1,56.5
37,0,0.0,0.0,7.7,2,23.9,71,1,8.7,,2,1,1,0.0
51,1,1.0,99.1,7.8,2,29.8,68,1,1.6,Mild,1,1,1,12.544303797468354
46,1,2.4,230.0,5.7,1,32.3,68,2,3.3,Moderate,0,0,1,39.6551724137931
18,0,5.9,559.7,7.3,2,23.5,73,1,0.1,,4,0,0,75.63513513513514
23,2,2.6,248.6,5.4,1,25.7,71,2,6.6,Mild,3,0,1,45.199999999999996
46,1,1.4,129.2,7.2,2,22.2,86,1,11.6,,2,0,0,17.6986301369863
23,1,2.5,240.0,6.8,2,21.3,51,1,6.2,,3,1,0,34.78260869565218
32,0,1.5,141.2,8.4,0,23.1,70,1,15.0,,1,0,0,16.61176470588235
41,1,3.9,372.4,5.8,1,21.6,71,2,11.3,Mild,3,0,0,63.11864406779661
23,0,3.8,360.2,7.1,2,21.0,53,1,5.6,,0,0,1,50.02777777777778
36,0,4.9,467.0,6.7,2,21.8,79,1,14.6,,3,1,1,68.67647058823529
18,1,0.0,3.5,6.1,2,21.3,78,1,9.6,,3,1,0,0.5645161290322581
27,1,0.0,0.0,7.6,2,24.0,54,1,13.8,,4,0,0,0.0
38,1,2.2,204.3,6.5,2,24.6,79,1,1.3,,3,0,1,30.954545454545457
18,1,3.7,353.8,6.4,2,19.4,63,1,8.4,,4,0,0,54.43076923076923
40,0,4.0,383.5,6.0,1,25.4,75,2,13.6,Mild,1,0,0,62.868852459016395
34,0,2.9,271.7,6.6,2,23.7,73,1,9.8,,4,1,0,40.55223880597015
41,0,3.7,353.5,6.5,2,23.2,74,1,14.8,,4,1,0,53.56060606060606
37,0,4.8,453.4,6.9,2,25.3,51,1,14.9,,1,1,1,64.77142857142857
51,1,1.3,125.2,7.2,2,30.0,53,1,11.9,Moderate,4,0,0,17.15068493150685
36,0,4.7,446.6,7.4,2,23.4,74,1,4.2,,3,0,0,59.54666666666667
29,1,4.7,450.9,7.3,2,20.3,77,1,12.8,,1,0,0,60.932432432432435
36,0,1.7,158.8,8.5,0,26.1,61,1,10.6,,1,0,0,18.46511627906977
41,1,1.1,102.2,7.7,2,26.2,84,1,1.6,,4,1,1,13.102564102564104
35,0,3.6,345.5,6.6,2,25.1,65,1,5.8,,4,1,0,51.56716417910448
35,0,5.5,521.2,7.5,2,23.9,69,1,13.1,,0,0,0,68.57894736842105
26,1,1.2,117.2,7.0,2,19.6,68,1,10.6,,1,0,0,16.507042253521128
27,1,5.4,511.1,6.5,2,19.4,75,1,6.4,,2,0,0,77.43939393939395
18,0,1.1,100.6,3.8,3,22.5,69,0,9.2,Mild,3,0,0,25.794871794871796
55,1,2.2,206.2,5.6,1,19.9,68,2,14.1,Moderate,4,1,0,36.17543859649123
20,0,0.8,76.6,7.7,2,27.2,69,1,9.0,,1,1,0,9.82051282051282
26,0,3.1,298.9,8.1,0,17.7,73,1,3.4,,1,1,1,36.451219512195124
26,1,2.7,256.8,7.2,2,23.8,73,1,10.0,,3,1,0,35.178082191780824
45,1,2.6,244.6,7.3,2,23.4,74,1,4.0,,1,0,0,33.054054054054056
31,0,1.6,148.1,7.6,2,26.2,70,1,9.3,,2,0,1,19.233766233766236
49,1,1.9,176.6,6.8,2,26.9,77,1,9.7,,0,0,0,25.594202898550726
26,1,2.4,228.0,5.5,1,20.9,72,2,5.4,Mild,3,0,0,40.714285714285715
38,0,2.1,200.3,7.5,2,29.1,73,1,11.1,,2,1,0,26.35526315789474
24,0,2.4,231.4,5.1,1,19.8,75,2,4.4,Mild,1,0,0,44.50000000000001
60,1,0.3,24.2,7.6,2,27.4,76,1,0.2,Mild,1,0,0,3.1428571428571432
20,1,0.0,0.0,8.7,0,26.4,78,1,5.3,,4,0,0,0.0
38,0,3.0,286.9,6.9,2,16.7,70,1,12.9,,3,0,0,40.98571428571428
42,0,3.1,291.6,7.2,2,19.8,76,1,8.7,,0,1,1,39.945205479452056
39,0,2.9,270.9,7.9,2,27.6,83,1,12.7,,4,0,1,33.8625
32,1,3.3,312.7,6.3,2,24.7,62,1,1.9,,1,0,0,48.859375
33,0,1.8,173.0,8.5,0,24.3,70,1,2.9,,0,0,0,20.116279069767444
35,0,2.0,187.4,7.9,2,15.0,67,1,2.5,,3,1,0,23.425
33,0,1.8,169.4,6.9,2,23.3,83,1,11.8,,2,0,1,24.2
46,0,0.0,0.0,4.4,3,21.3,57,0,9.2,Mild,0,0,1,0.0
61,1,3.4,319.4,6.4,2,19.0,65,1,5.0,Mild,4,0,0,49.138461538461534
28,0,3.7,349.4,6.3,2,26.7,84,1,11.7,,2,0,0,54.59375
18,1,3.9,370.3,6.8,2,24.2,73,1,6.5,,2,1,1,53.66666666666667
33,1,2.0,193.2,8.4,0,20.6,75,1,9.2,,0,1,0,22.72941176470588
65,0,1.4,135.3,8.0,0,20.9,68,1,12.8,Mild,0,0,0,16.703703703703706
25,0,1.8,170.5,7.0,2,24.4,74,1,6.4,,4,0,1,24.014084507042256
54,0,1.7,164.0,6.4,2,25.9,70,1,11.3,Mild,0,1,0,25.23076923076923
55,0,0.0,0.0,4.8,3,27.0,59,0,8.5,Moderate,3,0,0,0.0
28,1,2.9,279.8,7.5,2,26.1,85,1,13.6,,2,0,0,36.81578947368421
41,0,3.8,357.7,6.9,2,23.9,72,1,6.8,,2,0,0,51.1
54,1,2.8,268.4,7.8,2,20.6,73,1,4.5,Mild,4,0,0,33.974683544303794
30,0,2.5,240.7,7.1,2,25.4,68,1,4.0,,0,0,0,33.43055555555556
32,1,1.6,148.1,6.1,2,20.1,86,1,2.9,,0,0,0,23.88709677419355
28,0,3.6,346.1,7.1,2,24.4,77,1,5.3,,2,0,1,48.06944444444445
22,1,2.4,225.0,7.1,2,23.4,68,1,6.5,,2,0,0,31.250000000000004
27,0,0.7,63.8,8.1,0,27.2,72,1,2.0,,4,1,0,7.7804878048780495
20,0,4.5,426.1,6.0,2,26.9,63,1,11.0,,0,0,0,69.85245901639345
35,1,3.5,329.7,5.8,1,26.3,70,2,14.1,Mild,1,0,0,55.88135593220339
25,0,5.0,473.3,6.5,2,25.9,67,1,6.2,,0,1,0,71.71212121212122
37,0,4.2,403.2,6.3,2,23.6,58,1,13.9,,4,0,0,63.0
18,0,1.6,148.7,6.2,2,30.2,72,1,6.3,Mild,2,0,1,23.6031746031746
38,0,2.1,196.9,6.1,2,26.4,67,1,3.3,,2,0,0,31.758064516129036
45,1,4.0,381.6,7.9,2,29.9,86,1,12.9,,1,0,0,47.7
18,1,0.7,70.0,6.9,2,28.2,55,1,13.5,,1,0,0,10.0
39,1,5.0,473.5,7.7,2,22.3,68,1,9.6,,4,0,0,60.705128205128204
49,1,3.0,284.2,9.2,0,21.8,74,1,13.8,,0,0,0,30.55913978494624
20,1,3.7,355.5,6.3,2,26.0,80,1,5.2,,2,0,0,55.54687500000001
55,0,3.0,283.5,5.8,1,19.2,67,2,4.8,Moderate,3,0,0,48.05084745762712
40,1,2.6,245.1,5.5,1,22.6,94,2,12.8,Mild,3,0,0,43.767857142857146
26,1,2.1,196.1,8.1,0,21.3,67,1,4.2,,3,0,0,23.914634146341466
34,1,2.3,216.6,6.6,2,23.9,61,1,13.0,,2,1,1,32.32835820895523
41,0,0.0,0.0,7.2,2,15.5,68,1,3.6,,2,1,0,0.0
35,0,3.3,317.7,6.2,2,32.6,89,1,10.4,Mild,3,0,0,50.42857142857143
41,1,5.8,548.0,6.1,2,26.8,83,1,12.3,,1,0,1,88.38709677419355
23,0,1.3,119.3,10.0,0,28.1,87,1,13.0,,3,0,0,11.811881188118813
37,1,0.3,28.3,6.3,2,24.6,84,1,14.5,,1,0,0,4.421875000000001
18,2,4.9,461.0,3.9,3,28.8,91,0,4.5,Mild,4,0,1,115.25
33,0,3.1,291.3,6.6,2,26.2,71,1,8.2,,3,0,0,43.477611940298516
24,1,3.9,366.4,5.9,1,27.3,90,2,14.3,Mild,3,0,0,61.06666666666666
26,0,3.3,309.2,7.4,2,26.0,75,1,0.2,,1,1,0,41.22666666666667
49,0,1.1,105.4,6.9,2,29.4,77,1,9.2,,1,0,1,15.057142857142859
48,1,3.9,367.0,7.9,2,21.2,86,1,2.2,,1,0,0,45.875
42,0,1.8,167.2,4.4,3,30.2,94,0,6.6,Moderate,4,1,0,37.15555555555555
21,1,1.3,119.8,7.6,2,23.4,87,1,1.3,,3,0,1,15.55844155844156
31,1,3.5,328.5,8.2,0,20.8,58,1,5.0,,1,0,0,39.578313253012055
49,1,2.8,262.1,6.2,2,25.8,71,1,10.4,,4,0,0,41.60317460317461
36,1,3.1,296.4,6.1,2,19.6,71,1,12.2,,4,0,0,47.806451612903224
62,1,3.1,291.3,6.1,2,22.1,61,1,8.4,Mild,2,1,1,46.98387096774194
39,0,3.7,355.8,5.9,1,22.9,60,2,6.5,Mild,1,0,0,59.300000000000004
37,1,4.4,422.3,7.8,2,23.1,66,1,5.1,,1,0,0,53.45569620253165
31,1,2.8,267.6,5.6,1,27.9,78,2,13.6,Mild,1,0,0,46.947368421052644
36,0,4.7,443.4,7.1,2,27.3,80,1,3.0,,2,0,0,61.583333333333336
33,0,4.2,398.8,4.6,3,22.8,69,0,10.3,Mild,1,0,1,84.85106382978725
43,2,3.6,342.9,5.0,1,25.8,52,2,2.1,Mild,1,0,0,67.23529411764706
46,0,1.6,155.6,7.0,2,32.4,72,1,13.5,Mild,4,0,0,21.91549295774648
25,0,4.0,377.1,5.2,1,19.2,88,2,4.3,Mild,1,0,1,71.15094339622642
19,0,3.1,298.4,5.3,1,20.0,64,2,5.6,Mild,3,0,1,55.25925925925926
18,0,0.5,46.2,8.4,0,24.2,86,1,2.7,,0,0,0,5.435294117647059
41,0,0.7,68.7,7.5,2,34.8,69,1,14.0,Mild,1,0,0,9.039473684210527
21,1,0.7,64.4,7.0,2,20.7,80,1,13.3,,4,1,0,9.07042253521127
18,1,0.7,67.5,7.7,2,21.7,82,1,7.1,,2,1,0,8.653846153846153
39,0,0.9,81.4,5.2,1,26.2,65,2,0.5,Mild,2,0,0,15.358490566037737
64,1,3.8,356.7,5.4,1,27.8,70,2,13.6,Moderate,0,1,1,64.85454545454546
34,1,2.6,249.2,6.9,2,24.0,77,1,14.4,,4,0,0,35.6
45,0,3.8,363.3,4.7,3,24.9,71,0,1.0,Mild,1,1,0,75.6875
35,0,0.8,77.9,5.2,1,23.9,57,2,9.1,Mild,2,0,0,14.698113207547172
33,1,0.2,17.8,6.6,2,24.7,71,1,14.3,,2,1,1,2.6567164179104483
46,0,1.2,114.5,7.1,2,18.2,75,1,10.4,,3,0,1,15.902777777777779
31,0,3.5,336.2,6.2,2,24.7,67,1,7.7,,0,0,0,53.36507936507937
38,0,3.6,344.1,5.4,1,24.1,59,2,5.1,Mild,3,1,1,62.56363636363637
38,0,2.2,205.1,5.7,1,25.5,89,2,11.1,Mild,2,0,0,35.36206896551724
26,0,3.0,283.4,6.3,2,21.8,76,1,14.8,,1,1,0,44.28125
46,0,1.7,165.3,7.7,2,26.0,82,1,9.6,,1,0,0,21.192307692307693
32,1,1.4,134.1,8.6,0,27.3,72,1,7.6,,3,0,1,15.413793103448276
25,0,3.1,294.2,6.7,2,34.1,72,1,2.5,Mild,1,0,0,43.26470588235294
41,0,3.5,332.0,4.2,3,22.1,84,0,12.9,Mild,0,1,0,77.2093023255814
24,0,5.2,492.6,7.3,2,20.1,71,1,5.8,,3,0,0,66.56756756756758
35,0,1.0,95.2,7.7,2,24.7,67,1,11.5,,4,0,0,12.205128205128206
34,1,0.8,77.4,6.2,2,26.1,80,1,5.2,,1,0,0,12.285714285714286
48,0,1.8,166.9,6.5,2,24.5,84,1,1.8,,1,0,0,25.28787878787879
40,1,3.4,324.9,8.2,0,24.5,66,1,10.0,,4,0,1,39.144578313253014
34,1,5.5,523.6,8.1,0,21.8,81,1,8.2,,0,0,0,63.85365853658537
44,1,2.7,257.7,5.7,1,17.8,58,2,2.3,Mild,3,0,0,44.43103448275862
51,1,1.2,114.6,9.5,0,29.0,69,1,12.4,Mild,3,1,1,11.9375
41,0,0.8,75.2,7.5,2,30.5,75,1,4.5,Mild,0,0,0,9.894736842105264
35,1,1.6,154.5,9.8,0,21.1,64,1,6.6,,3,0,0,15.606060606060606
19,1,2.8,270.2,5.0,3,21.6,77,0,7.5,Mild,1,0,1,52.98039215686275
22,0,3.6,339.0,5.9,1,17.7,76,2,3.7,Mild,0,0,1,56.5
31,1,2.8,268.6,4.0,3,22.4,77,0,7.5,Mild,1,0,0,65.51219512195124
27,1,1.4,134.9,6.6,2,25.4,80,1,1.0,,1,0,1,20.134328358208958
32,1,0.5,51.1,7.9,2,21.4,69,1,2.8,,1,1,0,6.3875
35,1,3.5,331.0,8.7,0,27.0,62,1,4.1,,4,1,1,37.61363636363637
41,1,1.7,159.0,5.9,1,20.2,65,2,5.4,Mild,0,0,0,26.5
34,1,1.8,170.8,7.2,2,26.5,67,1,3.7,,1,1,0,23.397260273972606
40,0,1.0,93.0,6.5,2,25.2,91,1,7.1,,0,0,0,14.090909090909092
35,1,0.2,16.0,7.8,2,22.6,56,1,9.9,,2,0,0,2.0253164556962027
18,1,5.0,471.9,6.1,2,23.0,63,1,5.2,,1,0,0,76.11290322580646
23,0,1.5,143.6,6.5,2,26.8,62,1,0.6,,3,0,1,21.757575757575758
33,1,0.0,0.0,4.9,3,34.9,85,0,9.5,Moderate,2,0,0,0.0
20,0,2.7,260.7,6.9,2,23.5,73,1,13.2,,3,1,1,37.24285714285714
42,0,2.3,216.4,8.4,0,28.0,60,1,1.9,,2,0,1,25.458823529411767
53,1,0.0,0.0,5.5,1,30.5,70,2,2.8,Severe,4,0,1,0.0
49,0,4.2,400.1,7.5,2,21.4,68,1,0.4,,4,1,0,52.64473684210527
32,1,3.5,331.9,6.6,2,20.5,67,1,3.3,,2,0,0,49.53731343283582
52,1,3.8,357.6,4.0,3,24.0,77,0,4.4,Moderate,2,1,1,87.21951219512196
36,0,2.9,275.7,6.2,2,24.7,67,1,6.8,,0,0,0,43.76190476190476
30,1,0.5,51.8,6.6,2,26.0,76,1,10.5,,4,1,0,7.73134328358209
27,0,2.4,228.6,7.2,2,20.8,77,1,6.5,,0,0,0,31.315068493150687
31,0,1.8,169.0,7.4,2,27.0,61,1,5.5,,3,0,0,22.533333333333335
30,1,1.5,144.9,6.9,2,19.5,65,1,10.3,,4,0,0,20.7
37,0,5.0,470.7,7.1,2,23.9,71,1,9.7,,0,1,0,65.375
36,0,1.0,96.2,5.8,1,25.3,92,2,6.4,Mild,1,0,0,16.305084745762713
35,2,1.8,171.5,6.5,2,18.5,70,1,5.1,,3,1,0,25.984848484848488
40,0,2.6,242.9,6.4,2,25.7,74,1,5.7,,4,0,0,37.36923076923077
49,0,3.1,293.6,7.9,2,23.1,69,1,6.1,,1,1,0,36.7
46,1,5.0,478.7,4.0,3,22.2,66,0,1.3,Mild,2,1,0,116.75609756097562
18,0,2.3,214.2,7.4,2,25.2,63,1,2.7,,1,0,1,28.56
18,1,2.9,279.0,8.4,0,18.2,74,1,9.8,,2,0,1,32.8235294117647
46,1,0.7,65.9,7.0,2,25.6,76,1,14.0,,2,0,0,9.281690140845072
18,0,3.4,319.5,10.0,0,19.2,51,1,1.3,,2,0,0,31.633663366336634
32,1,5.4,513.3,5.6,1,25.4,76,2,1.8,Mild,2,0,1,90.05263157894737
20,0,1.9,176.6,6.6,2,24.4,75,1,1.5,,3,0,0,26.358208955223883
18,1,3.7,351.9,5.8,1,30.0,86,2,3.8,Moderate,2,0,0,59.64406779661017
41,0,0.4,36.5,6.7,2,30.0,80,1,11.9,Mild,2,0,0,5.36764705882353
44,1,2.0,188.3,7.5,2,27.1,66,1,12.5,,2,0,1,24.77631578947369
28,1,2.1,195.5,6.3,2,23.7,60,1,13.4,,4,0,0,30.546875000000004
18,1,3.0,287.7,5.6,1,24.0,65,2,11.8,Mild,0,0,1,50.47368421052632
28,0,2.3,217.6,4.7,3,19.4,75,0,6.9,Mild,1,0,0,45.333333333333336
39,1,4.2,398.4,6.2,2,16.8,68,1,8.5,,1,0,1,63.238095238095234
18,0,1.7,164.3,6.7,2,28.3,75,1,10.3,,0,0,0,24.161764705882355
37,1,3.6,341.6,6.1,2,22.3,90,1,3.7,,3,0,1,55.0967741935484
34,1,2.7,260.5,9.3,0,20.5,81,1,8.2,,2,1,0,27.71276595744681
41,1,0.9,83.8,7.6,2,16.9,74,1,7.7,,4,1,0,10.883116883116884
36,1,0.0,0.0,6.4,2,24.5,69,1,11.5,,1,0,1,0.0
23,0,2.7,258.4,7.4,2,22.9,70,1,3.5,,0,1,0,34.45333333333333
49,0,1.5,139.9,7.8,2,21.3,78,1,13.8,,2,0,0,17.70886075949367
33,1,2.9,276.7,6.6,2,21.1,71,1,5.8,,1,0,1,41.29850746268657
34,0,0.6,57.9,6.4,2,25.0,75,1,7.4,,1,0,0,8.907692307692308
23,0,3.3,313.5,5.3,1,24.2,64,2,5.0,Mild,1,1,0,58.055555555555564
29,1,4.9,461.0,7.9,2,17.1,72,1,1.7,,2,0,0,57.625
24,1,2.1,203.4,6.5,2,20.4,71,1,2.7,,3,0,0,30.81818181818182
32,0,0.0,0.0,6.8,2,27.4,74,1,14.9,,0,0,0,0.0
55,1,2.4,229.6,8.0,2,20.9,58,1,5.2,Mild,0,0,0,28.34567901234568
18,1,1.4,136.0,6.8,2,27.6,76,1,1.7,,1,1,0,19.710144927536234
18,1,1.1,102.5,9.8,0,24.0,71,1,6.7,,3,1,0,10.353535353535353
52,0,2.2,207.6,6.0,2,22.0,55,1,2.1,Mild,3,0,0,34.032786885245905
32,1,4.0,379.5,6.0,1,22.4,83,2,9.2,Mild,2,0,0,62.21311475409836
26,1,1.6,155.3,5.9,1,26.3,59,2,0.4,Mild,0,0,0,25.883333333333336
47,1,3.5,336.9,5.5,1,20.2,68,2,8.4,Mild,1,0,0,60.160714285714285
27,1,2.2,206.8,7.2,2,18.6,51,1,10.3,,1,0,1,28.328767123287673
56,1,2.4,224.6,7.5,2,21.1,78,1,1.2,Mild,3,0,0,29.55263157894737
43,0,4.1,393.1,5.9,1,18.9,73,2,2.2,Mild,4,0,1,65.51666666666667
29,1,2.1,197.6,6.7,2,19.7,85,1,11.6,,2,1,0,29.058823529411764
60,0,3.6,346.7,6.7,2,19.6,69,1,6.3,Mild,3,0,0,50.98529411764706
27,1,2.2,205.1,8.2,0,24.5,76,1,1.4,,2,0,0,24.71084337349398
43,0,3.3,317.2,5.8,1,16.1,79,2,12.9,Mild,3,0,0,53.76271186440678
38,0,2.1,199.7,6.9,2,24.4,73,1,11.1,,3,0,1,28.52857142857143
50,1,2.8,261.9,7.1,2,23.5,67,1,2.8,,3,0,0,36.375
53,0,2.9,274.1,7.1,2,26.8,62,1,5.2,Mild,4,0,1,38.06944444444445
35,0,3.5,333.8,6.6,2,25.2,63,1,8.5,,0,0,0,49.820895522388064
25,0,3.2,305.9,7.7,2,25.0,78,1,0.3,,1,0,0,39.217948717948715
40,1,1.2,117.2,6.0,1,20.0,63,2,7.3,Mild,2,0,1,19.213114754098363
26,2,5.2,496.9,6.0,2,22.3,65,1,5.1,,3,1,0,81.45901639344262
59,0,2.5,241.2,5.9,1,17.9,63,2,13.9,Moderate,1,0,0,40.199999999999996
36,0,3.9,368.0,5.6,1,28.6,71,2,3.4,Mild,3,0,0,64.56140350877193
30,0,0.0,0.0,7.1,2,29.3,73,1,6.0,,0,0,0,0.0
37,1,3.7,352.0,7.6,2,25.8,77,1,2.4,,0,1,0,45.714285714285715
18,0,3.6,346.6,5.5,1,19.1,63,2,1.9,Mild,0,0,0,61.89285714285715
23,0,2.9,270.8,7.7,2,26.5,71,1,4.2,,3,0,1,34.71794871794872
49,0,0.0,0.0,6.6,2,22.1,50,1,12.2,,1,0,1,0.0
27,1,1.4,134.6,5.6,1,17.3,72,2,5.7,Mild,0,1,1,23.6140350877193
22,0,1.0,91.6,6.1,2,22.5,65,1,2.8,,2,0,0,14.774193548387098
41,1,4.2,403.2,7.5,2,28.0,51,1,0.3,,4,0,0,53.05263157894737
49,0,0.7,66.0,5.6,1,23.1,58,2,8.2,Mild,4,0,0,11.578947368421055
43,1,3.3,316.5,8.9,0,24.4,70,1,7.4,,4,1,1,35.166666666666664
46,1,2.1,196.2,6.9,2,19.1,64,1,3.2,,4,0,1,28.02857142857143
25,0,4.1,391.8,4.3,3,23.0,72,0,5.4,Mild,4,1,0,89.04545454545456
18,1,2.8,270.1,5.3,1,22.9,72,2,4.3,Mild,4,1,0,50.018518518518526
53,0,1.5,145.5,7.8,2,19.8,73,1,10.7,Mild,3,0,0,18.417721518987342
31,0,1.3,127.1,5.0,1,24.7,69,2,5.5,Mild,1,0,0,24.92156862745098
31,1,1.8,174.6,7.5,2,22.9,59,1,7.0,,2,0,1,22.973684210526315
50,1,0.0,0.0,5.6,1,26.1,76,2,14.8,Mild,1,0,0,0.0
41,0,5.2,489.8,6.7,2,21.8,73,1,13.4,,2,0,1,72.02941176470588
40,1,4.5,424.7,7.9,2,24.5,57,1,9.9,,0,1,1,53.0875
60,0,2.6,247.2,7.1,2,21.0,63,1,7.2,Mild,2,0,0,34.333333333333336
27,0,3.9,371.4,7.4,2,17.6,80,1,5.3,,3,0,0,49.519999999999996
46,1,2.4,232.3,7.5,2,28.2,57,1,14.1,,0,0,0,30.565789473684212
35,1,3.2,299.7,5.2,1,22.0,82,2,13.7,Mild,4,0,0,56.54716981132076
38,1,4.0,378.1,5.0,3,20.3,93,0,2.5,Mild,3,0,0,74.13725490196079
53,0,2.1,203.5,4.6,3,26.0,65,0,3.8,Moderate,3,1,0,43.29787234042554
41,1,3.7,347.8,6.8,2,24.0,63,1,5.9,,1,1,0,50.40579710144928
41,1,0.0,0.0,6.9,2,18.6,77,1,6.9,,1,0,0,0.0
47,0,2.8,268.1,5.4,1,23.1,67,2,8.1,Mild,0,1,0,48.74545454545455
30,0,2.5,235.4,7.0,2,17.3,66,1,0.6,,3,0,1,33.15492957746479
24,1,2.0,189.0,8.6,0,21.3,76,1,1.0,,0,0,1,21.724137931034484
22,1,2.2,208.0,7.5,2,29.3,64,1,7.0,,4,0,0,27.36842105263158
18,0,2.1,203.0,8.3,0,19.7,68,1,13.8,,1,1,0,24.166666666666664
59,0,4.2,395.4,5.9,1,21.1,68,2,11.1,Moderate,3,0,0,65.89999999999999
21,0,2.4,229.2,6.8,2,24.8,70,1,8.1,,4,0,1,33.21739130434783
32,0,6.7,639.5,6.4,2,19.7,58,1,0.4,,3,1,0,98.38461538461539
31,0,1.1,103.6,7.9,2,21.1,66,1,1.0,,4,0,1,12.95
38,0,3.3,316.5,4.7,3,28.1,62,0,9.4,Mild,2,0,0,65.9375
44,0,3.8,365.0,8.2,0,20.2,61,1,2.9,,4,0,0,43.975903614457835
45,0,1.9,182.0,7.0,2,22.9,85,1,8.6,,2,0,0,25.633802816901408
28,0,0.7,64.6,8.5,0,21.1,92,1,6.8,,1,0,0,7.511627906976744
32,1,1.8,173.2,8.0,2,21.9,60,1,2.8,,2,0,0,21.382716049382715
38,1,0.5,49.2,4.4,3,24.5,74,0,7.0,Mild,0,1,0,10.933333333333334
32,0,1.3,120.1,7.2,2,24.0,65,1,13.3,,4,0,0,16.45205479452055
54,1,3.1,292.7,7.1,2,21.6,77,1,3.4,Mild,1,0,0,40.65277777777778
40,0,6.4,606.6,5.8,1,23.5,54,2,14.4,Mild,3,0,0,102.81355932203391
43,1,5.1,484.8,6.2,2,27.7,66,1,3.4,,4,1,1,76.95238095238096
42,0,1.6,150.9,5.7,1,23.6,69,2,6.8,Mild,4,1,0,26.017241379310345
49,1,3.9,372.3,6.2,2,23.9,52,1,10.8,,2,0,0,59.0952380952381
37,0,2.0,185.7,6.3,2,21.0,73,1,11.6,,2,0,0,29.015625
19,0,1.2,113.5,6.2,2,26.0,54,1,4.7,,4,0,0,18.015873015873016
39,1,2.4,225.7,6.2,2,20.0,78,1,0.2,,4,1,1,35.82539682539682
27,0,0.0,0.0,4.2,3,29.3,62,0,9.4,Mild,0,0,0,0.0
28,1,0.0,0.0,6.4,2,23.5,64,1,4.8,,3,0,1,0.0
42,1,3.9,367.6,5.3,1,22.8,71,2,7.8,Mild,0,1,0,68.07407407407409
49,1,4.5,431.9,5.3,1,28.7,69,2,1.0,Mild,0,0,1,79.98148148148148
35,1,0.0,0.0,5.3,1,26.8,72,2,5.9,Mild,3,0,0,0.0
38,2,4.7,445.2,6.0,2,29.6,90,1,9.5,,1,0,0,72.98360655737706
55,1,4.2,402.6,5.3,1,27.6,83,2,1.2,Moderate,3,1,0,74.55555555555557
37,0,2.0,187.8,5.6,1,21.6,56,2,7.1,Mild,1,0,0,32.94736842105264
66,1,3.2,302.3,6.7,2,22.0,63,1,6.6,Mild,4,0,1,44.45588235294118
41,0,5.2,496.5,8.2,0,24.9,69,1,4.7,,0,1,1,59.819277108433745
18,1,4.3,412.2,6.5,2,22.7,58,1,14.8,,4,1,0,62.45454545454545
44,0,3.2,307.9,7.8,2,27.8,73,1,14.6,,0,0,0,38.974683544303794
39,0,1.5,147.2,6.7,2,20.2,85,1,7.3,,2,0,0,21.64705882352941
50,0,1.9,179.1,9.7,0,23.4,67,1,2.8,,0,0,0,18.275510204081634
43,1,3.5,337.2,5.1,1,22.5,74,2,7.0,Mild,0,0,0,64.84615384615385
33,0,3.3,314.7,4.1,3,22.4,62,0,12.7,Mild,0,0,0,74.92857142857144
20,1,4.2,403.1,7.4,2,23.9,72,1,5.2,,1,0,1,53.74666666666667
32,1,0.3,31.6,7.8,2,22.3,67,1,5.1,,2,0,0,4.000000000000001
24,1,3.2,300.9,4.4,3,22.4,68,0,12.1,Mild,1,0,0,66.86666666666666
28,1,3.6,340.0,6.3,2,19.6,65,1,9.4,,3,0,1,53.12500000000001
42,1,2.1,203.0,8.8,0,23.8,81,1,6.1,,3,1,1,22.808988764044944
55,0,6.1,576.9,7.2,2,21.1,78,1,7.8,Mild,2,0,0,79.02739726027397
39,1,1.2,114.3,5.0,3,21.0,77,0,8.9,Mild,3,0,1,22.411764705882355
20,1,2.4,229.5,4.2,3,23.5,68,0,2.4,Mild,4,0,1,53.372093023255815
40,1,3.6,341.7,8.4,0,25.0,71,1,7.2,,1,1,1,40.199999999999996
49,0,3.8,360.5,5.4,1,30.9,64,2,7.8,Moderate,0,0,0,65.54545454545455
27,0,2.1,202.5,7.8,2,21.4,65,1,14.9,,4,0,1,25.632911392405067
33,1,2.1,202.3,7.5,2,26.9,66,1,3.8,,0,0,0,26.618421052631582
35,0,3.5,337.1,6.4,2,22.9,65,1,3.7,,3,0,1,51.861538461538466
25,0,3.2,303.7,5.6,1,29.9,67,2,11.4,Mild,1,0,0,53.28070175438597
42,1,2.6,250.6,8.4,0,31.8,87,1,5.0,Mild,3,0,1,29.48235294117647
33,0,0.0,0.0,4.3,3,20.1,75,0,0.8,Mild,1,1,0,0.0
40,0,2.7,258.6,7.9,2,24.5,73,1,14.4,,0,0,0,32.325
24,0,4.9,467.7,5.9,1,25.4,62,2,0.6,Mild,0,0,0,77.95
29,1,3.4,321.5,5.6,1,29.6,61,2,13.8,Mild,0,1,0,56.40350877192983
43,1,1.3,127.0,6.7,2,20.3,56,1,12.2,,2,0,0,18.676470588235293
30,1,0.3,29.6,8.3,0,28.0,83,1,9.2,,3,0,0,3.5238095238095237
55,0,3.9,374.1,4.9,3,24.2,74,0,13.2,Moderate,2,0,1,74.82000000000001
30,0,1.8,172.0,7.1,2,16.6,66,1,2.9,,4,1,0,23.888888888888893
37,1,4.5,427.8,7.0,2,23.7,73,1,2.8,,2,1,1,60.25352112676057
46,1,4.5,424.5,6.1,2,26.7,77,1,6.7,,0,0,1,68.46774193548387
18,0,2.3,216.3,5.3,1,29.5,58,2,14.9,Mild,1,0,1,40.055555555555564
18,0,3.0,283.8,5.6,1,24.6,74,2,0.1,Mild,3,1,0,49.789473684210535
18,0,3.2,301.6,8.7,0,23.7,70,1,2.1,,3,1,0,34.27272727272728
50,0,0.7,66.5,8.0,0,16.8,67,1,10.8,,3,0,1,8.209876543209877
28,0,5.1,480.7,7.0,2,25.3,74,1,3.9,,4,0,0,67.70422535211267
65,1,3.2,308.6,9.1,0,21.4,81,1,8.3,Mild,3,0,0,33.54347826086957
28,1,2.7,259.3,5.6,1,22.8,93,2,10.7,Mild,4,0,0,45.491228070175445
37,1,4.0,378.1,6.4,2,27.5,79,1,12.6,,0,0,1,58.16923076923077
53,0,3.0,281.0,6.6,2,26.1,52,1,8.4,Mild,1,0,0,41.94029850746269
59,1,0.9,82.5,8.4,0,25.9,73,1,1.5,Mild,0,0,1,9.705882352941176
59,0,1.3,122.7,4.8,3,20.4,69,0,10.4,Moderate,2,0,0,25.040816326530617
49,1,0.0,0.0,7.1,2,18.3,80,1,7.5,,3,0,1,0.0
47,1,2.6,246.9,6.6,2,21.2,74,1,10.4,,2,0,0,36.85074626865672
42,0,3.3,316.2,7.5,2,19.0,73,1,0.9,,4,0,1,41.60526315789474
44,1,2.2,210.8,6.1,2,28.3,71,1,0.1,,0,0,0,34.00000000000001
28,1,0.8,72.8,8.3,0,24.7,68,1,13.6,,3,0,1,8.666666666666666
25,0,1.8,167.0,7.2,2,31.4,71,1,8.5,Mild,4,0,0,22.876712328767123
34,1,1.9,184.9,5.8,1,25.8,95,2,2.7,Mild,0,0,0,31.33898305084746
32,0,3.8,361.1,7.1,2,29.7,67,1,10.6,,0,0,0,50.152777777777786
29,0,4.6,441.5,6.2,2,25.7,64,1,10.6,,4,0,0,70.07936507936508
43,0,0.0,0.0,7.6,2,28.4,69,1,13.7,,1,0,0,0.0
46,0,2.4,226.3,5.2,1,24.1,53,2,11.5,Mild,0,0,0,42.69811320754717
36,1,1.6,151.4,6.4,2,29.0,55,1,12.6,,3,0,0,23.292307692307695
52,0,2.1,200.4,7.9,2,27.5,58,1,12.5,Mild,2,1,1,25.05
21,1,3.8,357.5,8.1,0,18.5,62,1,4.4,,4,0,1,43.59756097560976
32,1,1.8,166.3,7.3,2,27.6,102,1,7.8,,1,0,1,22.472972972972975
26,1,3.5,335.0,6.2,2,26.7,61,1,0.5,,0,0,0,53.17460317460318
18,1,5.5,521.3,5.5,1,16.3,71,2,0.6,Mild,2,0,0,93.08928571428571
34,0,1.8,173.3,5.9,1,23.5,63,2,13.2,Mild,1,0,0,28.883333333333336
33,1,2.2,206.6,5.8,1,28.2,71,2,0.8,Mild,4,1,0,35.016949152542374
53,0,2.1,203.4,5.7,1,15.3,86,2,8.2,Moderate,0,1,1,35.06896551724138
42,1,6.1,577.6,6.0,1,26.7,87,2,13.9,Mild,0,0,0,94.68852459016395
22,1,1.7,166.2,6.0,2,25.5,64,1,3.1,,4,0,1,27.24590163934426
57,0,4.7,447.0,7.0,2,24.2,68,1,6.6,Mild,2,0,0,62.95774647887324
49,1,2.4,232.4,7.1,2,36.7,77,1,9.7,Mild,2,0,0,32.27777777777778
41,0,2.8,261.8,7.9,2,26.9,78,1,8.4,,3,0,0,32.725
32,1,3.7,355.5,7.1,2,21.9,71,1,5.5,,0,0,0,49.37500000000001
23,1,1.9,184.4,7.7,2,22.8,77,1,11.8,,4,0,0,23.641025641025642
30,1,4.0,377.5,5.4,1,27.6,60,2,6.1,Mild,0,0,0,68.63636363636364
48,0,2.1,198.1,7.3,2,26.4,60,1,5.8,,3,1,0,26.77027027027027
57,1,0.9,85.2,7.2,2,23.0,65,1,0.3,Mild,3,0,0,11.67123287671233
53,1,4.0,382.4,4.0,3,28.0,61,0,13.0,Moderate,1,1,0,93.26829268292683
29,1,3.4,324.5,6.4,2,19.8,78,1,15.0,,0,0,0,49.92307692307692
21,0,1.6,154.0,5.6,1,27.6,50,2,11.1,Mild,4,1,0,27.017543859649127
36,0,4.2,401.8,4.5,3,22.2,70,0,14.6,Mild,1,0,0,87.34782608695653
18,0,1.0,97.2,6.5,2,26.6,67,1,7.4,,4,0,0,14.727272727272728
38,1,3.1,297.8,5.8,1,31.2,75,2,8.7,Moderate,3,1,1,50.47457627118645
33,0,0.0,0.0,6.1,2,16.6,67,1,13.3,,2,0,1,0.0
29,0,1.9,182.0,5.0,3,22.6,75,0,7.9,Mild,2,0,0,35.68627450980392
18,0,1.2,117.5,8.9,0,15.3,65,1,1.1,,4,0,0,13.055555555555555
41,0,0.6,58.1,5.4,1,26.5,61,2,11.1,Mild,4,0,0,10.563636363636364
28,0,2.5,241.0,6.2,2,28.7,64,1,2.1,,2,0,0,38.25396825396825
20,1,3.0,284.8,7.4,2,21.3,69,1,5.1,,1,0,0,37.973333333333336
18,0,3.4,325.1,7.7,2,25.8,65,1,12.7,,2,0,0,41.67948717948718
34,0,2.5,237.7,5.3,1,25.3,63,2,4.2,Mild,3,0,0,44.01851851851852
56,1,3.1,298.9,6.3,2,25.4,51,1,14.0,Mild,0,0,0,46.703125
54,1,0.8,77.5,7.5,2,26.6,81,1,12.2,Mild,4,0,1,10.197368421052632
29,0,1.2,112.1,7.2,2,26.2,72,1,14.5,,1,0,1,15.356164383561643
27,1,2.5,235.0,7.1,2,22.2,65,1,1.6,,3,0,0,32.63888888888889
40,0,1.2,112.7,5.4,1,22.6,83,2,4.4,Mild,0,0,1,20.490909090909092
23,1,2.5,238.3,5.6,1,18.0,58,2,11.9,Mild,1,0,0,41.80701754385966
38,1,1.5,144.9,6.6,2,15.5,64,1,10.1,,4,0,0,21.626865671641795
44,1,2.3,214.9,6.3,2,23.9,74,1,11.5,,1,1,0,33.57812500000001
49,1,0.0,0.3,7.2,2,30.8,66,1,13.1,Mild,3,0,1,0.0410958904109589
33,1,0.0,0.0,5.7,1,20.1,69,2,4.1,Mild,2,0,0,0.0
32,1,1.4,135.3,8.0,2,21.7,63,1,14.6,,4,0,0,16.703703703703706
24,0,0.5,48.4,5.5,1,24.2,56,2,11.4,Mild,0,0,0,8.642857142857142
25,2,0.0,0.0,7.3,2,22.6,61,1,14.2,,4,0,1,0.0
32,1,3.2,306.3,5.5,1,23.9,76,2,1.6,Mild,3,0,0,54.69642857142858
39,0,4.0,375.9,6.1,2,25.4,75,1,8.4,,0,0,0,60.62903225806452
45,0,3.8,362.2,4.7,3,24.8,62,0,12.2,Mild,3,0,0,75.45833333333333
25,0,2.3,216.9,6.5,2,20.2,50,1,1.3,,4,0,0,32.86363636363637
52,0,2.3,214.0,7.5,2,19.8,70,1,7.3,Mild,1,1,1,28.157894736842106
31,1,2.6,251.6,8.1,0,24.9,64,1,12.0,,3,0,0,30.682926829268293
34,1,1.5,144.2,6.7,2,18.6,69,1,0.7,,2,0,0,21.205882352941174
26,1,0.0,0.0,5.5,1,28.3,75,2,10.8,Mild,2,0,0,0.0
18,1,4.3,406.7,7.3,2,25.1,89,1,14.5,,4,0,1,54.95945945945946
45,0,2.5,239.5,7.0,2,28.5,65,1,0.8,,0,1,1,33.732394366197184
43,1,2.4,230.8,6.4,2,26.0,67,1,13.8,,1,0,1,35.50769230769231
31,0,2.0,192.4,6.0,2,23.7,67,1,6.3,,0,0,0,31.54098360655738
35,0,3.4,322.1,6.3,2,28.0,80,1,0.4,,3,0,0,50.32812500000001
41,0,2.3,220.7,6.7,2,23.9,74,1,5.2,,4,0,0,32.455882352941174
18,0,1.8,167.8,7.7,2,22.4,70,1,4.6,,1,0,0,21.512820512820515
28,1,2.0,189.7,5.7,1,17.4,75,2,3.7,Mild,4,0,0,32.706896551724135
44,0,2.6,246.7,5.8,1,23.4,54,2,12.4,Mild,4,0,0,41.8135593220339
19,1,0.8,73.2,6.6,2,20.8,71,1,6.8,,4,0,0,10.92537313432836
38,0,4.6,439.0,4.7,3,21.0,84,0,4.6,Mild,0,0,1,91.45833333333334
18,0,1.6,151.0,7.6,2,22.0,71,1,4.7,,3,1,1,19.61038961038961
40,0,1.3,124.2,7.5,2,26.1,71,1,14.9,,3,1,0,16.342105263157897
34,1,1.9,183.6,7.1,2,19.9,71,1,9.3,,0,0,0,25.5
18,0,3.9,367.1,9.3,0,18.8,87,1,0.6,,2,0,0,39.0531914893617
48,1,2.1,199.2,7.5,2,16.8,90,1,13.3,,1,0,0,26.210526315789473
26,1,4.2,403.4,8.0,2,25.7,68,1,10.9,,1,1,0,49.80246913580247
25,0,2.0,190.5,6.8,2,26.7,69,1,3.2,,0,0,0,27.608695652173914
37,1,0.4,35.0,6.3,2,21.8,62,1,1.7,,4,0,0,5.468750000000001
48,2,1.2,118.5,5.1,1,22.1,79,2,5.7,Mild,4,0,0,22.78846153846154
22,1,1.5,139.7,7.1,2,27.5,75,1,3.1,,3,0,1,19.40277777777778
35,0,3.5,329.9,7.1,2,23.4,50,1,10.5,,0,0,0,45.81944444444444
40,1,1.8,172.2,7.8,2,25.5,73,1,2.6,,2,0,1,21.79746835443038
43,0,0.7,69.3,6.3,2,24.9,65,1,7.9,,2,0,0,10.828125
37,0,0.3,31.2,7.8,2,20.0,70,1,9.6,,1,0,0,3.949367088607595
30,0,0.0,0.0,5.4,1,25.7,56,2,10.0,Mild,1,0,0,0.0
25,1,6.5,615.6,6.1,2,24.7,67,1,11.5,,4,0,0,99.29032258064518
36,0,1.4,130.7,7.5,2,21.7,62,1,7.5,,4,0,0,17.19736842105263
22,1,3.2,300.6,7.3,2,22.6,70,1,3.2,,0,1,1,40.62162162162163
18,1,0.7,65.5,7.9,2,18.5,66,1,5.1,,4,0,1,8.1875
40,1,4.3,412.4,7.0,2,27.2,73,1,5.7,,4,0,1,58.08450704225352
45,0,1.2,115.3,7.0,2,24.8,59,1,10.3,,3,0,1,16.23943661971831
18,1,5.3,504.1,7.7,2,24.5,62,1,9.4,,0,0,1,64.62820512820514
22,0,5.5,518.5,6.1,2,24.3,73,1,7.4,,1,0,1,83.62903225806453
42,0,0.8,78.6,6.9,2,25.5,59,1,7.1,,0,0,1,11.228571428571428
59,1,4.4,414.1,8.2,0,18.0,64,1,0.9,Mild,2,1,0,49.89156626506025
35,0,5.3,505.0,3.0,3,35.0,73,0,10.3,Moderate,4,1,0,162.90322580645162
26,1,0.1,9.1,7.7,2,26.9,85,1,12.1,,1,0,0,1.1666666666666667
32,0,0.3,25.6,7.7,2,25.4,60,1,13.3,,0,0,0,3.2820512820512824
51,1,0.0,0.0,6.5,2,31.4,52,1,0.3,Moderate,1,0,0,0.0
27,0,1.1,103.6,6.9,2,25.4,66,1,13.1,,4,0,1,14.799999999999999
25,1,1.0,94.2,6.8,2,31.7,68,1,13.1,Mild,1,0,0,13.65217391304348
29,1,2.0,189.9,6.4,2,32.5,86,1,9.9,Mild,1,0,0,29.215384615384615
23,1,0.6,55.6,6.8,2,29.5,74,1,4.2,,1,0,0,8.057971014492754
36,1,3.5,336.1,6.9,2,24.0,72,1,13.4,,2,1,1,48.01428571428572
54,1,2.5,241.8,5.9,1,23.7,74,2,5.2,Moderate,3,0,1,40.300000000000004
38,1,3.1,298.0,6.5,2,22.6,67,1,8.7,,0,0,0,45.151515151515156
31,1,4.0,384.2,4.8,3,27.2,60,0,6.6,Mild,1,0,0,78.40816326530613
31,0,2.9,275.0,5.8,1,19.9,84,2,13.3,Mild,2,0,0,46.610169491525426
18,0,2.2,205.6,5.4,1,23.4,66,2,3.9,Mild,1,1,1,37.38181818181818
45,0,1.3,120.5,7.0,2,15.3,81,1,5.0,,1,0,0,16.971830985915492
34,0,3.8,365.4,5.2,1,19.8,68,2,6.1,Mild,3,0,1,68.94339622641509
32,0,2.9,276.0,4.9,3,24.4,80,0,12.8,Mild,2,0,0,55.2
73,0,2.8,268.7,4.9,3,26.3,81,0,4.8,Moderate,3,0,0,53.739999999999995
38,1,1.6,151.3,5.5,1,28.0,65,2,4.3,Mild,2,0,0,27.017857142857146
25,0,3.0,280.3,7.8,2,24.3,70,1,11.9,,0,0,1,35.481012658227854
29,1,1.3,126.1,8.6,0,21.8,73,1,5.8,,0,0,0,14.49425287356322
48,0,3.0,281.7,6.1,2,21.6,80,1,10.0,,3,0,1,45.435483870967744
36,0,2.1,199.8,4.9,3,21.4,58,0,13.1,Mild,0,0,0,39.96
18,1,3.6,339.5,6.1,2,32.1,90,1,3.4,Mild,1,0,1,54.75806451612904
46,0,0.5,48.2,8.6,0,22.3,64,1,7.0,,0,0,0,5.540229885057472
26,1,2.6,244.3,6.9,2,25.5,64,1,7.3,,0,0,0,34.9
57,1,3.6,337.7,4.7,3,23.1,85,0,8.5,Moderate,0,0,0,70.35416666666667
47,1,2.6,248.1,8.8,0,26.4,64,1,13.8,,1,0,0,27.876404494382022
29,0,0.4,34.8,6.5,2,20.1,76,1,14.7,,2,1,1,5.2727272727272725
50,0,1.4,131.4,6.2,2,21.9,61,1,12.0,,0,0,0,20.857142857142858
35,0,4.4,418.1,7.7,2,25.8,77,1,0.4,,0,0,0,53.60256410256411
45,1,2.4,227.4,7.0,2,21.3,64,1,1.8,,4,0,1,32.02816901408451
40,0,1.3,120.8,8.4,0,26.7,69,1,1.8,,4,0,0,14.211764705882352
24,0,4.4,416.2,6.2,2,26.1,81,1,8.0,,2,1,0,66.06349206349206
27,1,4.8,458.3,6.2,2,24.0,59,1,0.6,,0,0,0,72.74603174603175
47,0,0.7,69.5,6.3,2,23.1,78,1,7.7,,0,0,0,10.859375000000002
30,1,1.7,165.8,6.9,2,23.3,69,1,11.3,,2,0,0,23.685714285714287
30,1,2.0,188.4,6.7,2,27.3,78,1,4.5,,2,0,1,27.705882352941178
23,1,3.3,313.5,5.7,1,26.1,54,2,7.0,Mild,4,0,0,54.05172413793104
40,0,2.2,211.8,4.6,3,30.3,70,0,1.4,Moderate,1,0,1,45.06382978723405
59,1,2.7,254.9,7.2,2,19.0,65,1,1.0,Mild,2,1,1,34.917808219178085
22,1,2.3,216.7,7.0,2,18.2,64,1,8.0,,4,0,0,30.52112676056338
35,1,5.8,551.0,5.8,1,22.6,61,2,0.2,Mild,3,1,1,93.38983050847459
51,1,3.4,319.2,7.6,2,23.1,70,1,10.6,Mild,1,0,0,41.45454545454546
34,1,2.1,195.7,6.9,2,23.7,55,1,2.1,,4,0,0,27.957142857142856
40,1,2.1,197.9,7.2,2,30.1,56,1,13.4,Mild,2,0,1,27.10958904109589
22,0,3.2,304.9,6.5,2,25.3,52,1,12.8,,3,0,0,46.196969696969695
40,1,1.1,101.4,4.9,3,24.9,54,0,3.4,Mild,3,0,0,20.28
32,0,2.9,276.0,8.1,0,21.8,63,1,3.5,,2,0,1,33.65853658536586
46,0,2.7,260.2,7.0,2,23.4,57,1,0.6,,2,0,0,36.647887323943664
49,1,1.2,114.3,5.2,1,24.6,61,2,14.8,Mild,3,0,1,21.566037735849058
66,1,0.0,0.0,6.5,2,23.4,59,1,0.8,Mild,1,0,1,0.0
41,0,0.0,0.0,7.7,2,24.7,62,1,7.2,,3,1,1,0.0
38,1,2.2,204.8,8.5,0,25.7,68,1,12.7,,2,0,0,23.813953488372096
37,1,3.9,366.8,6.8,2,27.7,65,1,2.4,,1,0,1,53.15942028985508
30,1,1.8,173.5,7.6,2,27.7,75,1,11.6,,4,0,0,22.532467532467535
39,0,3.8,360.9,8.4,0,25.5,61,1,2.5,,0,0,0,42.45882352941176
31,0,1.9,185.2,8.6,0,29.0,78,1,4.6,,0,1,0,21.28735632183908
37,2,0.9,87.7,7.2,2,25.3,50,1,3.8,,0,0,0,12.013698630136988
50,0,0.6,55.3,7.7,2,20.9,71,1,0.7,,4,0,1,7.089743589743589
22,1,1.1,105.5,5.7,1,17.6,56,2,1.8,Mild,4,0,0,18.189655172413794
48,1,2.7,257.6,6.5,2,29.5,56,1,10.1,,3,0,0,39.03030303030304
50,1,2.4,231.0,7.1,2,21.7,72,1,1.3,,4,0,0,32.083333333333336
33,1,2.1,202.1,6.2,2,27.7,69,1,14.6,,4,1,0,32.07936507936508
18,1,2.2,208.1,5.1,1,30.0,85,2,3.9,Mild,2,0,0,40.019230769230774
27,1,4.2,395.0,6.3,2,20.3,63,1,1.6,,4,0,0,61.71875000000001
50,1,5.3,505.3,4.1,3,20.7,64,0,5.6,Mild,2,1,0,120.30952380952384
34,1,1.4,132.4,8.6,0,27.7,57,1,4.1,,3,0,0,15.218390804597703
23,1,2.2,210.7,6.6,2,25.7,69,1,1.2,,0,0,0,31.44776119402985
28,0,0.7,63.5,8.2,0,23.0,79,1,9.8,,1,1,1,7.650602409638555
45,0,2.5,235.4,5.6,1,25.2,57,2,11.7,Mild,0,0,1,41.298245614035096
41,2,2.0,192.6,6.1,2,27.0,60,1,0.0,,3,0,0,31.06451612903226
32,1,2.8,268.1,7.3,2,27.4,69,1,8.6,,1,0,0,36.22972972972973
30,1,3.8,362.7,8.2,0,29.9,81,1,9.7,,0,0,0,43.6987951807229
30,1,0.7,65.1,7.1,2,21.5,66,1,14.8,,3,1,0,9.041666666666666
23,1,2.2,207.2,5.7,1,28.8,78,2,9.9,Mild,3,0,0,35.724137931034484
54,1,2.1,198.0,7.7,2,31.9,71,1,4.5,Moderate,2,0,0,25.384615384615387
31,0,2.7,260.1,5.3,1,26.2,75,2,10.0,Mild,4,0,0,48.16666666666668
49,2,4.6,437.1,7.9,2,30.2,69,1,4.2,Mild,2,0,0,54.6375
53,1,1.5,144.8,8.0,0,23.3,58,1,2.1,Mild,2,0,0,17.876543209876544
46,1,3.4,324.3,5.6,1,24.8,78,2,11.1,Mild,0,1,1,56.894736842105274
29,1,5.0,475.8,6.1,2,26.1,75,1,7.3,,3,0,1,76.74193548387098
39,1,1.2,117.0,6.2,2,24.7,72,1,14.3,,4,0,1,18.571428571428573
34,1,2.7,258.5,7.0,2,21.2,60,1,0.9,,3,0,1,36.40845070422535
24,1,2.7,257.2,7.2,2,19.7,51,1,7.2,,1,1,1,35.23287671232877
38,1,0.6,52.8,4.9,3,27.9,74,0,3.8,Mild,0,0,1,10.559999999999999
20,1,3.4,320.0,7.1,2,27.6,55,1,7.6,,2,1,1,44.44444444444445
49,1,4.2,397.5,6.3,2,17.3,64,1,0.6,,4,0,1,62.10937500000001
29,1,1.5,142.3,5.3,1,26.8,73,2,0.6,Mild,4,0,0,26.35185185185186
37,1,2.1,196.2,7.4,2,25.6,52,1,8.0,,4,0,0,26.16
38,2,0.0,0.0,8.9,0,21.9,69,1,5.3,,1,0,1,0.0
31,1,4.1,387.4,6.5,2,25.5,64,1,0.3,,2,0,0,58.696969696969695
42,0,3.8,360.8,8.1,0,20.2,67,1,9.1,,4,1,1,44.00000000000001
29,0,1.1,101.3,7.8,2,22.4,50,1,6.7,,3,0,1,12.822784810126583
45,0,1.2,117.5,7.8,2,20.8,67,1,14.7,,4,1,0,14.873417721518988
18,0,1.9,180.8,7.3,2,27.6,80,1,12.5,,4,0,1,24.432432432432435
36,0,4.4,421.6,6.1,2,22.8,68,1,11.0,,4,0,0,68.00000000000001
58,0,2.4,227.2,5.8,1,22.1,89,2,7.2,Moderate,1,0,0,38.50847457627119
22,1,2.7,259.1,10.0,0,21.2,58,1,7.3,,2,0,0,25.653465346534656
26,1,2.7,259.1,6.8,2,27.0,91,1,14.1,,3,0,0,37.550724637681164
41,2,4.6,433.1,6.5,2,26.5,80,1,11.0,,0,1,0,65.62121212121212
37,0,1.9,184.3,8.0,0,22.6,86,1,1.4,,4,0,0,22.75308641975309
39,0,2.3,218.2,4.4,3,25.8,88,0,6.5,Mild,2,0,1,48.48888888888889
40,0,4.3,404.8,7.1,2,15.0,76,1,6.3,,1,0,0,56.22222222222223
42,0,4.2,403.3,8.0,2,20.7,57,1,1.7,,3,1,1,49.79012345679013
48,0,0.9,88.7,8.4,0,28.8,72,1,12.7,,2,0,0,10.435294117647059
39,0,0.0,0.0,7.7,2,23.1,50,1,4.2,,4,0,1,0.0
32,0,2.5,236.5,5.4,1,19.5,81,2,5.6,Mild,2,0,1,43.0
43,0,3.5,329.7,7.6,2,31.1,92,1,14.7,Mild,1,0,1,42.81818181818182
57,0,3.0,282.4,5.2,1,17.5,75,2,10.2,Moderate,0,0,1,53.283018867924525
33,0,1.6,150.3,8.6,0,19.1,64,1,12.1,,1,0,0,17.27586206896552
23,0,5.3,503.1,7.1,2,20.5,81,1,1.6,,0,0,0,69.87500000000001
48,1,0.9,85.2,6.4,2,21.1,78,1,8.1,,4,0,0,13.107692307692307
33,1,0.5,43.2,8.2,0,29.4,73,1,10.7,,3,0,0,5.2048192771084345
18,0,4.2,402.0,6.2,2,23.2,76,1,12.2,,1,0,0,63.80952380952381
45,0,1.9,177.6,6.8,2,33.3,62,1,13.3,Mild,3,1,0,25.73913043478261
28,1,5.0,479.5,7.1,2,16.2,75,1,1.3,,1,0,1,66.59722222222223
33,1,2.1,201.9,6.6,2,28.0,77,1,11.1,,3,0,1,30.134328358208958
38,0,1.9,182.2,6.4,2,22.4,68,1,1.5,,0,0,0,28.03076923076923
37,0,3.2,308.3,5.8,1,22.4,66,2,6.1,Mild,2,0,1,52.2542372881356
43,0,3.8,359.3,7.6,2,22.1,71,1,6.7,,2,1,0,46.66233766233767
29,0,5.7,545.4,6.2,2,22.8,74,1,4.3,,0,0,0,86.57142857142857
41,1,3.8,360.3,7.7,2,27.6,72,1,12.9,,0,0,0,46.19230769230769
31,1,4.1,390.1,5.7,1,21.4,74,2,8.8,Mild,4,0,0,67.25862068965517
43,1,1.6,155.0,5.6,1,24.0,70,2,2.1,Mild,1,1,0,27.192982456140353
42,0,3.9,374.1,7.7,2,28.4,75,1,5.6,,3,0,0,47.96153846153847
23,1,3.4,326.6,5.2,1,15.6,78,2,1.2,Mild,0,0,0,61.62264150943397
48,0,1.6,154.6,6.1,2,32.2,69,1,7.4,Mild,3,0,0,24.935483870967744
28,0,0.4,41.5,7.6,2,28.9,68,1,5.3,,1,0,1,5.38961038961039
44,0,1.1,108.8,9.0,0,26.0,67,1,4.8,,3,0,0,11.956043956043956
39,0,1.7,163.9,7.2,2,25.6,62,1,12.6,,2,0,1,22.45205479452055
57,1,2.2,209.8,5.4,1,25.0,69,2,12.7,Moderate,4,1,1,38.14545454545455
32,0,3.6,343.8,5.4,1,21.6,50,2,10.2,Mild,1,0,0,62.50909090909091
30,1,3.9,372.4,6.4,2,27.5,75,1,13.8,,1,0,0,57.29230769230769
34,1,5.1,486.7,7.0,2,23.3,90,1,9.8,,4,0,0,68.54929577464789
31,1,3.1,298.3,5.4,1,20.1,65,2,9.3,Mild,1,0,0,54.23636363636364
44,1,0.3,30.4,5.9,1,29.2,82,2,1.4,Mild,4,0,1,5.066666666666666
18,0,1.1,109.1,6.8,2,20.6,71,1,0.2,,0,0,1,15.81159420289855
22,0,2.2,204.8,7.5,2,27.6,59,1,3.1,,0,0,0,26.947368421052634
22,1,4.1,390.1,4.8,3,23.4,60,0,11.8,Mild,3,0,0,79.6122448979592
46,1,3.4,326.1,3.6,3,26.3,74,0,13.9,Mild,2,0,1,88.13513513513514
55,0,1.4,129.3,6.7,2,20.2,64,1,3.4,Mild,2,0,1,19.014705882352942
33,0,0.8,78.8,10.0,0,20.1,88,1,2.5,,1,0,1,7.801980198019802
32,1,1.5,147.1,6.2,2,27.1,67,1,12.5,,1,0,1,23.349206349206348
35,0,0.6,61.2,8.3,0,30.2,56,1,5.7,Mild,3,1,0,7.285714285714286
48,0,2.3,220.5,5.4,1,28.9,67,2,14.7,Mild,2,0,0,40.09090909090909
23,0,3.2,300.9,6.7,2,25.3,53,1,14.4,,0,1,0,44.25
37,1,2.9,279.7,7.9,2,19.6,50,1,5.0,,0,0,0,34.9625
46,0,1.8,169.8,6.6,2,15.4,69,1,8.4,,4,1,0,25.34328358208956
41,0,2.5,241.5,5.2,1,31.6,69,2,10.2,Moderate,0,1,1,45.56603773584906
37,0,0.5,51.3,7.0,2,21.9,75,1,9.6,,2,0,0,7.225352112676056
47,0,1.5,139.8,7.8,2,29.3,67,1,14.6,,4,0,0,17.69620253164557
18,0,3.0,281.8,8.9,0,26.3,92,1,5.4,,1,1,0,31.311111111111114
43,1,5.9,558.1,4.5,3,15.6,74,0,10.9,Mild,3,1,0,121.32608695652175
27,0,4.5,429.5,6.7,2,23.3,84,1,8.7,,2,0,1,63.161764705882355
18,0,0.5,51.0,5.9,1,25.9,72,2,7.8,Mild,0,0,0,8.5
41,0,3.8,357.8,6.6,2,17.3,78,1,2.2,,4,1,0,53.402985074626876
51,1,2.8,262.5,5.6,1,22.4,78,2,11.3,Moderate,0,0,1,46.05263157894738
33,1,2.8,266.5,5.8,1,19.7,79,2,6.0,Mild,1,0,1,45.16949152542373
46,0,6.3,601.2,8.0,2,29.7,69,1,1.9,,0,0,0,74.22222222222223
54,0,1.8,168.3,6.8,2,20.7,82,1,0.2,Mild,0,1,0,24.39130434782609
50,1,3.3,312.7,5.0,3,25.8,57,0,2.2,Mild,3,0,0,61.31372549019608
54,0,3.7,347.0,6.3,2,20.7,90,1,10.4,Mild,0,0,1,54.21875000000001
43,1,1.5,138.5,7.6,2,21.3,61,1,11.2,,3,0,1,17.98701298701299
35,2,0.0,0.0,7.3,2,23.4,63,1,0.7,,4,0,1,0.0
18,0,0.5,48.1,7.5,2,24.4,56,1,2.3,,1,1,0,6.328947368421053
32,1,2.9,273.8,8.9,0,24.2,69,1,15.0,,3,0,1,30.422222222222224
24,0,3.8,365.2,7.6,2,17.3,75,1,6.2,,0,0,1,47.42857142857143
61,0,3.3,314.6,8.2,0,27.7,78,1,13.4,Mild,4,0,0,37.90361445783133
32,1,3.3,312.9,7.0,2,30.2,73,1,6.1,Mild,3,0,1,44.070422535211264
36,0,3.0,285.1,7.6,2,24.7,90,1,7.9,,3,0,0,37.02597402597403
41,1,1.3,119.7,6.0,1,23.5,68,2,13.1,Mild,4,0,0,19.622950819672134
35,0,2.5,233.5,7.5,2,28.4,74,1,14.8,,1,0,1,30.72368421052632
55,1,3.4,327.0,8.4,0,26.2,88,1,1.1,Mild,4,0,0,38.470588235294116
27,1,3.2,304.6,6.8,2,24.0,83,1,9.5,,1,0,1,44.14492753623189
37,1,5.0,471.1,5.8,1,22.3,67,2,7.0,Mild,1,0,0,79.84745762711866
26,1,1.6,154.5,8.4,0,24.1,60,1,8.1,,0,1,0,18.176470588235293
19,0,1.7,157.2,5.8,1,16.9,72,2,3.0,Mild,3,0,0,26.64406779661017
27,1,1.4,137.4,9.5,0,25.1,66,1,13.4,,4,0,1,14.312500000000002
34,1,0.0,0.0,7.4,2,30.0,77,1,4.3,Mild,1,0,0,0.0
29,0,3.4,325.0,4.6,3,15.8,56,0,2.1,Mild,4,0,0,69.14893617021278
26,0,2.5,238.1,7.2,2,15.0,70,1,10.6,,3,1,0,32.61643835616438
18,0,2.1,202.8,8.4,0,27.4,60,1,14.7,,4,0,0,23.858823529411765
34,0,1.3,121.3,8.2,0,32.8,70,1,3.6,Mild,2,1,1,14.614457831325304
18,0,3.3,316.1,6.5,2,32.0,80,1,7.0,Mild,4,0,1,47.8939393939394
44,1,2.5,240.0,6.8,2,23.2,97,1,1.0,,1,0,0,34.78260869565218
35,1,4.8,457.6,7.6,2,26.7,74,1,5.0,,0,0,1,59.42857142857144
18,0,2.5,241.0,4.3,3,29.0,84,0,12.1,Mild,2,0,0,54.77272727272728
31,1,3.1,297.2,5.9,1,18.4,62,2,13.2,Mild,0,1,0,49.53333333333333
25,1,4.9,461.5,5.4,1,16.9,50,2,3.5,Mild,0,0,1,83.9090909090909
38,1,2.0,190.4,7.7,2,23.3,82,1,8.2,,3,0,0,24.410256410256412
51,1,1.8,175.7,5.7,1,20.5,74,2,11.8,Moderate,0,1,1,30.29310344827586
18,0,4.6,440.8,5.5,1,25.4,69,2,0.3,Mild,0,0,0,78.71428571428572
36,0,0.2,15.3,6.4,2,22.7,63,1,3.2,,4,1,0,2.353846153846154
33,0,2.1,200.5,5.7,1,31.4,75,2,0.6,Moderate,2,1,0,34.56896551724138
43,0,2.1,197.0,8.0,2,26.9,50,1,1.9,,2,0,1,24.320987654320987
37,1,1.2,117.2,6.3,2,23.5,58,1,2.7,,4,0,0,18.312500000000004
25,1,3.3,312.8,7.2,2,15.9,65,1,0.4,,1,0,0,42.849315068493155
31,2,1.6,156.3,6.1,2,25.9,74,1,6.6,,2,0,0,25.209677419354843
25,1,2.7,252.5,6.6,2,25.4,75,1,6.2,,2,0,0,37.68656716417911
47,1,1.1,104.6,6.6,2,23.2,77,1,4.4,,2,0,0,15.611940298507463
35,0,2.9,278.2,4.3,3,21.8,70,0,4.8,Mild,3,0,1,63.227272727272734
57,0,5.6,533.9,4.7,3,22.0,80,0,8.1,Moderate,2,0,1,111.22916666666667
34,1,2.4,230.0,5.1,1,30.1,58,2,12.1,Moderate,1,0,0,44.23076923076923
26,0,2.5,236.1,7.9,2,29.6,66,1,14.6,,2,0,1,29.5125
18,2,0.7,68.3,8.4,0,22.8,60,1,12.3,,1,0,0,8.035294117647059
18,1,3.8,357.6,5.8,1,25.8,76,2,5.8,Mild,2,0,0,60.61016949152543
18,0,2.4,225.2,7.2,2,26.1,65,1,13.1,,1,0,0,30.84931506849315
38,1,3.1,293.5,5.7,1,19.1,77,2,12.4,Mild,4,0,1,50.60344827586207
41,0,3.9,372.8,6.8,2,21.4,75,1,13.7,,2,1,0,54.02898550724638
18,0,2.2,211.7,6.2,2,29.5,69,1,1.0,,1,0,0,33.6031746031746
45,0,4.0,383.0,5.8,1,20.1,64,2,5.3,Mild,3,0,0,64.91525423728814
29,1,4.1,392.3,7.1,2,21.9,74,1,0.7,,3,0,1,54.48611111111112
36,1,3.0,285.9,6.9,2,23.4,70,1,4.8,,4,0,0,40.84285714285714
54,1,2.8,265.9,5.7,1,23.3,79,2,4.2,Moderate,0,0,1,45.8448275862069
45,0,2.5,241.5,8.7,0,20.4,53,1,13.7,,3,1,1,27.44318181818182
31,1,3.3,317.5,8.7,0,22.7,72,1,14.2,,2,0,0,36.07954545454546
24,1,3.3,311.1,6.7,2,16.4,67,1,10.4,,4,0,1,45.75000000000001
18,1,0.4,33.7,7.7,2,26.7,63,1,4.2,,1,0,0,4.320512820512821
26,1,1.5,141.8,9.6,0,23.7,85,1,0.1,,1,0,1,14.61855670103093
32,1,3.9,373.9,7.1,2,18.4,66,1,10.1,,1,0,1,51.93055555555556
23,0,2.9,272.9,4.9,3,21.7,50,0,7.5,Mild,1,1,0,54.58
33,1,2.2,206.5,6.7,2,15.5,76,1,3.1,,2,1,0,30.36764705882353
35,1,5.1,488.6,5.8,1,19.5,83,2,2.6,Mild,3,0,0,82.81355932203391
32,0,3.7,353.2,5.9,1,17.2,76,2,8.4,Mild,1,0,0,58.86666666666667
27,0,4.1,391.4,6.9,2,33.3,52,1,2.0,Mild,2,0,1,55.91428571428571
37,1,2.2,206.1,6.1,2,25.2,70,1,8.2,,4,0,0,33.24193548387097
40,1,3.1,292.4,7.5,2,24.2,62,1,13.7,,2,0,0,38.473684210526315
21,0,2.4,225.9,5.9,1,20.4,86,2,11.9,Mild,4,0,1,37.65
51,1,0.9,90.0,5.5,1,25.2,66,2,14.1,Moderate,3,1,0,16.071428571428573
33,0,2.8,265.6,8.1,0,24.7,74,1,3.7,,1,0,0,32.39024390243903
35,1,2.4,229.3,6.3,2,27.2,73,1,14.3,,0,0,0,35.82812500000001
43,1,2.4,226.9,7.6,2,22.2,79,1,7.1,,4,1,0,29.46753246753247
37,1,4.0,378.7,5.3,1,21.7,86,2,9.5,Mild,0,0,0,70.12962962962963
46,0,2.3,221.7,6.4,2,21.6,70,1,4.4,,2,0,0,34.107692307692304
38,0,2.6,247.5,7.4,2,23.1,59,1,14.9,,2,1,0,33.0
27,1,2.7,254.4,5.7,1,24.7,87,2,6.6,Mild,0,0,1,43.862068965517246
39,0,3.3,309.1,7.1,2,29.3,66,1,2.8,,3,0,1,42.930555555555564
21,1,2.9,280.0,8.0,2,29.1,77,1,8.6,,1,0,0,34.567901234567906
36,1,3.5,335.4,6.9,2,23.3,67,1,3.8,,2,0,0,47.91428571428571
34,0,0.6,54.6,6.3,2,34.0,69,1,6.5,Mild,0,0,0,8.531250000000002
32,1,2.7,258.1,5.8,1,26.0,56,2,3.1,Mild,0,0,0,43.745762711864415
33,0,2.3,221.5,5.7,1,26.4,69,2,5.8,Mild,4,0,0,38.189655172413794
18,0,0.5,49.9,5.9,1,27.4,74,2,1.4,Mild,0,0,1,8.316666666666666
28,0,0.3,31.9,7.9,2,29.1,61,1,4.3,,0,0,1,3.9875
36,0,1.6,148.0,5.6,1,28.0,83,2,3.7,Mild,4,0,0,25.964912280701757
36,1,1.5,144.6,6.4,2,21.8,86,1,14.2,,4,0,0,22.246153846153845
22,1,2.1,203.4,6.9,2,22.6,71,1,8.9,,2,0,0,29.057142857142857
50,1,2.7,255.8,6.1,2,18.8,75,1,0.4,,3,0,0,41.25806451612904
24,1,3.2,307.9,5.7,1,26.3,75,2,13.7,Mild,2,0,0,53.08620689655172
46,0,0.6,61.1,8.3,0,27.9,65,1,9.7,,3,0,0,7.273809523809524
40,1,1.1,108.8,6.1,2,28.1,63,1,5.1,,1,0,0,17.548387096774196
27,0,1.2,113.6,7.0,2,25.1,62,1,5.5,,4,0,1,16.0
56,1,2.3,220.5,6.0,2,26.6,59,1,0.5,Mild,2,1,0,36.14754098360656
20,0,2.5,241.5,5.9,1,17.5,65,2,14.6,Mild,4,0,1,40.25
46,0,4.0,379.9,4.8,3,22.4,82,0,12.9,Mild,4,1,0,77.53061224489797
47,0,1.1,106.8,6.9,2,22.0,65,1,1.0,,3,1,0,15.257142857142856
26,1,3.7,348.0,4.9,3,29.9,77,0,10.2,Mild,0,0,0,69.6
51,0,0.3,26.5,7.3,2,25.4,74,1,6.7,Mild,0,0,0,3.581081081081081
31,1,2.5,240.2,6.3,2,25.3,72,1,12.1,,4,0,0,37.53125
38,1,3.3,316.1,5.4,1,18.7,74,2,9.4,Mild,2,0,0,57.472727272727276
38,1,3.5,327.8,5.1,1,18.9,59,2,6.2,Mild,2,0,0,63.03846153846155
33,0,5.0,478.5,3.5,3,23.2,73,0,6.5,Mild,3,1,0,132.91666666666666
44,1,6.1,576.3,6.9,2,27.1,67,1,9.8,,1,0,0,82.32857142857142
44,0,3.1,295.3,6.5,2,20.5,83,1,9.8,,2,0,0,44.74242424242425
18,2,0.5,49.7,7.1,2,29.9,74,1,8.4,,1,0,0,6.902777777777779
50,1,8.2,780.3,6.4,2,20.9,82,1,13.3,,4,0,0,120.04615384615384
18,1,4.2,400.2,8.3,0,26.2,70,1,11.7,,3,0,0,47.64285714285714
47,0,4.0,384.3,5.2,1,21.3,64,2,1.8,Mild,3,1,0,72.50943396226415
48,1,1.9,176.6,6.0,1,29.0,68,2,13.1,Mild,4,0,1,28.95081967213115
21,0,2.3,220.1,7.3,2,31.7,55,1,3.0,Mild,4,1,1,29.743243243243246
30,1,1.3,119.9,7.7,2,26.5,61,1,14.3,,1,0,1,15.371794871794872
21,0,3.5,333.3,6.5,2,21.5,57,1,12.1,,2,0,0,50.50000000000001
32,1,1.8,171.4,4.3,3,20.5,68,0,13.6,Mild,2,0,1,38.95454545454546
31,1,3.6,339.9,3.8,3,21.2,80,0,10.1,Mild,0,0,0,87.15384615384615
44,0,1.4,132.1,6.7,2,22.2,67,1,9.8,,1,0,0,19.426470588235293
50,1,3.9,372.9,7.7,2,21.7,60,1,3.7,,3,0,1,47.80769230769231
51,1,2.9,277.8,8.3,0,29.2,77,1,9.4,Mild,1,0,0,33.07142857142857
28,1,4.4,418.7,4.3,3,24.5,54,0,6.3,Mild,1,0,0,95.15909090909092
32,1,5.7,538.4,6.7,2,26.3,60,1,2.3,,4,1,1,79.17647058823529
18,0,2.9,277.9,7.1,2,19.1,74,1,5.4,,4,0,0,38.59722222222222
25,0,4.5,432.0,5.7,1,22.7,83,2,9.9,Mild,4,0,0,74.48275862068965
46,0,4.6,432.7,6.5,2,26.5,70,1,13.1,,4,1,1,65.56060606060606
54,0,2.5,234.5,6.3,2,22.3,52,1,6.6,Mild,4,0,0,36.640625
20,1,2.9,274.6,5.2,1,25.3,72,2,4.3,Mild,1,0,0,51.81132075471699
27,1,2.9,276.2,5.8,1,22.4,90,2,2.4,Mild,4,0,1,46.8135593220339
34,0,1.8,175.3,9.1,0,28.8,80,1,6.0,,2,0,0,19.05434782608696
38,0,1.9,176.6,7.1,2,24.1,65,1,4.3,,2,1,0,24.52777777777778
25,1,4.3,412.0,4.9,3,21.6,69,0,6.7,Mild,0,0,0,82.4
40,1,1.4,136.3,5.4,1,25.3,76,2,1.5,Mild,2,0,0,24.781818181818185
29,0,2.3,216.2,8.5,0,25.3,76,1,11.0,,0,0,0,25.13953488372093
34,0,2.0,190.9,6.1,2,27.9,54,1,0.1,,2,0,1,30.790322580645167
41,0,3.2,303.1,6.1,2,19.1,72,1,10.5,,3,0,1,48.88709677419356
35,1,6.0,565.3,7.1,2,20.3,86,1,4.6,,0,0,1,78.51388888888889
29,0,2.2,210.5,6.3,2,25.0,69,1,5.4,,1,0,0,32.890625
33,1,0.3,32.1,6.3,2,21.8,67,1,2.6,,4,0,0,5.015625000000001
33,1,2.7,252.6,6.9,2,24.6,88,1,14.5,,0,0,0,36.08571428571428
30,0,1.0,98.9,6.0,1,25.0,70,2,0.8,Mild,2,0,0,16.213114754098363
31,1,2.9,274.1,6.0,2,20.4,78,1,4.2,,1,0,0,44.934426229508205
54,1,1.4,128.9,8.7,0,25.1,78,1,2.2,Mild,2,0,0,14.647727272727275
41,2,2.7,260.7,5.6,1,21.9,73,2,7.2,Mild,1,0,0,45.736842105263165
31,0,0.7,67.4,6.6,2,17.7,62,1,8.4,,2,0,0,10.059701492537314
43,0,2.1,199.6,9.2,0,24.0,53,1,2.9,,4,0,0,21.46236559139785
30,1,1.0,96.0,3.0,3,22.4,63,0,9.8,Mild,3,0,0,30.96774193548387
49,1,4.4,416.1,8.6,0,21.5,67,1,8.3,,2,0,0,47.827586206896555
39,0,1.4,134.3,7.4,2,24.4,81,1,12.6,,2,0,0,17.90666666666667
33,0,3.3,316.5,7.1,2,26.0,77,1,13.6,,0,0,0,43.958333333333336
40,0,2.8,263.0,7.1,2,21.8,62,1,10.4,,4,0,0,36.52777777777778
18,1,2.8,265.8,6.1,2,27.4,67,1,9.5,,1,0,0,42.87096774193549
21,1,3.1,290.7,5.3,1,20.2,64,2,9.1,Mild,0,0,0,53.833333333333336
20,2,3.4,323.4,6.5,2,21.8,60,1,2.5,,4,0,0,49.0
36,0,4.5,423.6,6.2,2,30.0,70,1,13.2,,4,0,1,67.23809523809524
55,1,3.9,370.5,6.7,2,20.9,81,1,5.4,Mild,0,0,0,54.48529411764706
61,1,4.8,455.0,5.9,1,23.9,58,2,10.4,Moderate,1,0,0,75.83333333333333
42,1,0.9,85.9,7.9,2,21.0,82,1,6.6,,3,1,0,10.7375
41,1,0.5,46.3,7.9,2,29.8,72,1,13.5,,0,1,0,5.7875
18,1,5.0,473.6,4.5,3,20.6,73,0,6.1,Mild,2,1,1,102.95652173913045
28,1,3.3,317.7,4.5,3,30.8,69,0,8.4,Moderate,3,0,0,69.06521739130434
25,0,0.9,85.9,5.9,1,28.3,71,2,2.8,Mild,1,1,0,14.316666666666668
27,1,2.1,197.7,5.1,1,25.7,70,2,8.3,Mild,1,0,0,38.019230769230774
32,2,3.3,314.0,7.8,2,27.5,72,1,3.0,,0,0,0,39.74683544303798
29,1,2.4,230.8,5.9,1,31.8,65,2,11.9,Moderate,0,1,1,38.46666666666667
18,0,3.4,324.8,7.1,2,21.9,78,1,5.5,,3,0,1,45.111111111111114
43,1,0.7,70.1,6.7,2,24.7,50,1,6.4,,3,0,0,10.308823529411764
22,0,2.5,233.2,7.7,2,24.0,79,1,9.6,,2,1,0,29.897435897435898
37,2,2.7,254.3,6.1,2,20.9,77,1,1.3,,2,1,1,41.01612903225807
59,0,1.4,136.8,4.9,3,22.4,75,0,4.7,Moderate,2,0,1,27.360000000000003
23,0,2.1,197.1,5.9,1,25.2,75,2,14.0,Mild,3,0,0,32.85
18,1,1.8,171.5,3.4,3,33.0,73,0,12.9,Moderate,4,0,1,49.0
31,0,0.8,79.4,5.1,1,19.7,77,2,3.5,Mild,3,0,0,15.269230769230772
48,0,1.6,149.5,7.2,2,23.9,74,1,7.7,,2,0,0,20.47945205479452
58,2,2.8,264.7,6.8,2,22.5,67,1,8.7,Mild,4,0,1,38.36231884057971
20,1,1.0,98.6,6.2,2,26.3,64,1,4.5,,2,1,1,15.65079365079365
40,2,1.5,141.3,6.6,2,26.3,70,1,5.2,,4,1,0,21.089552238805975
29,1,0.0,0.0,5.1,1,18.7,84,2,14.7,Mild,1,0,1,0.0
33,1,4.7,442.7,7.1,2,24.7,80,1,2.1,,3,1,0,61.486111111111114
66,1,3.9,369.5,6.2,2,15.7,76,1,13.7,Mild,1,0,0,58.65079365079365
18,1,4.3,409.2,7.0,2,28.5,50,1,5.3,,0,0,0,57.63380281690141
38,0,3.0,289.0,7.1,2,17.1,55,1,3.6,,1,0,0,40.13888888888889
40,0,2.9,279.5,6.9,2,20.4,74,1,3.9,,1,0,0,39.92857142857143
48,0,2.2,207.4,5.5,1,25.8,82,2,4.2,Mild,0,1,0,37.03571428571429
36,0,4.5,422.8,6.7,2,21.4,67,1,4.3,,3,1,1,62.1764705882353
38,0,2.5,240.9,7.1,2,25.5,71,1,3.8,,2,0,1,33.458333333333336
30,0,0.0,0.0,6.2,2,31.2,65,1,12.6,Mild,3,0,0,0.0
38,1,0.0,0.0,7.4,2,28.3,58,1,4.0,,2,1,0,0.0
30,0,3.0,289.3,4.8,3,22.1,66,0,12.9,Mild,0,0,1,59.040816326530624
42,0,1.1,100.8,7.5,2,23.1,71,1,14.5,,4,0,0,13.263157894736842
30,0,2.6,251.4,7.0,2,19.2,88,1,4.2,,0,1,1,35.40845070422535
39,0,3.6,345.6,8.2,0,28.2,70,1,8.5,,3,0,0,41.638554216867476
34,0,1.3,119.3,9.1,0,26.0,70,1,6.8,,4,0,0,12.967391304347826
48,1,2.1,194.8,6.4,2,20.7,85,1,12.7,,0,0,0,29.96923076923077
34,1,2.1,200.0,7.3,2,25.3,77,1,4.6,,3,0,1,27.027027027027028
18,0,1.2,114.0,7.2,2,17.8,76,1,11.5,,4,0,1,15.616438356164384
50,0,0.4,33.8,6.6,2,25.5,76,1,7.1,,3,0,0,5.044776119402985
24,0,0.9,81.8,4.7,3,29.1,65,0,9.5,Mild,0,0,0,17.041666666666668
27,1,0.3,24.7,5.6,1,26.9,70,2,8.6,Mild,1,0,0,4.333333333333334
27,1,2.2,212.2,6.0,2,25.1,75,1,0.9,,1,0,0,34.78688524590164
51,0,2.2,210.2,7.0,2,28.2,66,1,8.8,Mild,0,0,0,29.6056338028169
18,1,1.7,162.4,8.4,0,22.2,69,1,12.4,,2,0,1,19.105882352941176
72,0,0.4,35.1,6.8,2,15.4,68,1,4.3,Mild,3,0,0,5.086956521739131
47,1,4.2,395.0,7.6,2,29.6,59,1,6.0,,0,0,1,51.2987012987013
37,1,1.6,148.8,8.5,0,27.6,84,1,3.1,,1,0,0,17.30232558139535
34,0,6.3,603.2,5.4,1,25.4,69,2,3.1,Mild,3,0,0,109.67272727272729
38,1,3.8,360.8,4.7,3,24.4,65,0,4.6,Mild,2,0,0,75.16666666666667
41,0,0.0,0.0,7.0,2,27.3,73,1,11.3,,1,0,0,0.0
42,0,4.4,413.4,4.7,3,27.3,87,0,7.2,Mild,4,0,0,86.125
41,1,1.4,137.4,9.0,0,23.3,64,1,10.4,,2,0,1,15.0989010989011
36,0,1.1,105.4,8.2,0,29.3,70,1,14.0,,3,0,0,12.698795180722893
32,0,2.1,198.7,8.4,0,27.1,50,1,11.0,,1,0,0,23.376470588235293
33,1,4.2,399.1,4.3,3,21.7,91,0,5.6,Mild,3,0,0,90.70454545454547
32,1,3.3,312.1,6.1,2,33.3,65,1,7.7,Mild,1,0,1,50.33870967741937
48,1,2.8,263.5,6.6,2,20.9,50,1,4.2,,1,0,0,39.32835820895523
42,0,1.3,120.4,7.3,2,16.2,81,1,1.0,,4,0,0,16.270270270270274
18,0,3.9,371.9,6.0,1,18.7,58,2,10.0,Mild,4,0,0,60.967213114754095
42,0,1.0,97.3,3.7,3,28.8,56,0,9.9,Mild,1,1,0,25.605263157894733
37,0,4.1,386.1,6.9,2,29.0,60,1,12.8,,4,0,0,55.15714285714286
34,0,3.0,285.0,8.7,0,20.2,65,1,2.4,,4,0,0,32.38636363636364
30,0,1.6,152.6,9.2,0,21.7,86,1,13.3,,2,0,1,16.408602150537636
48,0,5.7,540.4,5.8,1,21.7,58,2,11.9,Mild,4,0,0,91.59322033898306
46,1,3.9,367.5,6.5,2,27.4,79,1,1.6,,2,1,1,55.68181818181819
25,0,3.3,317.1,5.3,1,19.3,63,2,14.7,Mild,0,1,1,58.722222222222236
39,0,2.7,252.2,6.7,2,27.9,64,1,0.6,,2,0,0,37.088235294117645
23,0,0.8,74.5,6.4,2,24.8,66,1,11.9,,2,1,0,11.461538461538462
18,0,2.6,242.9,6.0,1,21.8,69,2,6.4,Mild,1,0,0,39.81967213114754
27,1,4.9,466.1,4.5,3,22.2,75,0,13.0,Mild,0,0,0,101.32608695652175
45,0,0.4,41.2,8.8,0,23.1,52,1,10.9,,0,0,0,4.629213483146067
46,1,3.4,318.3,6.2,2,23.2,94,1,0.9,,3,0,0,50.523809523809526
41,0,4.6,436.2,5.7,1,21.3,71,2,3.6,Mild,0,0,0,75.20689655172414
43,1,4.7,443.3,6.6,2,32.4,59,1,14.3,Mild,3,0,0,66.16417910447763
41,0,1.1,109.2,6.1,2,26.3,84,1,2.2,,3,0,1,17.612903225806456
27,0,1.7,159.9,4.2,3,27.6,68,0,1.0,Mild,2,0,0,37.18604651162791
40,0,2.7,251.9,8.2,0,24.6,69,1,2.3,,2,1,0,30.349397590361452
44,1,3.2,302.2,6.6,2,25.2,80,1,10.8,,1,1,0,45.104477611940304
44,2,4.4,420.1,7.3,2,22.8,52,1,0.6,,1,0,0,56.77027027027028
49,0,2.2,208.8,6.9,2,28.5,77,1,6.5,,4,0,0,29.82857142857143
43,0,3.9,372.3,7.6,2,24.4,73,1,1.4,,3,0,1,48.350649350649356
39,1,0.0,0.0,7.8,2,21.4,63,1,10.3,,4,0,0,0.0
47,0,2.1,199.6,4.0,3,15.0,67,0,3.8,Mild,1,1,0,48.6829268292683
34,1,3.9,372.1,7.0,2,20.5,64,1,10.3,,0,0,0,52.40845070422536
24,0,3.8,356.3,5.4,1,23.3,72,2,2.6,Mild,4,0,1,64.78181818181818
33,1,1.1,100.9,5.8,1,24.2,72,2,5.9,Mild,1,0,1,17.10169491525424
26,0,4.0,383.8,4.4,3,19.3,59,0,13.9,Mild,2,0,1,85.28888888888889
26,0,0.4,35.1,9.1,0,15.4,61,1,5.8,,3,0,0,3.815217391304348
33,1,4.3,408.0,6.2,2,32.9,51,1,1.7,Mild,4,0,0,64.76190476190476
25,0,2.2,208.4,6.2,2,24.0,58,1,5.5,,1,0,1,33.07936507936508
31,0,1.8,173.2,5.8,1,22.7,61,2,6.8,Mild,4,0,0,29.35593220338983
18,1,2.1,195.0,9.5,0,24.8,50,1,6.9,,4,0,1,20.3125
37,0,3.1,291.5,7.8,2,19.7,75,1,10.6,,1,0,0,36.89873417721519
35,1,5.6,534.0,3.3,3,28.4,79,0,1.9,Mild,1,0,1,157.05882352941177
25,1,4.3,411.1,8.0,2,22.1,94,1,6.9,,3,0,0,50.75308641975309
42,1,0.8,74.0,5.8,1,21.1,74,2,3.8,Mild,4,0,0,12.542372881355933
46,0,0.9,89.1,7.6,2,21.6,61,1,6.7,,0,0,1,11.571428571428571
18,1,0.0,0.0,6.5,2,21.3,69,1,2.6,,4,0,1,0.0
25,0,3.0,281.5,4.5,3,19.5,75,0,3.5,Mild,2,0,0,61.19565217391305
25,0,2.2,213.3,6.0,2,25.8,74,1,8.3,,1,0,0,34.9672131147541
23,1,3.4,326.9,6.8,2,26.3,61,1,4.5,,2,0,0,47.3768115942029
44,0,1.7,166.1,7.0,2,18.7,84,1,2.4,,2,0,0,23.3943661971831
32,1,1.9,181.0,6.3,2,22.9,77,1,9.3,,4,0,0,28.281250000000004
31,0,0.3,30.6,7.0,2,24.5,80,1,12.5,,4,0,1,4.309859154929578
18,1,4.2,394.7,6.5,2,22.0,83,1,12.3,,4,1,1,59.803030303030305
42,1,1.6,151.7,7.9,2,27.2,78,1,12.5,,4,0,0,18.9625
20,0,1.2,118.4,8.4,0,30.2,76,1,0.3,Mild,3,1,1,13.929411764705883
35,0,3.9,375.2,6.4,2,25.9,76,1,10.3,,2,0,0,57.723076923076924
38,1,0.3,27.2,5.4,1,24.0,71,2,15.0,Mild,0,0,0,4.945454545454545
51,0,3.3,315.8,7.3,2,20.9,69,1,10.9,Mild,3,1,0,42.67567567567568
19,1,1.3,128.0,7.6,2,18.1,72,1,4.0,,2,0,1,16.623376623376625
18,0,2.3,221.0,7.7,2,20.8,62,1,8.5,,1,0,0,28.333333333333336
37,0,0.0,0.0,5.8,1,27.0,78,2,7.2,Mild,4,0,0,0.0
56,1,3.4,319.8,7.5,2,20.1,66,1,6.9,Mild,4,0,1,42.078947368421055
49,1,5.6,529.6,6.5,2,28.9,67,1,10.8,,4,0,0,80.24242424242425
37,1,0.6,57.5,7.6,2,22.4,70,1,1.9,,2,0,0,7.467532467532468
29,1,4.2,402.1,5.4,1,19.4,73,2,1.8,Mild,1,1,1,73.10909090909091
44,1,2.4,230.8,4.4,3,24.9,72,0,7.6,Mild,1,0,1,51.28888888888889
23,0,3.3,313.7,4.9,3,20.5,79,0,14.6,Mild,3,1,1,62.739999999999995
40,2,0.7,69.3,8.0,2,27.4,83,1,0.9,,3,0,0,8.555555555555555
41,1,1.0,90.4,8.9,0,20.7,62,1,5.6,,2,0,0,10.044444444444444
47,0,2.6,250.0,7.5,2,15.9,68,1,7.6,,3,0,0,32.89473684210527
68,0,2.2,206.7,5.2,1,21.9,68,2,0.0,Moderate,3,0,0,39.0
39,0,2.7,258.7,6.5,2,17.7,71,1,4.4,,4,0,1,39.196969696969695
28,0,0.3,28.9,7.3,2,27.1,71,1,1.7,,3,0,0,3.9054054054054057
34,0,3.4,324.5,6.5,2,28.2,61,1,10.6,,3,0,0,49.16666666666667
18,1,3.1,292.8,6.7,2,21.7,78,1,6.6,,3,0,0,43.05882352941177
26,1,4.2,395.1,5.1,1,30.2,74,2,9.3,Moderate,2,0,1,75.98076923076924
30,1,3.0,282.6,4.8,3,20.6,64,0,9.0,Mild,3,0,0,57.67346938775511
28,1,5.9,558.9,4.9,3,22.7,77,0,5.4,Mild,0,0,1,111.78
36,1,5.5,523.6,4.7,3,19.7,68,0,0.5,Mild,0,1,0,109.08333333333334
25,0,2.5,240.0,6.8,2,17.3,71,1,4.0,,3,0,0,34.78260869565218
48,1,2.5,234.3,6.9,2,25.5,63,1,7.2,,0,0,0,33.471428571428575
35,0,1.3,119.2,5.2,1,30.0,78,2,3.0,Mild,4,1,0,22.49056603773585
34,1,0.5,44.3,6.8,2,22.2,68,1,14.1,,2,0,0,6.420289855072464
31,0,2.2,205.0,8.9,0,24.0,74,1,6.2,,3,1,0,22.77777777777778
36,0,1.5,145.7,6.9,2,19.0,76,1,5.3,,0,0,0,20.814285714285713
44,1,1.3,125.6,6.3,2,21.7,78,1,1.6,,4,0,0,19.625
24,1,3.0,287.6,7.6,2,17.8,81,1,4.1,,4,1,1,37.350649350649356
27,0,0.1,12.9,9.8,0,30.0,78,1,8.7,,3,0,1,1.303030303030303
31,1,0.7,69.0,7.1,2,19.2,72,1,12.3,,4,0,1,9.583333333333334
18,1,0.0,0.0,6.3,2,24.0,72,1,11.6,,4,0,0,0.0
25,1,0.5,44.8,7.1,2,30.3,62,1,10.3,Mild,3,0,0,6.222222222222222
29,0,1.6,151.4,8.4,0,24.5,78,1,14.0,,0,0,0,17.811764705882354
45,0,3.7,352.7,6.4,2,23.6,56,1,3.6,,1,1,0,54.26153846153846
38,0,5.4,512.9,6.2,2,25.3,80,1,3.5,,2,0,0,81.41269841269842
37,0,0.0,0.0,8.7,0,18.9,62,1,0.7,,3,0,0,0.0
45,0,3.8,362.5,6.6,2,16.7,86,1,10.6,,0,0,0,54.104477611940304
33,0,1.1,100.2,8.9,0,24.9,75,1,12.0,,4,0,0,11.133333333333333
39,0,2.7,260.8,4.9,3,24.5,73,0,3.9,Mild,1,1,1,52.160000000000004
33,1,3.4,319.7,7.0,2,25.2,72,1,11.9,,4,0,1,45.028169014084504
38,1,4.6,437.8,8.7,0,15.0,84,1,10.6,,1,0,0,49.75000000000001
28,0,6.1,578.9,9.0,0,18.6,64,1,8.1,,1,1,1,63.61538461538461
18,0,4.1,386.1,5.9,1,24.5,77,2,8.3,Mild,0,1,0,64.35000000000001
33,1,1.8,169.8,6.4,2,23.3,77,1,10.6,,3,0,1,26.123076923076926
52,1,0.2,18.3,9.3,0,27.6,70,1,15.0,Mild,0,0,0,1.946808510638298
46,0,2.8,270.6,6.2,2,25.2,70,1,4.8,,3,0,0,42.952380952380956
46,0,3.5,329.5,5.9,1,28.8,86,2,1.1,Mild,0,0,0,54.916666666666664
49,1,0.8,72.9,6.3,2,28.5,60,1,10.5,,1,0,1,11.390625000000002
36,0,3.7,348.0,5.4,1,26.4,55,2,0.4,Mild,0,0,0,63.27272727272727
37,0,1.9,176.5,5.4,1,23.5,69,2,13.4,Mild,2,1,0,32.09090909090909
27,0,0.8,76.4,6.7,2,25.3,68,1,14.6,,3,0,1,11.23529411764706
31,1,2.7,257.0,4.6,3,25.7,71,0,10.9,Mild,3,0,1,54.6808510638298
42,1,1.1,108.9,6.1,2,28.8,64,1,5.1,,0,1,1,17.56451612903226
49,1,0.8,72.7,8.8,0,22.6,70,1,3.4,,1,0,0,8.168539325842696
33,1,2.9,278.4,7.6,2,25.7,57,1,1.7,,1,0,1,36.15584415584416
29,0,3.1,296.7,5.9,1,18.4,94,2,0.1,Mild,4,0,0,49.449999999999996
35,1,2.0,185.4,7.0,2,22.5,60,1,6.5,,0,0,0,26.11267605633803
42,2,2.9,276.6,6.5,2,24.9,76,1,9.7,,4,0,0,41.909090909090914
18,1,4.2,400.2,5.5,1,25.5,71,2,5.6,Mild,1,0,0,71.46428571428572
18,1,3.7,356.1,3.7,3,26.5,71,0,6.6,Mild,4,0,0,93.71052631578948
28,0,1.3,119.8,5.7,1,21.1,64,2,10.3,Mild,3,0,0,20.655172413793103
20,0,2.5,241.5,6.3,2,24.2,79,1,6.1,,3,0,0,37.734375
28,1,1.5,137.9,9.8,0,22.0,67,1,11.6,,2,1,1,13.929292929292929
33,0,0.4,37.9,7.7,2,31.4,68,1,9.6,Mild,3,0,1,4.858974358974359
29,0,3.5,329.1,6.4,2,18.0,61,1,10.1,,2,0,0,50.63076923076923
52,0,4.0,380.4,7.0,2,32.5,86,1,9.3,Moderate,1,0,0,53.57746478873239
38,0,1.8,169.9,7.0,2,26.7,68,1,1.8,,2,0,0,23.929577464788736
38,1,2.9,271.0,5.7,1,15.0,65,2,10.3,Mild,0,1,0,46.724137931034484
42,0,4.8,458.0,6.2,2,22.0,72,1,8.9,,0,0,1,72.6984126984127
21,0,4.0,383.6,6.0,1,25.0,92,2,8.6,Mild,3,0,1,62.88524590163935
47,1,1.6,154.0,4.9,3,23.8,54,0,9.0,Mild,2,0,0,30.8
34,1,2.4,226.2,6.0,1,17.5,86,2,14.8,Mild,0,0,0,37.08196721311475
43,0,1.4,136.6,6.7,2,19.4,86,1,6.5,,2,0,0,20.08823529411765
22,1,2.8,270.2,7.1,2,24.5,70,1,1.6,,1,0,0,37.52777777777778
18,1,2.6,243.3,6.7,2,18.4,50,1,7.7,,4,0,1,35.779411764705884
44,2,0.8,73.2,8.0,0,27.3,67,1,2.2,,0,0,0,9.037037037037038
39,1,1.8,172.5,6.5,2,22.9,67,1,12.1,,2,0,0,26.136363636363637
24,1,0.0,0.0,8.6,0,26.4,52,1,3.7,,0,0,0,0.0
24,0,0.9,89.5,7.1,2,19.6,51,1,14.9,,0,0,0,12.430555555555557
48,0,3.1,296.3,7.1,2,18.6,83,1,2.7,,1,0,0,41.152777777777786
20,1,2.7,257.9,6.9,2,28.1,77,1,5.7,,0,0,1,36.84285714285714
54,0,3.9,372.4,5.8,1,23.7,60,2,2.2,Moderate,4,0,0,63.11864406779661
24,0,2.6,245.0,7.4,2,17.4,73,1,6.3,,0,0,1,32.666666666666664
42,0,2.2,209.5,6.0,1,20.7,56,2,7.3,Mild,1,0,0,34.34426229508197
31,1,5.3,502.3,5.1,1,24.8,58,2,11.2,Mild,3,1,0,96.59615384615387
42,1,2.0,189.2,7.0,2,18.1,65,1,0.0,,1,1,1,26.64788732394366
28,1,1.9,182.6,6.6,2,15.0,62,1,3.5,,1,1,1,27.253731343283583
33,0,2.6,244.6,5.7,1,18.0,67,2,4.0,Mild,2,0,0,42.17241379310345
35,0,1.3,126.7,6.9,2,27.1,69,1,9.0,,2,0,0,18.1
22,0,2.9,274.1,7.4,2,17.0,63,1,4.2,,3,0,1,36.54666666666667
43,0,1.4,134.3,6.6,2,27.8,76,1,7.3,,4,0,0,20.04477611940299
28,0,1.9,176.0,8.6,0,25.1,80,1,7.3,,0,0,0,20.229885057471265
32,1,1.4,131.3,8.2,0,21.0,55,1,12.2,,1,0,0,15.819277108433738
23,0,0.0,0.0,6.5,2,28.6,88,1,13.1,,3,0,0,0.0
18,0,0.0,0.0,5.6,1,18.6,65,2,14.7,Mild,4,0,0,0.0
32,0,0.4,34.6,6.8,2,21.5,69,1,12.6,,0,1,0,5.014492753623189
63,1,4.2,400.1,6.9,2,23.7,70,1,13.2,Mild,2,0,0,57.15714285714286
44,0,2.6,248.2,4.6,3,22.1,75,0,14.6,Mild,3,1,0,52.808510638297875
34,1,1.8,169.1,4.7,3,24.2,73,0,12.4,Mild,1,0,0,35.229166666666664
31,1,0.9,89.4,5.4,1,26.3,75,2,3.1,Mild,3,1,0,16.254545454545454
35,0,4.4,417.2,7.7,2,21.5,54,1,11.9,,0,0,0,53.48717948717949
41,0,1.5,146.1,8.5,0,29.9,90,1,10.6,,1,0,0,16.988372093023255
20,1,1.2,117.1,5.6,1,20.2,81,2,8.3,Mild,1,0,0,20.54385964912281
48,0,0.0,0.0,5.3,1,22.8,55,2,2.6,Mild,4,0,1,0.0
43,1,0.0,0.0,7.3,2,25.7,66,1,0.7,,1,1,0,0.0
43,1,3.2,303.2,6.7,2,23.2,50,1,3.3,,0,0,0,44.588235294117645
40,1,5.0,477.8,4.8,3,18.2,55,0,13.2,Mild,0,0,0,97.51020408163266
35,0,2.9,279.7,5.4,1,23.8,69,2,4.0,Mild,0,0,0,50.85454545454545
43,0,2.9,277.9,5.8,1,20.1,76,2,6.7,Mild,1,1,0,47.101694915254235
42,0,5.2,493.5,5.7,1,30.8,80,2,15.0,Moderate,2,0,0,85.08620689655173
30,0,3.3,308.9,6.9,2,29.7,58,1,7.6,,3,0,0,44.128571428571426
28,1,2.5,236.4,3.8,3,24.4,91,0,11.5,Mild,0,1,0,60.61538461538462
36,1,3.3,317.2,8.8,0,22.8,78,1,11.9,,4,0,0,35.640449438202246
53,0,3.9,366.2,6.9,2,28.2,59,1,13.2,Mild,4,0,1,52.31428571428571
20,1,3.3,310.1,6.6,2,28.7,73,1,5.0,,1,0,1,46.28358208955225
18,0,1.8,168.3,6.0,1,25.8,66,2,2.3,Mild,1,0,1,27.590163934426233
36,0,3.1,295.4,5.5,1,29.6,59,2,13.3,Mild,4,0,0,52.75
35,0,1.5,138.8,5.8,1,25.4,65,2,9.1,Mild,1,1,0,23.525423728813564
37,1,2.5,233.1,6.0,2,24.5,70,1,8.9,,4,0,1,38.21311475409836
37,1,3.1,294.1,7.0,2,25.1,55,1,8.5,,3,0,1,41.42253521126761
32,0,5.3,499.5,7.6,2,21.6,70,1,0.5,,2,0,1,64.87012987012987
52,1,3.2,300.0,4.8,3,27.1,76,0,3.7,Moderate,0,0,0,61.22448979591837
18,0,2.5,239.8,6.1,2,23.1,81,1,10.1,,3,0,0,38.67741935483872
25,1,1.9,180.4,6.9,2,25.2,75,1,0.5,,1,0,0,25.771428571428572
33,1,1.6,154.3,7.0,2,22.8,66,1,9.1,,3,0,1,21.732394366197187
18,1,1.9,182.4,6.0,2,25.7,70,1,0.8,,2,1,0,29.901639344262296
32,1,2.6,243.2,6.2,2,24.9,74,1,0.1,,4,0,0,38.6031746031746
54,0,3.9,368.0,6.1,2,27.9,74,1,13.4,Mild,4,0,1,59.35483870967742
35,1,0.6,55.9,5.5,1,21.7,69,2,13.7,Mild,4,0,1,9.982142857142858
37,1,3.6,346.7,5.3,1,21.5,70,2,4.4,Mild,1,1,0,64.20370370370371
19,1,1.7,157.0,4.5,3,26.7,65,0,13.0,Mild,2,0,0,34.130434782608695
27,1,1.4,137.6,8.1,0,30.7,70,1,1.1,Mild,2,0,0,16.78048780487805
30,1,3.3,310.3,7.2,2,22.8,68,1,6.2,,1,0,0,42.50684931506849
31,1,1.9,184.1,5.1,1,26.4,59,2,7.1,Mild,0,0,0,35.40384615384616
50,0,3.2,305.4,5.2,1,20.4,78,2,6.1,Mild,4,1,1,57.62264150943396
41,0,3.1,292.8,4.9,3,22.0,73,0,5.2,Mild,3,0,1,58.56
21,0,3.7,352.3,5.3,1,24.2,65,2,9.2,Mild,3,0,0,65.24074074074075
37,0,4.5,425.4,6.6,2,25.2,70,1,10.1,,3,0,0,63.49253731343284
40,1,0.0,0.0,10.0,0,24.9,70,1,14.4,,0,0,0,0.0
48,0,2.8,266.6,6.1,2,23.0,78,1,1.9,,1,0,0,43.00000000000001
53,0,1.4,132.1,7.4,2,18.2,67,1,13.5,Mild,1,0,0,17.613333333333333
22,1,3.1,297.1,6.4,2,18.8,71,1,12.0,,4,0,0,45.70769230769231
25,0,0.4,37.2,7.2,2,29.2,84,1,4.2,,0,0,0,5.095890410958905
19,1,2.6,244.8,6.3,2,22.4,50,1,3.0,,3,0,1,38.25000000000001
32,1,0.0,0.0,8.4,0,23.8,60,1,1.7,,1,0,1,0.0
40,0,2.6,243.7,7.3,2,24.7,75,1,6.4,,0,0,0,32.932432432432435
46,1,2.5,238.3,6.6,2,33.3,80,1,8.3,Mild,2,0,0,35.56716417910448
34,1,1.5,141.7,7.6,2,22.9,59,1,8.5,,0,0,0,18.402597402597404
31,1,1.9,181.4,7.9,2,28.0,61,1,6.3,,4,0,0,22.675
36,1,1.9,184.8,5.8,1,20.1,71,2,10.3,Mild,3,0,0,31.32203389830509
24,1,0.2,16.7,7.5,2,21.9,53,1,10.6,,1,1,0,2.1973684210526314
60,0,0.6,52.8,8.0,2,25.9,68,1,7.7,Mild,1,0,0,6.518518518518518
18,0,2.8,264.3,7.1,2,26.5,69,1,8.3,,2,0,1,36.708333333333336
37,0,4.1,389.7,7.2,2,25.5,69,1,2.9,,2,0,0,53.38356164383561
59,1,3.7,349.6,6.5,2,24.1,62,1,8.3,Mild,2,0,1,52.969696969696976
35,2,0.0,0.0,7.7,2,23.7,64,1,1.1,,4,1,0,0.0
32,0,4.4,414.2,8.2,0,29.1,54,1,8.6,,3,0,0,49.90361445783133
30,1,4.5,422.9,5.1,1,30.0,59,2,9.6,Mild,2,0,1,81.32692307692308
32,0,1.4,131.1,6.8,2,23.6,67,1,14.7,,3,0,1,19.0
51,0,1.4,133.8,5.9,1,23.8,76,2,6.4,Moderate,3,0,1,22.3
18,0,1.7,163.7,6.0,2,22.9,73,1,7.4,,2,0,0,26.83606557377049
53,1,3.0,284.8,7.1,2,22.0,78,1,6.8,Mild,3,0,0,39.555555555555564
18,1,2.0,194.3,4.7,3,27.1,74,0,3.9,Mild,1,0,0,40.47916666666667
31,0,3.1,292.9,5.2,1,23.3,85,2,1.4,Mild,3,0,1,55.264150943396224
29,0,0.5,51.9,8.4,0,24.9,62,1,9.6,,3,0,1,6.105882352941176
42,0,0.9,84.8,5.3,1,25.6,75,2,1.1,Mild,1,1,0,15.703703703703704
18,0,1.2,112.7,8.6,0,15.0,73,1,6.5,,1,0,0,12.954022988505749
40,0,1.3,121.1,6.8,2,21.5,71,1,0.2,,0,0,0,17.55072463768116
59,1,3.1,298.4,6.4,2,24.3,65,1,14.1,Mild,0,0,0,45.9076923076923
18,0,2.9,272.5,5.8,1,26.9,64,2,10.5,Mild,2,0,0,46.186440677966104
37,1,3.5,331.3,6.1,2,30.2,67,1,3.3,Mild,4,0,0,53.43548387096775
27,0,4.1,391.6,6.7,2,24.1,58,1,4.1,,3,0,0,57.58823529411765
40,0,3.1,293.7,6.3,2,18.1,59,1,4.8,,3,0,0,45.890625
35,1,0.0,0.0,5.9,1,26.2,69,2,7.8,Mild,4,0,1,0.0
27,0,1.9,178.0,7.5,2,23.6,70,1,9.5,,2,0,0,23.42105263157895
40,1,2.1,197.2,8.2,0,32.0,69,1,1.1,Mild,3,0,1,23.759036144578314
56,1,2.9,274.2,4.6,3,28.9,56,0,9.9,Moderate,0,0,0,58.3404255319149
32,1,1.1,103.0,9.5,0,18.9,55,1,1.1,,3,0,1,10.729166666666668
43,1,4.7,448.4,6.6,2,21.4,66,1,13.7,,1,0,1,66.92537313432837
19,1,1.9,180.3,7.3,2,29.9,90,1,7.5,,3,1,1,24.364864864864867
23,1,2.0,190.4,8.5,0,24.4,61,1,14.0,,3,0,0,22.13953488372093
40,0,2.2,209.6,4.1,3,26.3,77,0,9.6,Mild,1,0,0,49.90476190476191
52,0,1.7,164.0,4.8,3,23.0,66,0,6.0,Moderate,0,0,0,33.46938775510205
39,0,0.0,0.0,4.6,3,31.2,57,0,11.7,Moderate,1,0,0,0.0
31,1,4.4,414.4,4.9,3,24.6,71,0,1.0,Mild,4,0,1,82.88
34,0,1.5,147.1,7.5,2,27.2,63,1,8.8,,0,0,0,19.355263157894736
19,0,3.4,327.3,5.0,1,18.2,73,2,3.9,Mild,3,0,1,64.1764705882353
42,1,1.9,176.9,5.6,1,19.1,71,2,12.6,Mild,1,0,1,31.03508771929825
45,0,1.6,147.8,5.9,1,32.3,51,2,13.4,Moderate,1,0,0,24.633333333333336
29,1,0.6,60.1,6.7,2,19.4,75,1,8.8,,0,0,0,8.838235294117647
29,0,0.0,0.0,6.8,2,26.5,60,1,3.9,,1,0,1,0.0
38,1,1.8,174.0,5.7,1,27.7,72,2,5.8,Mild,4,0,0,30.0
29,1,1.8,168.0,5.5,1,25.2,71,2,9.3,Mild,2,1,0,30.000000000000004
34,0,4.7,442.2,5.9,1,27.9,84,2,6.4,Mild,3,0,1,73.7
60,1,2.6,247.7,6.6,2,16.7,70,1,11.7,Mild,4,0,0,36.97014925373134
32,1,4.2,400.2,8.0,0,28.9,74,1,5.5,,1,1,0,49.407407407407405
30,0,0.2,23.5,5.8,1,15.0,57,2,7.6,Mild,2,0,0,3.9830508474576276
27,0,2.6,244.9,6.4,2,27.4,83,1,2.8,,3,0,1,37.676923076923075
43,0,3.3,316.0,4.0,3,34.8,76,0,10.5,Moderate,4,0,0,77.07317073170732
32,1,2.7,253.5,7.9,2,29.1,65,1,13.0,,0,0,0,31.6875
27,1,2.7,258.9,6.4,2,24.3,82,1,5.5,,3,0,1,39.83076923076923
50,0,2.1,202.0,7.6,2,23.1,77,1,14.3,,0,0,0,26.233766233766236
52,1,0.7,67.3,8.3,0,23.9,67,1,0.6,Mild,3,0,1,8.011904761904761
27,1,0.5,42.8,7.5,2,19.7,51,1,3.3,,1,0,0,5.631578947368421
18,0,3.6,338.2,6.6,2,23.3,72,1,6.2,,4,1,1,50.47761194029851
47,1,1.5,143.4,4.5,3,18.1,68,0,6.4,Mild,3,0,0,31.173913043478265
26,1,1.9,176.7,6.5,2,20.5,89,1,11.9,,0,0,0,26.772727272727273
44,1,1.5,143.3,5.6,1,27.6,74,2,13.3,Mild,3,0,0,25.140350877192986
18,1,1.2,110.2,5.5,1,27.2,59,2,4.5,Mild,3,0,1,19.67857142857143
45,1,0.3,29.1,4.6,3,25.6,79,0,9.6,Mild,3,0,1,6.1914893617021285
20,1,4.8,456.4,6.0,2,24.7,62,1,8.3,,1,0,1,74.81967213114754
43,1,0.0,0.0,5.9,1,17.0,69,2,2.7,Mild,4,0,0,0.0
35,0,3.5,335.5,5.5,1,22.5,70,2,4.9,Mild,2,0,1,59.91071428571429
23,0,4.1,392.7,5.1,1,23.7,63,2,0.3,Mild,3,0,0,75.51923076923077
30,1,2.7,257.7,8.2,0,17.7,52,1,4.6,,3,0,0,31.04819277108434
43,0,2.2,212.6,5.4,1,18.4,76,2,1.6,Mild,1,0,0,38.654545454545456
36,1,2.8,270.7,6.1,2,27.9,73,1,13.5,,0,0,0,43.66129032258065
42,1,1.9,180.6,6.5,2,25.3,66,1,13.5,,2,0,1,27.363636363636363
58,1,4.0,377.5,6.1,2,19.4,60,1,10.2,Mild,2,1,0,60.88709677419356
18,0,4.2,397.0,8.4,0,29.5,83,1,14.9,,2,1,0,46.705882352941174
54,0,3.3,314.8,4.1,3,27.9,63,0,8.7,Moderate,1,0,1,74.95238095238096
36,0,0.0,2.3,7.3,2,23.5,61,1,3.0,,2,0,0,0.3108108108108108
24,1,3.5,333.7,7.5,2,18.9,64,1,13.3,,0,1,1,43.9078947368421
19,1,4.4,420.4,6.6,2,30.4,74,1,3.1,Mild,4,0,0,62.746268656716424
32,0,3.4,324.2,9.1,0,30.7,69,1,4.0,Mild,2,1,0,35.23913043478261
46,1,4.0,377.9,8.0,2,28.7,94,1,9.9,,3,1,0,46.65432098765432
33,0,1.4,133.6,5.9,1,28.5,82,2,1.9,Mild,0,0,0,22.266666666666666
53,0,1.8,169.9,6.5,2,23.8,54,1,9.1,Mild,0,0,0,25.742424242424246
18,0,4.5,424.2,7.2,2,24.4,73,1,4.5,,2,1,0,58.10958904109589
34,0,3.5,332.4,6.3,2,29.4,82,1,9.4,,3,1,1,51.9375
19,0,2.1,202.3,6.5,2,25.0,73,1,12.0,,0,0,0,30.651515151515156
39,0,2.1,198.8,9.1,0,20.7,59,1,5.9,,1,0,0,21.608695652173918
45,0,2.5,240.3,7.8,2,20.3,78,1,5.0,,2,0,1,30.417721518987346
29,1,2.1,195.0,9.2,0,28.4,70,1,5.0,,3,0,0,20.967741935483872
18,0,2.5,238.3,6.5,2,32.4,66,1,5.4,Mild,4,0,0,36.10606060606061
37,1,7.2,685.4,6.1,2,26.2,74,1,11.8,,0,0,1,110.5483870967742
40,1,1.4,137.2,7.2,2,32.9,71,1,6.5,Mild,4,0,0,18.794520547945204
39,1,0.0,0.0,7.8,2,16.1,59,1,10.7,,3,1,1,0.0
49,1,1.5,143.1,6.4,2,19.0,54,1,11.1,,1,0,0,22.015384615384615
22,0,3.3,316.5,5.4,1,22.0,93,2,8.0,Mild,3,0,0,57.54545454545455
43,0,3.4,323.3,5.5,1,16.0,64,2,6.8,Mild,4,0,1,57.73214285714286
49,1,0.9,84.2,6.7,2,23.1,68,1,5.7,,3,0,0,12.382352941176471
18,1,1.9,183.8,4.7,3,28.7,74,0,9.8,Mild,3,0,0,38.29166666666667
38,0,3.8,360.9,6.9,2,15.9,76,1,7.7,,0,0,1,51.55714285714286
28,0,2.3,222.2,3.9,3,27.7,67,0,4.4,Mild,3,0,1,55.55
34,0,1.0,91.6,5.0,3,19.1,70,0,8.0,Mild,1,0,0,17.96078431372549
39,1,1.3,121.5,8.3,0,20.7,75,1,9.9,,0,0,1,14.464285714285714
29,0,4.6,438.1,6.4,2,23.5,66,1,8.2,,1,0,1,67.4
26,1,1.8,172.9,7.2,2,23.8,61,1,0.2,,4,0,1,23.684931506849317
35,1,2.6,245.0,7.0,2,28.0,64,1,14.9,,3,0,0,34.50704225352113
21,1,0.1,9.7,9.3,0,23.2,90,1,11.4,,2,0,1,1.0319148936170213
21,1,2.1,203.7,8.1,0,26.8,76,1,3.7,,3,0,0,24.84146341463415
43,1,6.7,639.9,8.0,0,28.2,65,1,11.4,,2,0,0,79.0
21,2,5.2,492.5,5.6,1,24.5,74,2,11.5,Mild,0,0,0,86.40350877192984
42,1,2.9,273.7,6.4,2,32.7,71,1,9.0,Mild,4,0,0,42.107692307692304
40,1,4.9,467.7,4.5,3,21.5,80,0,9.4,Mild,2,0,1,101.67391304347827
18,1,3.4,323.5,7.6,2,20.8,91,1,2.4,,3,1,0,42.01298701298702
26,1,6.0,568.9,7.0,2,20.9,68,1,5.6,,3,1,0,80.12676056338029
49,0,3.5,332.6,5.6,1,32.9,66,2,8.8,Moderate,3,0,0,58.350877192982466
23,1,4.5,428.4,5.6,1,27.4,72,2,1.2,Mild,4,0,0,75.15789473684211
29,0,0.0,0.0,7.5,2,28.8,65,1,14.7,,2,1,0,0.0
40,1,3.1,292.5,6.3,2,26.8,64,1,1.5,,2,0,0,45.70312500000001
44,0,1.6,150.1,5.9,1,23.6,82,2,6.1,Mild,4,0,0,25.016666666666666
31,0,3.3,317.4,6.0,2,24.6,60,1,13.7,,1,0,0,52.0327868852459
27,0,3.3,312.0,6.0,2,20.0,67,1,0.2,,0,0,0,51.14754098360656
52,0,4.6,434.7,6.8,2,32.3,89,1,10.2,Moderate,4,0,1,63.0
55,0,4.1,386.4,6.1,2,23.6,60,1,5.8,Mild,3,0,1,62.322580645161295
46,1,0.4,36.7,3.5,3,20.5,65,0,10.8,Mild,1,0,1,10.194444444444445
36,0,0.0,0.0,6.9,2,18.2,70,1,10.0,,2,1,0,0.0
25,0,2.2,208.3,5.8,1,30.9,65,2,9.0,Moderate,0,0,0,35.30508474576272
25,0,3.6,344.5,7.3,2,28.2,68,1,13.0,,3,0,0,46.554054054054056
41,1,3.5,327.9,6.7,2,26.0,50,1,0.1,,3,0,1,48.220588235294116
40,1,2.6,247.1,5.8,1,16.5,74,2,2.2,Mild,3,0,0,41.88135593220339
51,0,3.4,325.0,5.7,1,25.6,78,2,11.8,Moderate,4,1,0,56.03448275862069
42,1,3.7,354.7,6.6,2,23.0,65,1,9.5,,2,0,0,52.94029850746269
18,1,2.6,247.2,6.6,2,22.0,76,1,13.9,,1,0,1,36.8955223880597
47,1,3.4,326.1,6.1,2,29.6,68,1,6.6,,0,0,1,52.5967741935484
23,0,3.6,338.7,6.3,2,18.6,86,1,8.2,,3,0,1,52.921875
30,2,2.4,232.5,7.1,2,18.2,50,1,9.4,,4,0,0,32.29166666666667
38,0,4.7,448.3,4.3,3,17.3,70,0,2.6,Mild,4,0,0,101.88636363636365
58,1,0.7,66.7,8.6,0,20.4,85,1,2.2,Mild,0,1,1,7.666666666666668
72,1,5.0,472.7,5.7,1,18.4,78,2,3.8,Moderate,1,0,0,81.5
42,1,4.1,386.4,7.8,2,27.6,61,1,5.8,,4,0,0,48.91139240506329
32,0,5.7,545.2,8.6,0,20.4,64,1,7.3,,4,0,0,62.66666666666668
41,0,0.2,21.0,7.6,2,24.8,60,1,7.0,,2,0,0,2.7272727272727275
45,1,2.0,187.4,4.4,3,21.4,81,0,11.9,Mild,2,0,0,41.644444444444446
31,0,3.2,306.2,5.1,1,27.9,89,2,2.0,Mild,1,0,0,58.884615384615394
56,0,2.9,274.3,7.1,2,26.9,65,1,5.5,Mild,0,0,1,38.09722222222223
37,1,1.9,175.9,5.9,1,24.2,81,2,14.2,Mild,3,0,0,29.316666666666666
40,1,3.0,281.2,8.3,0,30.4,77,1,11.6,Mild,4,0,1,33.476190476190474
42,2,4.4,415.0,5.5,1,21.7,73,2,6.4,Mild,3,1,0,74.10714285714286
40,1,2.7,257.6,7.3,2,22.6,64,1,8.7,,3,0,0,34.810810810810814
45,0,0.5,43.0,6.8,2,24.6,67,1,7.1,,3,0,0,6.231884057971015
27,1,5.6,530.3,6.2,2,26.5,81,1,5.8,,1,0,1,84.17460317460316
28,0,1.1,100.9,7.6,2,16.4,63,1,2.0,,0,0,1,13.103896103896107
21,0,0.7,63.9,3.1,3,28.6,78,0,2.5,Mild,0,0,0,19.96875
40,0,1.4,134.1,6.7,2,21.6,64,1,4.3,,2,1,1,19.720588235294116
44,0,1.6,149.9,7.8,2,26.6,66,1,5.5,,3,0,0,18.9746835443038
40,0,2.9,276.8,5.2,1,20.9,72,2,3.8,Mild,3,0,1,52.22641509433963
55,0,6.4,609.4,6.8,2,29.4,59,1,8.7,Mild,4,0,1,88.31884057971016
34,1,1.2,110.0,6.6,2,28.1,67,1,9.0,,1,0,0,16.417910447761194
43,1,4.1,393.4,5.6,1,28.2,81,2,0.7,Mild,3,0,0,69.01754385964912
21,0,5.4,515.5,5.9,1,25.8,64,2,9.7,Mild,1,0,1,85.91666666666667
30,0,1.9,177.1,8.4,0,23.2,79,1,7.0,,2,0,0,20.83529411764706
43,1,2.4,223.3,6.9,2,17.2,62,1,8.2,,1,0,0,31.900000000000002
45,1,3.0,281.0,5.1,1,24.2,87,2,13.4,Mild,0,0,1,54.03846153846155
31,0,1.8,172.5,7.1,2,28.6,107,1,2.8,,1,1,1,23.958333333333336
34,1,0.0,0.0,7.1,2,27.2,54,1,6.1,,3,0,1,0.0
18,0,4.5,430.2,7.7,2,21.0,62,1,7.3,,3,0,0,55.15384615384615
30,0,2.7,260.0,6.5,2,36.3,79,1,8.9,Mild,3,0,0,39.3939393939394
45,0,1.7,157.1,8.0,0,28.2,71,1,10.2,,3,1,0,19.395061728395063
41,1,2.4,231.3,6.7,2,21.0,63,1,1.9,,1,0,0,34.01470588235294
41,1,2.0,192.5,7.2,2,21.7,63,1,11.2,,3,0,1,26.36986301369863
35,1,3.4,321.9,5.6,1,19.9,68,2,3.3,Mild,0,0,0,56.47368421052632
35,1,1.2,109.4,7.5,2,23.5,66,1,14.3,,4,0,0,14.394736842105264
27,0,1.9,183.7,9.1,0,30.3,66,1,1.6,Mild,3,0,0,19.967391304347828
43,0,2.7,258.1,8.7,0,25.8,63,1,14.8,,2,0,1,29.32954545454546
40,1,0.0,0.0,5.7,1,30.6,50,2,13.9,Moderate,4,1,0,0.0
40,1,2.1,202.5,4.6,3,30.3,70,0,13.3,Moderate,1,1,0,43.08510638297873
28,1,1.5,139.5,7.2,2,29.5,76,1,0.5,,0,1,0,19.10958904109589
18,2,3.4,324.2,6.2,2,30.8,72,1,3.0,Mild,0,0,0,51.46031746031746
48,1,2.9,272.7,5.5,1,24.0,79,2,8.5,Mild,2,1,0,48.69642857142857
29,0,4.4,418.3,8.9,0,24.7,74,1,10.8,,3,0,1,46.47777777777778
24,0,0.0,0.0,10.0,0,18.5,67,1,11.0,,2,0,0,0.0
43,0,1.6,149.6,4.6,3,26.4,71,0,0.7,Mild,3,0,1,31.829787234042556
30,0,2.8,265.4,5.6,1,25.0,68,2,10.3,Mild,3,0,0,46.56140350877193
47,1,4.4,421.6,4.8,3,32.0,64,0,7.4,Moderate,0,0,0,86.04081632653063
42,0,0.8,79.8,5.9,1,22.6,51,2,4.7,Mild,0,1,0,13.299999999999999
43,1,1.3,123.0,8.2,0,19.9,75,1,10.3,,3,0,1,14.819277108433736
18,0,4.5,424.8,6.6,2,18.2,67,1,3.8,,0,0,0,63.402985074626876
49,1,6.0,565.8,7.1,2,29.5,56,1,9.7,,0,1,0,78.58333333333333
38,0,5.1,480.6,7.8,2,24.7,75,1,9.2,,0,0,0,60.83544303797469
30,1,5.1,482.0,6.6,2,22.8,50,1,8.9,,3,0,0,71.9402985074627
36,0,3.1,298.9,5.4,1,24.9,70,2,8.0,Mild,3,0,0,54.345454545454544
18,1,2.7,256.4,7.2,2,18.9,78,1,4.1,,4,1,0,35.12328767123287
39,0,5.4,508.5,6.1,2,18.8,80,1,3.0,,0,0,1,82.01612903225808
22,1,2.0,191.1,6.5,2,30.9,53,1,5.7,Mild,3,0,1,28.954545454545457
18,1,1.0,93.5,5.9,1,24.8,67,2,14.6,Mild,0,0,0,15.583333333333334
18,0,2.9,277.9,7.7,2,25.7,71,1,11.8,,4,1,1,35.628205128205124
48,0,2.0,186.1,7.3,2,24.0,67,1,5.8,,4,0,0,25.14864864864865
27,1,1.3,128.0,7.8,2,21.5,87,1,10.3,,1,0,1,16.20253164556962
53,0,3.8,358.7,5.3,1,21.5,86,2,4.2,Moderate,3,0,0,66.42592592592592
28,0,2.1,201.9,7.9,2,19.9,70,1,3.2,,4,0,1,25.2375
18,0,2.8,263.8,7.0,2,28.6,82,1,8.8,,3,1,0,37.15492957746479
21,1,3.3,314.6,7.6,2,25.9,65,1,3.8,,3,0,0,40.85714285714286
49,1,0.0,0.0,6.1,2,21.9,73,1,8.2,,0,0,0,0.0
33,0,4.4,414.1,6.5,2,27.0,68,1,1.2,,3,0,0,62.74242424242425
28,1,6.0,565.4,7.5,2,20.8,88,1,12.5,,0,0,1,74.39473684210526
36,0,4.4,420.0,7.0,2,28.1,80,1,5.7,,0,0,0,59.15492957746479
41,1,0.0,0.0,6.9,2,20.6,75,1,0.2,,0,0,0,0.0
48,1,2.8,269.6,7.2,2,24.6,79,1,14.4,,2,0,1,36.93150684931507
52,0,0.0,0.0,5.9,1,21.3,58,2,8.2,Moderate,3,0,0,0.0
30,0,4.3,407.6,7.2,2,29.9,65,1,13.7,,4,0,0,55.83561643835617
19,0,4.3,408.1,7.5,2,29.8,68,1,2.8,,3,1,0,53.69736842105264
30,1,3.1,290.6,7.1,2,26.9,82,1,4.5,,1,1,0,40.36111111111112
38,1,0.0,0.0,6.9,2,23.7,68,1,5.7,,3,0,1,0.0
23,1,2.5,239.0,7.0,2,22.1,69,1,2.9,,2,0,1,33.66197183098592
23,0,0.8,77.8,6.8,2,24.9,64,1,6.8,,1,1,1,11.27536231884058
39,0,2.7,257.3,6.4,2,21.2,69,1,4.2,,1,1,1,39.58461538461539
34,0,2.5,235.4,7.5,2,27.6,56,1,1.9,,0,0,1,30.97368421052632
35,1,4.1,386.1,8.3,0,23.2,81,1,1.2,,4,1,0,45.964285714285715
25,0,2.3,215.0,6.9,2,24.4,74,1,3.9,,1,1,0,30.714285714285715
32,1,5.0,475.8,5.6,1,25.0,73,2,14.7,Mild,2,0,1,83.47368421052633
23,0,3.1,294.2,5.4,1,30.2,67,2,3.8,Moderate,4,0,1,53.49090909090909
45,1,1.7,162.7,6.0,1,23.8,63,2,12.8,Mild,3,0,0,26.672131147540984
47,0,2.4,225.1,9.3,0,31.2,75,1,6.9,Mild,2,0,0,23.946808510638295
18,1,4.4,421.0,8.3,0,27.5,61,1,3.8,,4,0,1,50.11904761904762
23,1,4.6,439.9,7.5,2,27.4,64,1,12.3,,2,0,1,57.88157894736842
18,1,0.0,0.0,8.5,0,21.5,71,1,11.3,,1,0,1,0.0
27,1,0.7,67.2,6.3,2,19.2,66,1,9.3,,0,0,0,10.500000000000002
33,1,1.6,148.1,8.0,0,24.4,50,1,4.3,,0,0,0,18.28395061728395
18,1,4.6,437.9,7.7,2,19.8,76,1,11.4,,4,0,0,56.14102564102564
23,1,4.4,416.7,6.2,2,16.8,69,1,0.3,,0,0,1,66.14285714285714
22,0,4.0,380.6,5.0,3,22.1,58,0,4.2,Mild,1,0,0,74.62745098039217
37,1,4.2,399.3,4.6,3,17.5,69,0,12.9,Mild,2,0,1,84.95744680851065
35,0,5.1,481.6,6.7,2,27.9,80,1,3.5,,0,0,0,70.82352941176471
26,1,3.3,317.3,5.9,1,19.5,79,2,9.4,Mild,1,0,0,52.88333333333333
37,0,4.1,392.7,6.8,2,17.4,72,1,7.2,,2,0,0,56.913043478260875
28,0,3.1,299.1,6.2,2,21.8,70,1,6.4,,1,0,0,47.47619047619048
31,1,4.1,388.0,5.1,1,26.4,72,2,10.3,Mild,4,0,1,74.61538461538463
55,0,1.8,168.4,8.9,0,22.3,72,1,0.6,Mild,2,0,1,18.711111111111112
51,1,1.2,113.9,5.6,1,27.3,76,2,7.5,Moderate,2,0,1,19.98245614035088
19,0,1.5,143.6,6.0,1,26.5,77,2,6.6,Mild,1,0,0,23.54098360655738
44,0,2.1,198.3,6.7,2,25.3,82,1,11.3,,0,0,0,29.161764705882355
44,1,3.7,353.7,6.6,2,21.5,90,1,6.4,,4,0,1,52.791044776119406
21,1,5.0,472.5,4.4,3,25.7,99,0,13.6,Mild,0,1,0,105.0
44,1,1.6,151.3,7.7,2,15.0,70,1,14.9,,3,1,0,19.397435897435898
53,1,6.3,597.8,6.9,2,23.6,68,1,13.1,Mild,4,0,0,85.39999999999999
21,0,2.2,205.8,9.3,0,28.7,73,1,11.9,,4,0,0,21.893617021276597
23,1,2.5,240.3,7.0,2,21.5,72,1,10.8,,1,0,1,33.845070422535215
47,1,2.9,278.3,6.4,2,25.3,71,1,8.4,,1,0,0,42.815384615384616
38,1,1.6,147.6,5.7,1,16.7,67,2,11.8,Mild,4,0,0,25.448275862068964
41,1,1.7,166.2,5.2,1,27.0,81,2,9.0,Mild,4,0,1,31.358490566037734
39,1,2.0,194.1,6.5,2,22.8,83,1,14.4,,2,0,0,29.40909090909091
39,0,0.7,70.1,5.3,1,22.7,76,2,13.3,Mild,0,0,0,12.981481481481481
19,1,1.3,120.7,7.8,2,22.6,75,1,8.6,,1,0,0,15.27848101265823
47,0,2.4,226.5,6.1,2,25.2,68,1,6.4,,2,0,0,36.532258064516135
49,1,1.9,179.6,8.2,0,22.2,78,1,3.0,,3,0,0,21.638554216867472
32,1,1.5,145.1,7.1,2,24.5,74,1,3.7,,4,0,0,20.15277777777778
34,0,4.0,383.6,6.8,2,19.1,79,1,3.3,,1,0,0,55.59420289855073
18,1,0.0,0.0,5.8,1,22.3,71,2,13.4,Mild,4,0,0,0.0
41,1,3.4,320.9,7.3,2,25.2,69,1,13.8,,2,1,0,43.36486486486486
41,0,2.7,259.0,7.1,2,23.3,73,1,4.8,,4,0,1,35.97222222222223
34,0,2.9,277.9,4.2,3,25.4,85,0,10.5,Mild,4,0,0,64.62790697674419
48,1,0.7,62.5,8.4,0,26.5,61,1,1.9,,2,0,1,7.352941176470588
30,0,1.7,158.4,7.8,2,26.4,74,1,8.4,,0,1,1,20.05063291139241
41,0,3.1,293.3,5.6,1,26.7,65,2,4.5,Mild,2,1,1,51.4561403508772
22,1,1.7,160.5,7.9,2,15.9,70,1,14.3,,4,1,1,20.0625
34,1,0.2,18.5,6.5,2,19.3,56,1,2.0,,0,0,1,2.803030303030303
32,1,2.1,199.1,5.9,1,31.3,93,2,2.0,Moderate,2,1,0,33.18333333333333
37,1,2.2,210.3,7.1,2,27.9,69,1,11.6,,2,0,0,29.20833333333334
30,0,3.6,341.4,7.6,2,22.4,63,1,4.7,,1,1,0,44.33766233766234
33,0,4.2,399.4,8.2,0,26.4,88,1,3.8,,2,0,0,48.12048192771085
44,0,2.7,257.2,8.7,0,21.6,67,1,3.1,,4,1,1,29.22727272727273
29,1,3.2,299.7,4.6,3,26.6,72,0,3.8,Mild,1,0,0,63.76595744680852
18,1,4.1,387.9,4.3,3,20.2,66,0,14.8,Mild,0,0,1,88.15909090909092
55,0,2.2,210.7,6.2,2,25.5,53,1,6.8,Mild,1,1,1,33.44444444444444
51,1,3.3,314.7,5.4,1,23.2,72,2,3.8,Moderate,3,1,0,57.21818181818182
19,0,0.4,35.2,9.9,0,27.0,74,1,0.9,,0,0,1,3.5200000000000005
43,0,1.7,157.3,7.1,2,33.4,86,1,1.8,Mild,3,0,0,21.847222222222225
28,0,5.1,481.8,6.0,1,24.3,78,2,9.9,Mild,4,0,1,78.98360655737706
38,1,4.0,383.5,5.7,1,16.5,72,2,3.9,Mild,0,0,0,66.12068965517241
38,1,3.8,356.6,6.7,2,24.8,66,1,8.3,,0,0,0,52.44117647058824
32,0,1.2,111.2,4.3,3,23.6,76,0,8.3,Mild,1,0,0,25.272727272727277
25,0,0.2,20.4,8.1,0,15.0,85,1,5.4,,3,0,0,2.4878048780487805
26,0,1.1,100.9,8.5,0,20.9,59,1,10.7,,3,1,0,11.732558139534884
24,1,2.7,252.2,4.5,3,26.9,50,0,0.5,Mild,1,1,0,54.82608695652174
25,0,3.3,313.2,7.2,2,28.1,87,1,6.3,,1,0,1,42.9041095890411
34,0,4.9,463.2,6.8,2,28.2,61,1,6.5,,1,1,0,67.1304347826087
26,1,0.7,65.8,7.5,2,30.5,53,1,1.9,Mild,1,0,0,8.657894736842104
43,0,1.6,156.7,7.4,2,22.8,70,1,0.2,,2,0,0,20.89333333333333
52,0,4.9,470.2,5.0,3,20.1,64,0,8.0,Moderate,1,0,0,92.19607843137256
28,1,0.1,11.0,6.8,2,17.8,52,1,4.4,,1,0,0,1.5942028985507248
37,1,2.8,268.8,7.6,2,24.0,73,1,14.0,,1,0,0,34.909090909090914
40,0,0.0,0.0,5.0,3,21.6,70,0,10.6,Mild,2,0,0,0.0
40,1,2.0,188.0,6.8,2,20.5,76,1,1.3,,4,0,1,27.246376811594207
35,0,5.4,517.7,6.9,2,17.4,81,1,9.8,,4,1,0,73.95714285714287
43,1,3.3,315.8,6.1,2,22.5,73,1,13.1,,1,1,0,50.93548387096775
40,1,4.5,426.3,6.9,2,20.7,80,1,14.4,,0,0,0,60.9
20,2,3.3,315.3,6.6,2,21.1,57,1,4.7,,2,1,1,47.05970149253732
45,0,3.3,312.9,6.2,2,31.0,50,1,6.6,Mild,1,0,0,49.666666666666664
45,1,0.1,4.9,6.5,2,23.9,61,1,9.7,,2,0,0,0.7424242424242425
25,0,5.6,531.8,7.7,2,23.4,70,1,13.6,,2,0,1,68.17948717948717
35,1,4.9,469.8,6.1,2,27.2,71,1,10.1,,4,0,1,75.7741935483871
43,1,1.4,131.2,5.8,1,22.1,73,2,5.8,Mild,3,1,0,22.23728813559322
32,1,4.8,455.7,4.8,3,25.9,84,0,1.4,Mild,3,0,0,93.00000000000001
47,1,4.1,389.1,4.6,3,26.7,76,0,2.2,Mild,3,1,0,82.78723404255321
63,0,3.5,330.7,4.7,3,20.1,73,0,8.2,Moderate,1,1,1,68.89583333333333
25,0,2.8,267.8,6.0,2,23.0,64,1,3.6,,3,0,0,43.9016393442623
18,2,2.3,223.2,6.5,2,18.1,82,1,6.7,,1,0,0,33.81818181818182
38,0,5.1,485.5,5.9,1,19.6,75,2,6.1,Mild,0,0,0,80.91666666666667
43,1,2.7,256.7,5.6,1,21.1,63,2,8.6,Mild,4,0,0,45.03508771929825
32,0,3.2,304.8,5.9,1,25.4,58,2,5.0,Mild,0,0,0,50.800000000000004
52,2,5.0,473.6,7.1,2,19.7,82,1,6.9,Mild,1,0,0,65.77777777777779
18,0,4.2,403.2,7.6,2,24.5,77,1,8.7,,0,0,0,52.36363636363637
43,0,0.6,61.5,8.9,0,22.9,82,1,8.9,,3,0,0,6.833333333333333
27,0,1.6,154.2,6.8,2,22.8,61,1,7.0,,0,0,0,22.347826086956523
55,1,1.3,120.3,8.4,0,27.0,50,1,10.7,Mild,2,0,0,14.152941176470588
58,0,3.2,300.9,6.7,2,30.8,74,1,5.9,Moderate,2,0,0,44.25
25,0,1.8,168.8,8.5,0,17.5,54,1,11.8,,4,0,0,19.62790697674419
28,0,1.9,183.1,7.4,2,26.1,77,1,14.8,,0,0,0,24.413333333333334
45,1,2.1,204.1,6.7,2,32.0,71,1,11.4,Mild,1,0,0,30.014705882352942
30,0,3.1,290.4,4.2,3,27.9,86,0,11.7,Mild,4,0,0,67.53488372093022
34,0,2.1,200.3,6.5,2,26.4,71,1,13.1,,3,0,1,30.34848484848485
35,1,4.0,375.5,5.4,1,16.8,58,2,1.6,Mild,3,0,1,68.27272727272727
18,0,0.9,82.1,6.4,2,29.0,75,1,8.4,,2,0,1,12.63076923076923
34,1,0.3,26.6,8.5,0,30.6,71,1,10.1,Mild,4,1,1,3.0930232558139537
26,1,1.5,144.5,7.3,2,26.6,68,1,13.7,,3,1,1,19.527027027027028
29,1,1.0,92.6,8.1,0,27.7,73,1,12.5,,0,1,0,11.292682926829269
52,0,2.6,245.4,7.3,2,28.2,73,1,5.8,Mild,4,0,1,33.16216216216217
19,1,1.9,180.5,5.6,1,26.7,64,2,4.7,Mild,0,0,0,31.66666666666667
44,0,0.6,52.4,9.2,0,27.2,88,1,4.4,,0,0,0,5.634408602150538
31,1,0.5,49.7,6.7,2,17.5,86,1,3.8,,0,0,0,7.308823529411765
31,1,2.8,263.6,7.8,2,34.0,70,1,4.6,Mild,4,0,0,33.367088607594944
44,1,3.9,365.9,8.4,0,27.9,70,1,11.0,,4,1,0,43.04705882352941
39,1,1.4,136.9,5.2,1,27.7,57,2,1.7,Mild,2,0,0,25.830188679245285
41,0,2.4,225.1,6.5,2,25.5,77,1,11.0,,4,1,0,34.10606060606061
46,0,1.5,146.0,7.6,2,16.2,57,1,2.9,,1,0,1,18.961038961038962
31,1,2.3,215.9,6.3,2,15.0,68,1,9.4,,4,1,0,33.73437500000001
27,1,5.1,488.6,9.5,0,26.0,79,1,8.9,,2,0,0,50.895833333333336
21,0,6.2,593.7,6.4,2,23.8,101,1,8.9,,4,1,0,91.33846153846154
25,1,1.8,173.9,7.5,2,27.0,71,1,4.7,,1,0,0,22.88157894736842
70,0,1.7,164.6,8.9,0,22.8,80,1,2.2,Mild,4,1,0,18.288888888888888
49,0,3.1,299.1,4.9,3,22.6,60,0,11.9,Mild,2,0,0,59.82000000000001
18,1,2.7,254.7,6.1,2,23.0,65,1,3.6,,1,0,0,41.08064516129033
19,1,3.5,334.6,5.3,1,22.2,66,2,1.2,Mild,2,0,1,61.962962962962976
40,0,2.3,219.7,7.2,2,19.8,70,1,2.4,,3,0,0,30.095890410958905
41,1,2.2,211.6,8.6,0,19.0,56,1,1.7,,0,0,0,24.32183908045977
41,1,3.2,300.4,5.3,1,25.9,67,2,10.7,Mild,2,1,0,55.62962962962963
31,1,2.9,272.0,4.9,3,26.5,55,0,11.2,Mild,3,0,0,54.4
33,0,1.8,168.8,6.9,2,15.0,81,1,5.1,,4,0,1,24.114285714285717
38,0,2.7,255.2,8.2,0,23.2,67,1,11.5,,1,1,0,30.74698795180723
36,1,2.7,255.5,5.7,1,23.1,64,2,12.6,Mild,2,0,1,44.05172413793104
18,0,0.0,0.0,5.8,1,25.8,59,2,7.2,Mild,1,0,1,0.0
32,1,2.4,229.4,8.5,0,25.9,67,1,12.4,,3,0,0,26.674418604651166
24,0,3.9,366.2,6.2,2,26.8,75,1,7.6,,2,1,0,58.12698412698413
37,1,1.8,175.0,7.5,2,22.6,62,1,12.1,,4,1,0,23.026315789473685
70,0,1.4,131.5,8.4,0,21.2,72,1,6.6,Mild,4,0,0,15.470588235294118
39,0,1.4,132.0,7.4,2,17.1,76,1,0.9,,4,0,1,17.6
31,1,3.0,284.3,6.6,2,23.6,70,1,3.3,,0,0,1,42.43283582089553
46,1,1.0,96.9,5.7,1,17.7,58,2,4.6,Mild,4,0,0,16.70689655172414
40,1,2.9,271.4,5.9,1,21.2,77,2,6.6,Mild,0,0,0,45.23333333333333
40,1,2.7,260.2,7.0,2,18.4,76,1,7.1,,2,1,1,36.647887323943664
42,1,0.5,47.4,8.4,0,29.4,81,1,14.6,,2,0,0,5.576470588235294
59,0,3.9,372.2,5.8,1,18.9,75,2,7.1,Moderate,3,1,0,63.08474576271187
21,0,4.4,415.9,5.6,1,20.6,63,2,5.6,Mild,3,0,0,72.96491228070175
40,1,2.9,273.3,7.1,2,26.2,72,1,5.4,,1,0,0,37.958333333333336
23,0,2.6,243.0,5.7,1,28.6,72,2,13.3,Mild,2,1,0,41.89655172413793
41,0,1.7,166.1,7.3,2,21.1,55,1,5.8,,1,0,0,22.445945945945947
23,0,1.8,171.6,5.7,1,30.1,51,2,11.8,Moderate,3,0,1,29.586206896551722
29,1,1.9,175.8,7.0,2,22.9,76,1,3.7,,1,0,0,24.760563380281692
31,1,3.6,343.4,6.1,2,28.6,69,1,6.4,,3,0,0,55.38709677419355
46,1,3.4,319.1,6.6,2,24.2,65,1,8.6,,0,0,0,47.6268656716418
46,1,0.0,0.0,8.0,2,18.7,78,1,8.5,,3,0,0,0.0
20,0,0.3,26.4,6.8,2,20.5,81,1,8.7,,2,0,0,3.8260869565217392
35,0,1.3,119.5,7.3,2,23.5,62,1,11.1,,2,0,0,16.14864864864865
26,1,1.8,171.2,5.9,1,28.2,89,2,7.7,Mild,0,1,0,28.53333333333333
19,1,3.1,298.9,5.9,1,26.2,58,2,2.7,Mild,0,1,0,49.81666666666666
32,0,1.7,160.7,5.4,1,29.1,73,2,8.7,Mild,3,0,1,29.218181818181815
31,0,3.1,297.2,6.5,2,21.2,68,1,4.5,,2,0,1,45.03030303030303
64,0,4.9,465.0,6.6,2,17.6,85,1,4.5,Mild,3,0,0,69.40298507462687
40,1,1.6,154.5,7.2,2,26.4,73,1,1.9,,3,0,0,21.164383561643834
18,0,1.1,107.1,8.9,0,25.8,64,1,13.6,,0,1,0,11.899999999999999
28,0,0.8,76.9,7.4,2,23.4,87,1,1.0,,3,1,0,10.253333333333334
47,0,0.9,90.1,6.3,2,22.0,66,1,0.6,,3,1,0,14.078125
60,1,3.3,316.5,9.3,0,22.3,73,1,10.9,Mild,0,0,0,33.670212765957444
18,1,3.6,345.6,5.5,1,21.0,53,2,10.6,Mild,0,0,0,61.71428571428572
18,1,3.4,326.8,6.7,2,25.4,53,1,5.3,,4,0,1,48.05882352941177
57,0,0.9,88.0,8.2,0,26.5,60,1,11.1,Mild,3,1,1,10.602409638554219
39,0,1.9,182.9,7.4,2,29.2,68,1,7.3,,4,0,1,24.386666666666667
24,2,1.9,183.3,4.2,3,24.0,87,0,10.9,Mild,0,1,0,42.62790697674419
41,0,5.1,482.1,7.1,2,25.3,71,1,8.2,,2,0,1,66.95833333333334
18,1,2.9,279.7,5.9,1,17.4,81,2,11.0,Mild,4,0,1,46.61666666666667
35,1,2.7,253.2,5.7,1,24.4,65,2,11.6,Mild,1,0,1,43.6551724137931
38,1,2.9,277.1,4.5,3,26.4,87,0,4.3,Mild,1,0,0,60.239130434782616
46,1,1.9,176.3,6.9,2,20.8,77,1,5.8,,4,0,0,25.185714285714287
22,0,3.1,294.9,6.0,1,29.7,71,2,7.6,Mild,1,0,0,48.34426229508197
36,0,1.8,169.3,7.1,2,20.8,80,1,2.9,,2,1,1,23.513888888888893
23,1,4.6,440.9,5.3,1,25.0,71,2,14.6,Mild,3,0,0,81.64814814814815
38,0,1.2,113.3,10.0,0,24.7,71,1,13.9,,2,1,0,11.217821782178218
24,0,2.8,264.4,6.1,2,20.5,77,1,11.7,,1,1,1,42.645161290322584
30,1,3.5,333.0,7.9,2,23.4,76,1,3.0,,3,0,0,41.625
23,1,2.4,226.1,8.0,0,24.2,57,1,6.8,,1,1,0,27.913580246913583
42,1,2.7,255.6,7.8,2,24.4,71,1,13.9,,4,1,0,32.35443037974684
45,1,2.2,208.8,5.6,1,17.8,80,2,9.2,Mild,2,0,1,36.631578947368425
32,0,1.1,107.4,9.1,0,25.4,72,1,5.8,,3,0,0,11.673913043478262
35,1,5.1,484.6,6.6,2,28.0,75,1,1.4,,0,1,0,72.32835820895524
18,1,2.0,186.4,7.2,2,27.5,79,1,1.5,,2,0,1,25.53424657534247
31,2,0.5,51.4,6.8,2,27.0,76,1,10.2,,0,0,1,7.449275362318841
34,0,1.4,134.5,6.8,2,20.1,60,1,4.7,,4,0,0,19.492753623188406
66,1,4.5,426.8,6.4,2,26.7,58,1,7.5,Mild,1,0,0,65.66153846153847
21,0,5.9,562.0,4.3,3,18.0,88,0,11.3,Mild,4,0,1,127.72727272727275
52,1,3.1,290.5,6.9,2,23.3,67,1,2.7,Mild,0,0,0,41.5
46,1,3.7,350.0,7.4,2,19.5,66,1,1.2,,3,1,0,46.666666666666664
38,0,5.3,500.6,5.5,1,27.9,71,2,5.6,Mild,4,0,0,89.39285714285715
56,1,1.1,100.6,6.7,2,24.4,84,1,2.4,Mild,1,0,0,14.794117647058822
39,0,3.1,293.4,4.5,3,16.2,71,0,7.7,Mild,3,0,0,63.78260869565217
39,1,5.2,497.8,7.5,2,22.6,71,1,8.3,,3,0,1,65.5
34,1,3.8,357.1,8.3,0,18.2,66,1,1.7,,1,0,0,42.511904761904766
49,0,2.1,198.7,6.9,2,21.8,60,1,11.9,,3,0,0,28.385714285714283
48,1,3.0,289.0,7.0,2,22.6,53,1,0.4,,2,0,0,40.70422535211268
27,0,5.3,502.9,6.6,2,26.6,72,1,5.2,,3,0,0,75.05970149253731
19,0,2.7,259.1,7.5,2,27.6,60,1,0.7,,0,0,0,34.0921052631579
32,0,1.1,105.9,7.1,2,18.3,66,1,10.6,,2,1,1,14.708333333333336
25,0,3.4,324.6,7.7,2,22.8,66,1,13.2,,4,0,1,41.61538461538462
34,1,1.1,108.8,7.7,2,22.4,75,1,5.2,,3,1,0,13.948717948717949
49,0,1.4,132.9,7.7,2,18.9,50,1,4.9,,1,0,0,17.03846153846154
29,0,1.8,171.2,7.2,2,22.9,86,1,10.4,,2,1,1,23.452054794520546
34,0,2.5,234.8,7.5,2,27.5,73,1,13.1,,3,0,0,30.894736842105267
35,0,1.2,117.0,5.9,1,19.8,75,2,13.3,Mild,0,0,1,19.5
45,0,3.1,296.0,4.2,3,27.4,61,0,8.8,Mild,3,0,0,68.83720930232559
18,1,2.0,188.0,6.6,2,18.5,69,1,8.9,,3,0,1,28.059701492537318
27,0,3.7,354.2,8.7,0,30.3,75,1,9.3,Mild,2,1,0,40.25000000000001
37,1,2.6,243.3,7.4,2,23.9,78,1,7.6,,0,0,0,32.440000000000005
49,1,2.3,215.6,7.5,2,21.0,77,1,8.0,,3,0,0,28.36842105263158
29,0,2.3,221.2,5.4,1,26.5,73,2,1.4,Mild,2,0,1,40.21818181818182
18,1,4.7,445.5,6.8,2,33.9,68,1,14.7,Mild,1,0,0,64.56521739130436
42,1,3.8,363.2,5.1,1,29.4,58,2,0.9,Mild,3,0,0,69.84615384615385
27,1,0.4,33.9,6.9,2,23.8,67,1,7.2,,4,0,0,4.8428571428571425
20,0,1.8,166.3,6.4,2,29.2,89,1,11.8,,1,0,0,25.584615384615386
27,1,2.6,251.2,7.2,2,33.1,57,1,8.7,Mild,3,1,0,34.41095890410959
32,0,0.0,0.0,7.0,2,22.5,54,1,1.4,,1,0,0,0.0
27,1,3.1,298.6,7.6,2,24.7,91,1,8.3,,4,1,0,38.779220779220786
18,1,1.2,116.6,8.1,0,20.7,71,1,13.6,,1,0,1,14.219512195121952
45,1,1.4,132.8,8.3,0,22.5,55,1,9.3,,3,0,0,15.80952380952381
50,0,1.4,137.5,10.0,0,22.9,71,1,11.7,,4,0,0,13.613861386138614
42,1,4.4,416.9,5.4,1,22.2,69,2,6.9,Mild,0,1,0,75.8
21,0,3.4,324.3,6.0,1,28.7,87,2,4.7,Mild,2,0,0,53.16393442622951
32,0,1.8,173.3,6.3,2,16.5,85,1,3.0,,2,0,1,27.078125000000004
34,0,1.7,157.4,4.4,3,24.1,74,0,12.7,Mild,3,1,0,34.97777777777778
42,0,2.7,261.0,6.9,2,23.8,77,1,10.6,,2,1,0,37.285714285714285
43,1,4.9,464.9,6.2,2,22.1,70,1,2.7,,2,0,1,73.7936507936508
26,0,2.1,200.9,8.1,0,27.3,89,1,8.3,,3,0,0,24.500000000000004
35,0,0.0,0.0,8.1,0,27.2,70,1,10.6,,3,0,0,0.0
40,0,2.8,261.5,7.1,2,24.2,64,1,8.5,,1,0,1,36.31944444444445
52,0,2.9,276.4,6.9,2,25.3,84,1,14.2,Mild,2,0,0,39.48571428571428
43,0,3.1,290.1,5.9,1,23.8,74,2,2.8,Mild,1,0,0,48.35
44,2,2.4,232.1,6.9,2,26.5,69,1,10.7,,2,0,0,33.15714285714286
36,1,2.7,257.0,7.1,2,30.3,64,1,9.2,Mild,2,0,0,35.69444444444445
51,0,1.0,97.8,6.8,2,28.3,67,1,13.8,Mild,0,1,1,14.173913043478262
39,0,4.1,393.0,6.4,2,32.9,85,1,12.9,Mild,2,0,0,60.46153846153846
24,0,1.7,162.9,6.9,2,27.4,70,1,9.7,,3,0,0,23.271428571428572
51,1,2.1,200.8,6.9,2,16.7,70,1,6.5,Mild,2,1,0,28.685714285714287
43,0,3.1,293.5,7.6,2,26.6,53,1,2.5,,4,1,0,38.11688311688312
29,0,2.8,267.7,3.4,3,21.0,69,0,12.0,Mild,0,0,1,76.48571428571428
29,1,4.9,462.1,6.6,2,29.2,71,1,12.4,,1,1,1,68.97014925373135
38,0,4.5,424.1,6.6,2,22.9,75,1,5.4,,2,0,0,63.29850746268658
40,1,1.8,167.2,7.8,2,18.7,66,1,3.4,,2,0,0,21.164556962025316
37,2,5.5,519.4,6.1,2,25.4,76,1,14.0,,1,1,0,83.7741935483871
38,1,3.9,372.8,3.9,3,22.9,78,0,7.0,Mild,0,0,1,93.2
55,1,2.7,256.0,4.4,3,25.7,64,0,11.0,Moderate,1,0,1,56.888888888888886
47,1,1.5,143.0,4.3,3,25.4,88,0,9.3,Mild,2,0,0,32.50000000000001
37,0,2.4,228.3,7.9,2,25.4,61,1,10.5,,1,1,0,28.5375
46,1,0.0,0.0,5.3,1,25.5,52,2,0.3,Mild,1,0,1,0.0
22,0,3.3,314.9,8.1,0,27.5,77,1,9.4,,2,0,0,38.40243902439025
39,0,0.5,49.5,6.5,2,24.7,71,1,8.2,,0,0,0,7.5
56,0,3.2,307.1,6.3,2,23.5,77,1,11.3,Mild,3,0,0,47.98437500000001
32,1,1.8,169.2,8.8,0,23.0,66,1,14.1,,0,0,0,19.01123595505618
24,2,2.7,255.7,6.9,2,22.6,83,1,12.4,,3,1,0,36.528571428571425
27,0,1.6,149.7,5.1,1,22.9,78,2,6.6,Mild,2,0,0,28.78846153846154
21,1,1.4,134.7,6.9,2,27.4,101,1,8.9,,2,0,1,19.24285714285714
25,1,3.6,342.1,7.6,2,29.3,67,1,3.6,,3,0,0,44.42857142857144
30,1,1.6,148.4,6.1,2,27.2,67,1,0.0,,2,0,1,23.935483870967747
18,0,1.1,109.0,9.0,0,25.2,63,1,2.2,,2,0,0,11.978021978021978
35,1,0.9,87.9,5.4,1,24.4,61,2,1.1,Mild,3,1,1,15.981818181818182
45,1,3.8,359.3,3.9,3,25.0,74,0,11.2,Mild,1,0,0,89.825
24,0,0.8,78.0,9.0,0,25.0,58,1,2.8,,0,0,0,8.571428571428571
53,0,2.5,238.3,5.6,1,21.6,58,2,1.7,Moderate,0,0,0,41.80701754385966
41,0,5.8,552.8,5.0,3,21.1,74,0,4.3,Mild,4,0,1,108.3921568627451
47,0,1.5,139.4,6.2,2,24.4,84,1,14.0,,2,0,0,22.12698412698413
27,1,1.3,126.2,5.6,1,20.6,53,2,4.1,Mild,1,0,0,22.140350877192986
45,0,4.1,392.3,7.5,2,20.9,76,1,9.9,,1,0,0,51.61842105263158
21,1,0.7,68.4,6.3,2,21.3,65,1,12.5,,2,0,0,10.687500000000002
45,0,4.1,392.1,5.0,3,28.8,53,0,12.4,Mild,0,0,0,76.88235294117648
37,0,1.9,183.2,6.4,2,30.0,65,1,14.2,,4,1,0,28.184615384615384
41,1,3.9,366.2,5.3,1,24.0,81,2,5.4,Mild,4,0,0,67.81481481481482
20,0,3.2,300.0,6.5,2,24.3,78,1,7.3,,4,0,1,45.45454545454546
24,1,3.4,319.4,5.4,1,26.9,53,2,3.6,Mild,3,0,1,58.07272727272727
42,1,1.8,174.4,6.5,2,20.4,71,1,1.0,,3,0,0,26.424242424242426
23,0,1.9,181.6,6.5,2,24.5,83,1,14.7,,2,1,1,27.515151515151516
40,0,1.7,163.2,9.0,0,31.9,86,1,13.0,Mild,4,0,0,17.934065934065934
18,0,4.5,426.9,7.7,2,23.8,70,1,4.7,,1,0,0,54.730769230769226
45,0,2.5,238.3,6.8,2,23.6,68,1,11.8,,3,0,1,34.536231884057976
20,0,5.4,515.2,5.8,1,23.7,77,2,12.4,Mild,3,1,0,87.3220338983051
41,1,2.8,270.5,6.2,2,23.1,78,1,3.7,,2,0,0,42.93650793650794
42,1,2.2,211.2,6.8,2,25.7,64,1,14.0,,3,0,0,30.608695652173914
26,1,2.2,206.7,5.7,1,25.2,71,2,4.8,Mild,2,0,0,35.637931034482754
41,1,1.5,138.2,6.3,2,15.8,68,1,8.5,,1,0,0,21.59375
38,0,2.8,269.5,6.3,2,26.3,78,1,12.0,,2,0,1,42.109375
28,1,2.4,224.9,6.6,2,20.2,66,1,8.9,,4,0,1,33.56716417910448
22,1,1.6,150.0,7.0,2,26.7,59,1,3.9,,3,0,1,21.126760563380284
18,1,2.4,229.1,7.5,2,24.1,51,1,14.0,,0,0,0,30.144736842105264
39,0,1.7,166.2,7.8,2,24.6,74,1,0.1,,2,0,1,21.037974683544302
18,0,2.9,278.4,7.2,2,24.9,61,1,7.9,,1,0,0,38.13698630136986
36,1,3.6,339.4,8.6,0,21.8,69,1,0.7,,4,0,1,39.01149425287356
31,0,1.6,148.1,7.6,2,21.6,70,1,9.8,,2,0,0,19.233766233766236
43,1,1.8,172.4,6.7,2,27.0,64,1,0.6,,4,0,0,25.35294117647059
31,0,1.1,108.7,6.7,2,21.9,74,1,0.9,,1,0,0,15.98529411764706
31,1,4.2,399.1,7.5,2,19.8,97,1,7.4,,4,0,0,52.51315789473685
43,1,0.0,0.0,6.7,2,25.9,87,1,10.3,,1,0,0,0.0
39,0,1.5,143.7,7.3,2,25.7,60,1,6.3,,3,0,0,19.41891891891892
38,0,3.6,338.6,7.1,2,23.8,64,1,13.7,,4,0,0,47.027777777777786
40,1,1.6,147.6,3.8,3,24.9,62,0,13.9,Mild,0,0,1,37.84615384615385
18,0,1.5,142.3,5.0,3,24.5,54,0,6.7,Mild,0,0,0,27.90196078431373
44,0,3.5,333.3,7.5,2,26.4,73,1,9.0,,0,0,0,43.85526315789474
42,0,0.0,0.0,7.5,2,27.4,74,1,14.7,,2,0,0,0.0
22,1,2.5,241.7,3.3,3,26.1,73,0,12.3,Mild,3,0,1,71.08823529411765
32,1,1.7,159.1,3.5,3,27.6,72,0,2.0,Mild,3,1,0,44.19444444444444
34,0,1.7,162.0,8.5,0,30.5,51,1,1.1,Mild,1,0,0,18.837209302325583
33,1,4.1,389.6,7.2,2,25.9,53,1,8.5,,1,0,0,53.369863013698634
39,1,2.5,234.6,8.3,0,23.8,77,1,12.6,,2,0,0,27.928571428571427
52,1,0.8,73.0,5.7,1,17.7,69,2,11.4,Moderate,4,0,1,12.586206896551724
47,0,0.3,26.7,6.2,2,18.8,79,1,9.4,,2,0,0,4.238095238095238
19,1,2.4,228.9,8.8,0,25.5,61,1,12.5,,0,1,0,25.719101123595504
42,0,0.4,41.2,7.4,2,23.0,67,1,2.0,,3,0,0,5.493333333333334
50,1,4.3,409.4,6.5,2,22.0,67,1,7.1,,1,0,1,62.03030303030303
39,1,0.8,80.2,6.7,2,26.3,86,1,11.8,,1,0,0,11.794117647058824
48,1,2.5,235.7,4.6,3,26.9,87,0,2.4,Mild,3,0,0,50.14893617021277
59,1,0.0,0.0,8.4,0,25.3,59,1,5.6,Mild,0,0,0,0.0
47,0,0.0,0.0,4.6,3,22.4,71,0,6.9,Mild,0,1,0,0.0
37,0,2.2,207.6,7.5,2,31.9,79,1,1.1,Mild,0,0,0,27.315789473684212
47,1,7.3,693.4,6.0,2,23.7,83,1,0.3,,3,0,0,113.67213114754098
36,1,1.7,157.4,7.1,2,27.7,62,1,7.6,,2,0,1,21.861111111111114
35,0,3.5,335.9,5.8,1,23.1,75,2,13.6,Mild,0,0,0,56.93220338983051
30,0,1.8,167.2,8.5,0,19.8,72,1,1.5,,2,0,0,19.441860465116278
53,0,4.0,382.4,5.7,1,24.3,71,2,1.9,Moderate,4,1,0,65.93103448275862
25,0,2.4,224.4,6.6,2,34.0,50,1,0.9,Mild,1,0,1,33.49253731343284
53,1,0.6,59.9,6.9,2,27.9,64,1,5.4,Mild,2,0,0,8.557142857142857
40,0,2.1,202.0,6.3,2,23.6,67,1,5.9,,4,0,0,31.562500000000004
18,1,0.0,0.0,7.5,2,26.3,77,1,14.7,,3,0,0,0.0
39,1,1.2,110.9,7.7,2,22.7,68,1,12.3,,4,0,0,14.217948717948719
18,0,3.1,291.9,6.4,2,26.8,84,1,5.5,,4,0,1,44.9076923076923
42,0,1.5,144.2,7.5,2,31.8,55,1,5.7,Mild,1,0,1,18.973684210526315
45,0,1.8,175.5,7.5,2,21.9,84,1,6.2,,4,1,0,23.092105263157897
27,1,3.9,371.3,6.9,2,25.1,65,1,8.9,,4,1,0,53.042857142857144
36,1,1.7,166.0,8.5,0,25.5,64,1,13.1,,1,0,1,19.30232558139535
58,1,3.3,310.5,8.5,0,22.5,68,1,3.4,Mild,3,0,0,36.1046511627907
28,0,1.6,152.6,6.3,2,22.3,54,1,3.7,,0,0,0,23.84375
22,1,3.9,368.1,6.1,2,24.7,72,1,14.9,,2,0,1,59.370967741935495
52,0,4.5,424.1,7.2,2,21.5,100,1,7.3,Mild,2,1,0,58.09589041095891
58,1,0.0,0.0,6.9,2,28.1,59,1,10.3,Mild,4,0,0,0.0
35,0,1.0,97.1,7.2,2,23.3,65,1,12.1,,0,0,1,13.301369863013699
47,0,2.1,203.9,5.3,1,23.5,76,2,7.3,Mild,0,1,0,37.75925925925927
51,1,1.5,139.9,6.5,2,20.3,69,1,0.2,Mild,4,0,0,21.1969696969697
26,1,3.8,359.7,6.5,2,20.7,82,1,11.2,,2,1,0,54.5
29,0,2.8,268.8,5.5,1,22.1,55,2,8.7,Mild,2,0,1,48.00000000000001
49,0,1.1,102.7,4.9,3,22.1,58,0,13.2,Mild,0,0,0,20.54
55,0,4.6,439.5,7.8,2,19.9,74,1,12.0,Mild,0,0,0,55.63291139240507
41,0,4.6,436.8,4.5,3,27.4,50,0,5.9,Mild,4,0,0,94.95652173913045
24,1,0.5,47.9,8.8,0,29.8,56,1,0.6,,2,0,1,5.382022471910112
58,0,1.6,151.2,8.1,0,23.4,51,1,8.2,Mild,2,0,0,18.4390243902439
28,1,3.8,356.4,6.8,2,20.4,72,1,14.7,,4,0,0,51.65217391304348
30,0,3.9,369.9,7.0,2,20.7,66,1,2.6,,4,0,0,52.098591549295776
39,1,4.6,437.5,7.2,2,24.9,57,1,7.6,,3,0,1,59.93150684931507
53,0,6.2,589.8,5.6,1,24.4,74,2,1.8,Moderate,0,1,1,103.47368421052632
45,1,3.1,297.1,6.1,2,17.8,79,1,14.1,,0,0,0,47.91935483870969
39,1,4.4,419.4,6.1,2,15.6,58,1,12.4,,0,0,1,67.64516129032259
40,1,6.5,618.1,6.4,2,24.4,71,1,8.1,,1,0,0,95.0923076923077
35,0,2.5,235.4,5.8,1,26.9,73,2,9.6,Mild,1,0,0,39.898305084745765
41,0,1.3,125.8,6.2,2,28.8,76,1,9.7,,4,0,0,19.96825396825397
18,0,2.9,273.8,9.0,0,21.5,55,1,14.3,,3,0,1,30.08791208791209
31,1,4.9,464.5,6.6,2,28.6,61,1,14.6,,1,0,0,69.32835820895524
37,0,5.2,495.9,4.8,3,23.0,70,0,10.0,Mild,0,0,0,101.20408163265307
21,0,2.7,258.4,7.6,2,19.3,70,1,4.4,,3,0,1,33.55844155844156
39,1,2.3,214.0,6.3,2,31.3,93,1,9.6,Mild,2,0,0,33.4375
32,1,0.6,55.9,6.2,2,17.5,78,1,8.3,,4,0,0,8.873015873015873
56,1,2.6,248.9,9.5,0,23.3,67,1,11.8,Mild,1,0,0,25.927083333333336
53,1,0.7,69.6,7.0,2,21.4,66,1,12.9,Mild,3,0,0,9.80281690140845
29,1,1.0,99.0,5.9,1,25.6,67,2,9.6,Mild,1,1,0,16.5
33,0,2.9,271.2,5.9,1,27.8,58,2,7.8,Mild,1,0,0,45.199999999999996
34,1,0.6,55.5,7.1,2,16.8,67,1,12.9,,4,1,0,7.708333333333334
29,0,3.0,288.1,6.7,2,21.5,91,1,6.7,,1,0,0,42.367647058823536
37,0,3.9,372.7,7.0,2,27.8,50,1,7.2,,4,0,0,52.49295774647887
25,0,0.9,87.4,4.8,3,20.6,70,0,0.3,Mild,4,1,1,17.836734693877553
21,0,1.6,153.6,5.4,1,17.8,91,2,1.1,Mild,2,0,0,27.927272727272726
42,1,0.3,31.4,6.7,2,22.3,87,1,6.4,,0,0,1,4.617647058823529
42,0,3.4,322.1,5.9,1,21.6,80,2,0.1,Mild,2,1,0,53.68333333333334
25,1,0.3,25.5,5.7,1,27.2,70,2,3.1,Mild,1,1,1,4.3965517241379315
45,0,3.5,337.2,6.9,2,24.3,80,1,10.2,,2,0,0,48.17142857142857
27,0,2.9,278.8,7.1,2,21.1,74,1,9.4,,3,0,0,38.72222222222223
38,0,5.7,545.1,8.2,0,27.9,89,1,8.5,,2,0,1,65.67469879518073
44,0,5.0,475.8,7.1,2,24.0,79,1,12.4,,2,1,0,66.08333333333334
34,1,0.7,68.3,7.5,2,18.5,62,1,5.4,,2,1,1,8.986842105263158
40,1,5.2,497.6,6.0,2,21.4,92,1,9.9,,4,1,1,81.57377049180329
28,0,1.7,161.3,10.0,0,22.0,68,1,9.7,,0,0,0,15.970297029702971
32,1,1.3,122.5,6.4,2,31.9,59,1,9.9,Mild,2,0,0,18.846153846153847
32,0,1.7,165.1,6.3,2,23.3,74,1,10.1,,2,1,1,25.796875
26,1,2.1,196.4,7.9,2,18.9,79,1,12.0,,0,0,0,24.55
32,0,5.7,545.2,4.2,3,23.4,72,0,9.1,Mild,2,0,1,126.79069767441862
18,1,0.0,0.0,6.9,2,26.8,71,1,13.1,,0,0,1,0.0
29,0,5.3,501.4,6.3,2,23.7,89,1,6.4,,2,0,0,78.34375
31,0,3.7,355.7,6.0,1,28.4,69,2,14.6,Mild,2,0,0,58.31147540983607
31,1,2.8,261.4,7.8,2,27.0,79,1,0.5,,3,1,0,33.08860759493671
32,1,1.6,152.2,7.4,2,26.7,82,1,2.0,,3,1,0,20.293333333333333
34,1,2.4,224.3,7.0,2,26.7,63,1,1.3,,3,1,0,31.59154929577465
40,1,3.8,358.8,6.5,2,29.1,71,1,6.6,,4,0,0,54.36363636363637
45,1,3.9,374.6,6.0,1,28.3,86,2,8.8,Mild,1,1,0,61.40983606557378
27,1,1.3,119.0,4.3,3,19.6,81,0,6.6,Mild,3,0,0,27.04545454545455
20,0,3.7,347.7,7.1,2,19.7,66,1,3.2,,1,0,0,48.29166666666667
22,1,1.6,153.7,7.9,2,26.4,68,1,3.5,,0,1,0,19.2125
29,2,2.2,212.4,6.7,2,20.4,50,1,12.1,,1,0,0,31.23529411764706
30,0,4.5,424.5,4.5,3,19.6,83,0,0.8,Mild,0,0,0,92.28260869565219
25,1,3.7,350.6,5.9,1,27.6,77,2,14.9,Mild,1,1,0,58.43333333333334
19,1,0.1,6.8,6.4,2,22.3,52,1,10.8,,0,0,0,1.0461538461538462
29,0,2.7,256.7,6.0,2,26.9,78,1,13.8,,3,0,0,42.08196721311475
37,1,3.1,297.3,7.1,2,26.4,73,1,2.7,,3,0,0,41.29166666666667
42,0,2.7,258.7,5.0,1,24.1,77,2,8.4,Mild,3,0,1,50.72549019607843
28,0,0.0,0.0,6.8,2,27.5,75,1,7.9,,0,0,0,0.0
30,1,0.5,44.5,6.7,2,26.0,68,1,9.3,,4,0,0,6.544117647058823
23,0,0.0,0.0,8.8,0,27.5,56,1,11.7,,1,0,0,0.0
34,1,1.5,147.1,7.2,2,18.5,65,1,10.7,,0,0,0,20.15068493150685
24,1,2.7,257.1,6.1,2,23.4,65,1,5.9,,3,0,1,41.46774193548388
41,0,1.7,163.1,8.4,0,18.5,52,1,13.0,,1,0,1,19.188235294117646
18,0,1.6,149.0,5.3,1,22.7,71,2,0.2,Mild,3,1,0,27.592592592592595
30,0,0.0,0.0,6.2,2,20.0,76,1,3.8,,4,0,1,0.0
38,0,0.6,59.5,4.7,3,20.0,61,0,7.8,Mild,2,0,0,12.395833333333334
37,0,1.1,101.3,8.7,0,24.2,73,1,12.9,,3,0,0,11.511363636363637
67,0,3.8,363.1,6.7,2,30.4,77,1,6.0,Moderate,2,0,0,53.39705882352941
39,1,3.1,298.9,6.3,2,25.3,77,1,11.6,,4,1,1,46.703125
22,0,3.7,349.2,7.9,2,25.0,63,1,4.0,,2,1,0,43.65
33,0,3.2,303.3,5.8,1,18.3,94,2,14.5,Mild,3,0,0,51.406779661016955
18,1,3.7,354.7,5.9,1,30.8,72,2,0.2,Moderate,4,0,1,59.11666666666667
34,0,0.5,42.9,8.2,0,24.8,57,1,2.7,,1,0,0,5.168674698795181
25,1,4.5,427.9,5.6,1,28.4,67,2,0.3,Mild,2,1,0,75.0701754385965
45,0,4.1,386.8,5.8,1,22.3,56,2,0.3,Mild,2,1,0,65.55932203389831
28,0,1.9,184.2,6.8,2,26.7,66,1,13.6,,0,1,0,26.695652173913043
33,0,4.0,375.7,6.8,2,18.3,84,1,4.1,,3,0,1,54.44927536231884
27,1,4.3,410.8,7.2,2,25.3,77,1,3.5,,3,0,1,56.27397260273973
55,0,2.4,229.9,6.4,2,26.9,87,1,4.0,Mild,2,1,0,35.36923076923077
31,1,3.3,314.1,4.5,3,30.7,73,0,12.0,Moderate,2,0,1,68.28260869565219
56,0,1.7,163.5,7.2,2,32.1,83,1,4.7,Moderate,2,0,1,22.397260273972602
44,0,4.5,425.6,6.6,2,27.3,59,1,8.9,,3,0,0,63.522388059701505
40,0,1.8,173.1,6.9,2,19.3,59,1,12.9,,0,1,1,24.728571428571428
39,0,3.0,282.2,5.6,1,22.1,75,2,4.8,Mild,2,1,0,49.50877192982457
39,0,2.4,231.4,4.4,3,22.2,79,0,2.2,Mild,3,1,0,51.422222222222224
18,1,1.6,154.5,6.7,2,28.9,78,1,1.0,,3,1,0,22.72058823529412
31,1,0.0,0.0,5.9,1,24.0,58,2,8.4,Mild,0,0,0,0.0
45,0,3.8,363.8,7.1,2,25.2,87,1,9.1,,0,0,0,50.527777777777786
34,0,2.4,232.4,7.5,2,32.1,50,1,13.1,Mild,0,0,0,30.578947368421055
18,1,5.2,498.5,4.4,3,23.5,88,0,7.1,Mild,1,0,0,110.77777777777777
34,0,4.3,410.9,5.5,1,19.9,58,2,13.0,Mild,1,0,0,73.375
55,1,4.3,408.8,8.4,0,26.1,88,1,7.7,Mild,2,0,1,48.09411764705882
49,1,3.6,342.0,5.9,1,20.4,65,2,8.9,Mild,3,0,0,57.0
34,0,3.6,345.0,6.7,2,20.9,73,1,8.1,,0,0,0,50.73529411764706
46,1,2.7,259.8,7.6,2,23.9,70,1,4.5,,1,0,1,33.740259740259745
30,1,3.7,355.0,6.7,2,32.9,56,1,12.7,Mild,2,0,1,52.20588235294118
18,1,1.8,173.7,8.0,0,22.7,71,1,13.3,,3,0,0,21.444444444444443
23,0,0.0,0.0,8.1,0,26.5,57,1,12.7,,0,0,0,0.0
53,0,3.6,338.4,8.1,0,23.1,65,1,1.6,Mild,1,0,0,41.26829268292683
31,0,3.6,341.5,6.7,2,24.7,97,1,10.0,,1,0,0,50.220588235294116
32,1,0.5,49.2,6.4,2,29.6,71,1,6.7,,3,0,1,7.56923076923077
31,0,3.3,310.7,4.9,3,27.0,67,0,1.5,Mild,1,0,0,62.14
57,0,3.2,308.5,7.0,2,24.1,79,1,0.9,Mild,3,0,0,43.45070422535211
54,0,4.1,391.3,7.9,2,23.0,77,1,10.5,Mild,0,0,0,48.9125
61,0,2.3,222.4,5.8,1,30.1,60,2,6.0,Severe,3,0,0,37.694915254237294
33,1,0.2,20.6,6.2,2,31.0,58,1,5.7,Mild,0,1,1,3.26984126984127
38,1,1.8,168.5,6.3,2,24.4,83,1,3.2,,4,0,0,26.328125000000004
18,1,1.8,168.0,5.7,1,27.5,73,2,9.0,Mild,1,0,0,28.96551724137931
52,1,2.3,220.8,6.8,2,28.4,92,1,2.2,Mild,4,0,0,32.00000000000001
20,0,2.7,254.9,6.0,1,21.1,51,2,0.1,Mild,3,0,0,41.786885245901644
37,0,2.1,203.7,5.2,1,23.3,83,2,0.2,Mild,0,0,0,38.43396226415094
21,0,3.1,293.9,5.5,1,27.0,76,2,5.5,Mild,1,1,1,52.482142857142854
27,1,0.9,81.0,8.6,0,25.2,60,1,10.8,,2,1,0,9.310344827586208
24,1,3.0,288.8,6.7,2,21.5,76,1,9.0,,1,1,0,42.47058823529412
27,1,1.4,129.4,8.5,0,21.6,57,1,3.8,,2,0,0,15.046511627906979
28,1,2.2,208.8,6.0,2,27.2,75,1,1.5,,1,0,0,34.22950819672131
28,1,0.0,0.0,5.3,1,20.3,80,2,5.4,Mild,0,0,0,0.0
45,0,3.9,372.0,6.1,2,22.5,70,1,13.4,,3,0,0,60.00000000000001
21,1,2.0,193.9,8.7,0,20.7,67,1,5.2,,0,1,0,22.034090909090914
37,2,3.0,285.8,3.8,3,26.1,62,0,1.8,Mild,1,0,1,73.28205128205128
49,1,1.3,120.5,4.7,3,28.7,81,0,13.4,Mild,2,0,1,25.104166666666668
28,0,1.7,157.7,6.4,2,15.0,72,1,4.9,,0,0,0,24.26153846153846
26,0,1.1,99.8,8.1,0,19.8,66,1,11.6,,0,0,0,12.170731707317074
32,1,2.7,260.1,5.3,1,22.6,85,2,4.1,Mild,2,1,1,48.16666666666668
49,0,3.4,319.5,6.7,2,27.6,83,1,13.0,,4,0,1,46.98529411764706
37,0,1.0,94.8,6.8,2,18.3,70,1,1.2,,1,1,0,13.73913043478261
28,0,2.7,257.4,8.0,0,27.0,72,1,3.8,,0,0,0,31.777777777777775
40,0,2.1,202.6,9.5,0,29.9,81,1,10.9,,0,0,0,21.104166666666668
21,1,2.8,265.2,5.6,1,24.4,71,2,5.9,Mild,1,0,0,46.526315789473685
43,0,1.2,109.5,6.4,2,25.6,56,1,8.3,,2,0,1,16.846153846153847
39,0,3.2,303.8,6.4,2,23.8,73,1,4.2,,1,1,0,46.73846153846154
31,1,2.1,197.8,5.7,1,17.8,77,2,5.4,Mild,3,0,1,34.10344827586207
24,1,2.3,217.8,8.8,0,22.1,83,1,9.1,,3,1,1,24.471910112359552
24,0,6.0,571.0,4.8,3,27.7,89,0,11.9,Mild,0,0,0,116.53061224489797
41,1,0.0,0.0,8.5,0,27.4,89,1,13.4,,3,0,0,0.0
49,0,3.3,314.5,6.0,1,26.8,68,2,5.4,Mild,1,0,1,51.55737704918033
27,0,3.2,299.5,6.5,2,23.4,71,1,9.5,,0,0,1,45.37878787878788
40,0,3.4,327.4,6.6,2,26.7,54,1,7.5,,3,0,0,48.865671641791046
18,1,3.4,321.0,5.9,1,24.2,64,2,9.8,Mild,2,0,1,53.5
27,1,2.8,265.0,7.5,2,17.2,54,1,9.3,,3,0,0,34.86842105263158
34,1,3.1,295.7,7.0,2,20.5,86,1,9.3,,2,0,0,41.647887323943664
24,0,6.5,620.2,7.9,2,21.5,73,1,6.5,,3,0,0,77.525
23,0,2.2,212.9,7.4,2,18.9,72,1,4.4,,2,0,1,28.386666666666667
26,0,2.2,211.5,5.2,1,23.7,78,2,6.3,Mild,1,0,0,39.905660377358494
38,0,0.9,85.5,6.7,2,27.0,70,1,12.6,,1,0,0,12.573529411764707
32,1,1.3,119.9,8.7,0,31.3,72,1,5.1,Mild,4,0,0,13.625000000000002
18,1,2.8,269.4,5.9,1,21.5,67,2,12.9,Mild,1,0,0,44.9
18,0,3.1,290.1,8.3,0,21.5,74,1,2.5,,3,0,0,34.535714285714285
27,0,2.3,221.4,7.5,2,27.7,83,1,8.3,,0,0,1,29.131578947368425
40,1,3.5,330.5,7.4,2,21.4,90,1,1.6,,2,0,1,44.06666666666667
18,1,1.9,180.4,4.1,3,28.5,63,0,6.6,Mild,1,1,0,42.95238095238096
29,1,6.2,591.6,6.6,2,24.1,83,1,14.6,,0,0,0,88.29850746268659
28,1,2.7,259.3,9.1,0,22.7,58,1,9.4,,2,1,1,28.184782608695656
51,0,3.5,333.5,5.4,1,23.1,58,2,0.3,Moderate,2,0,0,60.63636363636363
30,0,2.7,260.5,8.5,0,31.0,66,1,12.3,Mild,2,0,0,30.290697674418606
39,0,1.6,151.7,7.0,2,23.7,65,1,7.5,,1,0,0,21.366197183098592
36,0,1.7,165.2,5.8,1,18.9,66,2,10.1,Mild,2,0,1,28.0
18,0,0.8,74.1,6.5,2,31.3,66,1,9.6,Mild,4,0,0,11.227272727272727
44,0,0.0,0.0,5.0,3,27.1,75,0,2.8,Mild,1,0,0,0.0
37,1,3.9,372.8,6.5,2,24.9,85,1,6.1,,0,0,0,56.48484848484849
41,0,1.6,150.7,7.3,2,15.0,89,1,3.2,,4,1,0,20.364864864864863
80,1,2.4,228.3,9.5,0,21.4,78,1,2.7,Mild,4,0,0,23.781250000000004
18,1,4.8,455.9,6.7,2,23.7,85,1,8.4,,1,0,0,67.04411764705883
55,1,4.3,404.1,8.1,0,18.7,63,1,3.1,Mild,2,1,1,49.28048780487806
31,0,2.7,258.9,5.4,1,22.1,79,2,3.0,Mild,4,0,0,47.07272727272727
38,1,2.2,207.5,6.5,2,19.9,65,1,9.4,,3,0,0,31.43939393939394
34,1,2.3,215.6,7.0,2,25.2,82,1,6.0,,0,0,1,30.366197183098592
29,1,5.8,551.4,5.1,1,27.3,77,2,3.0,Mild,3,0,0,106.03846153846155
28,0,2.8,262.1,6.3,2,27.1,74,1,5.8,,1,0,1,40.95312500000001
38,0,7.0,663.8,7.1,2,27.0,66,1,8.7,,4,0,1,92.19444444444444
18,0,0.5,52.2,9.8,0,21.3,64,1,9.0,,2,0,0,5.2727272727272725
44,1,2.6,244.2,7.6,2,30.9,56,1,13.5,Mild,2,0,0,31.714285714285715
30,1,4.2,403.6,5.5,1,25.1,66,2,14.0,Mild,4,0,0,72.07142857142858
21,0,4.1,391.4,6.3,2,16.1,64,1,3.0,,4,0,0,61.15625
29,1,3.4,327.5,5.2,1,26.3,63,2,7.4,Mild,2,0,1,61.79245283018868
50,0,1.6,150.5,7.1,2,20.7,66,1,6.7,,0,0,0,20.90277777777778
28,0,0.5,50.4,8.7,0,23.0,91,1,11.5,,1,0,1,5.7272727272727275
39,0,2.2,212.0,7.0,2,25.1,86,1,2.9,,0,0,1,29.859154929577468
26,0,4.1,386.2,6.4,2,25.6,86,1,3.4,,2,0,1,59.41538461538461
44,1,5.1,479.8,6.2,2,28.3,67,1,2.4,,1,0,0,76.15873015873017
43,1,2.7,253.3,6.8,2,24.8,71,1,11.0,,1,0,0,36.710144927536234
57,0,2.4,223.5,8.6,0,29.3,67,1,3.4,Mild,2,1,1,25.689655172413794
32,1,2.8,267.3,7.5,2,22.4,59,1,6.3,,2,0,1,35.17105263157895
43,1,2.8,268.9,5.3,1,28.3,71,2,3.9,Mild,4,0,1,49.7962962962963
36,1,4.3,406.6,5.6,1,18.8,74,2,14.7,Mild,4,0,0,71.33333333333334
50,1,1.9,185.0,8.2,0,18.8,82,1,9.7,,4,0,0,22.289156626506028
26,1,2.3,220.6,7.1,2,26.0,72,1,4.3,,2,0,0,30.638888888888893
43,1,3.2,303.3,4.3,3,19.1,50,0,1.7,Mild,0,0,1,68.93181818181819
32,0,1.6,147.4,8.0,0,27.6,62,1,6.6,,1,0,0,18.19753086419753
34,0,1.1,106.5,6.3,2,25.6,65,1,2.7,,0,0,0,16.640625
36,0,4.6,437.5,5.5,1,28.1,55,2,2.5,Mild,3,0,0,78.125
38,0,2.5,234.1,7.9,2,26.8,65,1,4.4,,0,0,1,29.2625
33,1,3.8,364.4,7.6,2,28.5,81,1,14.5,,3,1,1,47.324675324675326
37,1,3.5,335.9,6.3,2,28.3,66,1,6.0,,3,0,0,52.484375
53,1,0.4,41.5,7.5,2,24.9,77,1,3.2,Mild,1,0,0,5.460526315789474
46,0,1.5,144.5,6.0,2,23.7,71,1,4.9,,1,0,0,23.688524590163937
45,0,2.6,246.6,5.7,1,28.5,80,2,7.2,Mild,3,0,0,42.51724137931034
29,1,2.1,203.2,6.3,2,31.2,56,1,1.1,Mild,2,1,1,31.75
24,1,2.9,272.4,6.2,2,23.0,76,1,4.6,,3,0,0,43.238095238095234
46,0,2.8,263.9,5.9,1,28.5,64,2,2.1,Mild,4,1,0,43.98333333333333
45,0,3.7,349.4,7.5,2,23.1,84,1,1.4,,1,0,1,45.973684210526315
52,0,2.4,231.3,6.8,2,22.6,58,1,13.6,Mild,0,0,1,33.52173913043479
27,1,2.6,247.4,5.5,1,26.5,82,2,4.3,Mild,1,0,1,44.17857142857143
32,1,0.3,32.7,6.2,2,27.3,70,1,3.1,,2,0,1,5.190476190476191
18,0,1.6,151.8,5.3,1,26.4,74,2,10.5,Mild,4,0,0,28.111111111111114
30,0,1.7,158.9,6.7,2,24.7,72,1,0.9,,2,0,1,23.367647058823533
46,0,1.8,174.2,8.5,0,24.8,53,1,14.6,,0,0,0,20.25581395348837
29,0,1.9,184.6,7.1,2,18.9,77,1,14.8,,1,0,0,25.63888888888889
42,0,3.4,323.0,6.6,2,24.5,69,1,11.5,,0,0,1,48.2089552238806
32,0,5.2,490.0,4.5,3,29.4,85,0,14.8,Mild,4,0,0,106.5217391304348
38,1,0.5,45.2,8.6,0,28.6,76,1,3.8,,0,0,1,5.195402298850575
21,1,2.2,209.0,6.7,2,21.6,80,1,3.8,,3,1,0,30.735294117647058
36,0,1.2,114.1,6.9,2,26.4,68,1,13.0,,4,0,0,16.3
18,1,0.5,46.8,5.5,1,26.0,75,2,9.1,Mild,2,0,0,8.357142857142858
32,0,1.7,162.3,6.6,2,30.8,78,1,10.8,Mild,2,0,0,24.22388059701493
18,0,0.9,87.5,5.8,1,27.8,80,2,0.2,Mild,0,0,0,14.830508474576272
49,2,2.8,270.6,5.8,1,25.4,80,2,7.0,Mild,4,0,0,45.864406779661024
44,1,2.3,214.3,4.6,3,26.8,83,0,4.2,Mild,0,0,0,45.59574468085108
40,1,2.1,195.0,4.4,3,21.3,63,0,2.3,Mild,3,0,0,43.333333333333336
53,0,3.0,281.4,9.1,0,25.2,70,1,7.8,Mild,4,0,1,30.58695652173913
23,0,0.4,33.5,7.2,2,32.2,66,1,4.2,Mild,1,0,0,4.589041095890411
55,0,1.0,93.2,8.2,0,24.3,74,1,8.2,Mild,2,0,0,11.228915662650603
46,1,3.0,288.1,6.2,2,22.5,69,1,1.2,,0,0,0,45.730158730158735
32,1,1.0,91.6,6.6,2,29.2,63,1,12.0,,3,0,0,13.671641791044777
48,0,0.0,0.0,5.7,1,22.7,64,2,14.2,Mild,2,0,0,0.0
21,0,4.9,465.8,7.0,2,20.4,71,1,9.4,,4,0,0,65.60563380281691
25,0,3.0,286.3,7.4,2,30.2,69,1,2.1,Mild,2,0,0,38.17333333333333
27,1,4.0,382.3,7.0,2,22.3,62,1,11.2,,2,0,1,53.845070422535215
28,1,1.4,134.1,6.8,2,23.8,70,1,13.2,,1,0,0,19.434782608695652
22,1,0.4,40.5,7.3,2,23.1,71,1,5.5,,1,0,0,5.472972972972974
49,0,2.9,278.5,6.0,2,31.7,64,1,7.7,Mild,3,0,1,45.65573770491804
31,0,0.8,80.5,8.1,0,16.0,65,1,1.0,,3,0,0,9.817073170731708
39,1,4.0,382.7,4.8,3,26.4,85,0,8.2,Mild,0,0,0,78.10204081632654
28,1,2.9,271.5,5.6,1,19.0,54,2,0.7,Mild,1,0,1,47.631578947368425
18,0,2.8,265.3,6.3,2,28.3,72,1,5.3,,4,1,1,41.45312500000001
38,1,2.8,266.9,5.1,1,21.9,88,2,4.2,Mild,0,1,1,51.32692307692308
18,0,5.6,527.3,4.3,3,23.0,69,0,2.7,Mild,4,0,1,119.8409090909091
34,0,3.5,330.8,6.2,2,23.0,80,1,12.8,,1,0,1,52.50793650793651
18,1,2.2,208.6,6.1,2,24.4,55,1,9.1,,4,0,0,33.645161290322584
58,1,2.7,257.0,6.4,2,20.3,53,1,10.2,Mild,4,0,0,39.53846153846154
45,0,1.2,113.5,6.8,2,28.3,70,1,7.4,,1,0,1,16.449275362318843
36,1,1.7,162.8,7.5,2,21.6,62,1,11.2,,1,0,0,21.42105263157895
50,1,4.4,415.8,6.5,2,22.3,78,1,5.6,,2,0,1,63.00000000000001
24,0,2.6,243.6,8.7,0,20.0,74,1,6.6,,4,0,0,27.681818181818183
41,0,3.6,346.2,6.7,2,28.1,89,1,1.2,,0,0,1,50.911764705882355
37,0,1.2,110.7,8.7,0,23.3,77,1,4.8,,3,1,0,12.579545454545457
38,1,3.8,358.1,7.7,2,30.2,70,1,1.6,Mild,2,0,0,45.910256410256416
50,1,2.2,209.3,8.0,0,15.0,76,1,7.2,,3,0,1,25.83950617283951
43,1,2.8,269.9,4.7,3,27.3,70,0,14.1,Mild,0,0,0,56.229166666666664
38,1,2.6,246.1,6.8,2,19.3,58,1,12.2,,0,0,1,35.66666666666667
18,0,2.8,263.5,7.0,2,21.1,78,1,6.6,,1,0,0,37.11267605633803
23,1,2.3,221.9,6.3,2,24.0,76,1,4.5,,4,1,0,34.67187500000001
33,0,4.4,420.5,6.5,2,26.7,65,1,4.9,,1,0,0,63.71212121212122
36,1,0.2,23.0,5.7,1,35.3,85,2,7.1,Moderate,4,1,1,3.9655172413793105
21,1,3.3,313.5,8.2,0,21.0,64,1,3.6,,2,0,0,37.7710843373494
63,2,1.5,142.3,6.8,2,21.3,88,1,5.1,Mild,1,0,1,20.623188405797105
53,1,1.1,101.2,7.3,2,21.5,69,1,7.4,Mild,1,0,0,13.675675675675677
42,1,5.7,542.2,5.2,1,22.4,56,2,12.6,Mild,0,0,1,102.30188679245285
35,1,1.1,102.0,8.7,0,28.2,89,1,1.4,,4,0,0,11.590909090909092
32,1,0.0,0.0,8.0,2,24.3,80,1,6.1,,0,1,1,0.0
23,1,3.9,373.7,7.7,2,30.6,81,1,2.9,Mild,1,0,0,47.91025641025641
35,1,1.8,167.2,9.2,0,29.5,50,1,9.6,,4,0,0,17.978494623655916
38,0,4.4,419.1,6.1,2,26.8,50,1,8.6,,4,0,1,67.5967741935484
20,0,0.0,0.0,7.7,2,22.6,80,1,8.7,,2,0,0,0.0
39,0,5.3,501.7,6.8,2,16.8,83,1,8.0,,0,0,1,72.71014492753623
33,1,3.9,371.9,5.7,1,23.6,57,2,11.0,Mild,2,0,1,64.12068965517241
18,0,2.2,207.9,7.1,2,21.0,75,1,2.3,,0,0,0,28.875000000000004
24,1,0.0,0.0,6.0,2,23.8,69,1,2.8,,0,1,0,0.0
30,0,0.5,47.8,6.9,2,22.7,58,1,10.6,,4,0,1,6.828571428571428
57,0,1.5,139.0,4.8,3,22.5,65,0,2.0,Moderate,4,0,0,28.367346938775512
41,1,3.6,339.2,5.5,1,23.9,90,2,10.9,Mild,3,1,0,60.57142857142858
18,0,1.2,114.7,4.6,3,17.0,61,0,2.5,Mild,1,0,0,24.40425531914894
40,0,0.0,0.0,8.8,0,22.0,52,1,14.9,,2,0,1,0.0
18,0,2.8,270.0,7.4,2,29.1,66,1,0.7,,3,1,0,36.0
47,1,4.0,379.5,5.8,1,28.0,50,2,11.6,Mild,2,0,1,64.3220338983051
29,0,5.8,550.6,5.2,1,23.9,70,2,3.5,Mild,2,0,0,103.88679245283019
33,0,1.0,91.3,8.2,0,17.4,54,1,4.9,,1,0,0,11.000000000000002
50,1,1.1,106.4,9.0,0,22.8,59,1,13.7,,2,0,0,11.692307692307693
19,0,0.0,0.0,7.9,2,21.8,72,1,4.6,,2,0,0,0.0
18,1,0.2,17.0,8.6,0,24.7,55,1,5.7,,4,1,1,1.9540229885057472
27,1,0.9,85.6,6.9,2,24.6,60,1,2.7,,4,0,1,12.228571428571428
47,0,1.2,110.2,4.3,3,26.0,86,0,1.2,Mild,4,0,0,25.04545454545455
18,0,1.7,161.4,6.6,2,18.4,72,1,1.6,,1,1,1,24.089552238805975
18,0,3.4,321.8,6.6,2,16.5,74,1,8.9,,4,0,0,48.029850746268664
29,0,3.3,310.4,7.8,2,22.3,78,1,0.7,,3,0,0,39.291139240506325
41,1,1.7,164.3,6.3,2,19.8,71,1,3.4,,3,0,1,25.671875000000004
49,1,2.5,239.7,5.2,1,24.8,81,2,5.9,Mild,3,0,0,45.22641509433962
29,0,0.5,44.0,4.8,3,24.3,76,0,1.6,Mild,1,0,1,8.979591836734695
30,1,1.7,156.9,7.5,2,19.0,60,1,11.2,,0,1,0,20.644736842105264
48,0,0.6,53.4,6.6,2,25.1,74,1,14.6,,0,0,0,7.970149253731344
18,0,1.4,132.1,5.5,1,26.8,55,2,13.4,Mild,3,0,0,23.589285714285715
30,1,5.3,501.9,7.0,2,30.4,50,1,14.3,Mild,0,1,0,70.69014084507042
37,1,2.7,258.2,7.5,2,19.5,84,1,8.2,,2,0,0,33.973684210526315
40,0,1.6,152.8,6.5,2,23.2,69,1,2.2,,1,0,0,23.151515151515156
28,0,3.2,305.6,7.7,2,21.6,82,1,10.0,,3,0,0,39.17948717948718
35,0,1.9,181.2,7.5,2,31.6,70,1,0.9,Mild,3,0,1,23.842105263157894
18,0,5.0,477.5,6.1,2,17.0,78,1,7.1,,3,0,1,77.01612903225808
27,0,3.0,287.8,6.3,2,27.0,83,1,11.8,,2,1,0,44.96875000000001
40,1,0.8,72.1,6.5,2,22.4,55,1,12.8,,4,0,0,10.924242424242424
23,1,4.5,425.5,6.3,2,20.0,76,1,4.4,,3,0,0,66.484375
35,1,3.4,325.7,8.3,0,23.2,78,1,3.3,,0,0,0,38.77380952380952
40,1,3.2,304.1,7.9,2,24.8,77,1,10.3,,4,0,0,38.0125
30,1,3.7,355.3,7.1,2,16.5,56,1,2.1,,2,1,0,49.34722222222223
37,1,3.6,341.4,8.6,0,22.9,71,1,14.9,,3,0,0,39.241379310344826
23,1,3.3,310.5,7.9,2,22.7,78,1,5.0,,4,0,0,38.8125
32,1,2.3,214.5,6.5,2,17.6,77,1,11.2,,3,0,1,32.5
42,0,3.9,366.7,7.1,2,27.3,89,1,10.9,,3,0,0,50.93055555555556
36,0,2.2,213.0,8.3,0,20.0,77,1,4.7,,2,0,1,25.357142857142858
27,1,4.5,426.8,6.4,2,29.0,64,1,5.8,,0,0,1,65.66153846153847
37,0,3.2,308.5,6.3,2,21.7,81,1,12.6,,2,0,0,48.20312500000001
43,1,2.8,264.2,8.8,0,15.4,81,1,3.4,,2,0,1,29.685393258426963
18,0,3.4,327.6,7.1,2,30.0,61,1,0.9,Mild,0,1,0,45.50000000000001
48,1,2.7,260.0,7.8,2,19.0,97,1,2.2,,4,0,0,32.911392405063296
30,0,4.4,419.2,5.5,1,21.6,98,2,10.3,Mild,2,0,0,74.85714285714286
40,1,3.9,372.7,7.5,2,21.1,66,1,3.6,,3,1,0,49.03947368421053
49,0,2.6,247.9,6.4,2,21.8,56,1,8.5,,2,0,0,38.13846153846154
18,1,0.0,0.0,7.0,2,24.6,58,1,5.9,,0,0,1,0.0
26,0,3.8,360.5,5.3,1,28.6,59,2,13.0,Mild,4,0,1,66.75925925925927
31,1,3.1,296.9,6.3,2,15.9,57,1,7.3,,0,0,0,46.390625
25,1,6.1,583.4,4.4,3,23.2,66,0,2.1,Mild,3,1,0,129.64444444444445
55,0,0.6,52.3,8.3,0,28.1,58,1,12.5,Mild,4,0,0,6.226190476190475
24,1,2.2,206.4,6.0,2,24.2,87,1,1.2,,2,0,0,33.8360655737705
28,0,0.2,17.1,7.4,2,25.2,52,1,12.4,,4,1,1,2.2800000000000002
37,1,1.4,133.8,5.4,1,28.2,73,2,0.6,Mild,2,0,0,24.327272727272728
20,1,4.8,459.5,6.9,2,17.9,69,1,0.1,,2,0,1,65.64285714285714
30,0,0.0,0.3,4.0,3,24.7,74,0,11.3,Mild,1,0,1,0.07317073170731708
38,1,0.4,39.1,5.9,1,27.3,68,2,8.4,Mild,2,1,0,6.516666666666667
31,1,3.4,320.1,8.1,0,25.8,73,1,3.2,,2,1,1,39.03658536585367
33,0,2.8,265.1,5.8,1,21.6,84,2,14.5,Mild,2,0,0,44.93220338983052
28,0,2.0,190.6,6.5,2,16.8,65,1,9.6,,1,1,0,28.87878787878788
18,0,0.0,0.0,4.4,3,25.2,53,0,3.6,Mild,4,1,0,0.0
38,1,4.4,417.9,8.0,2,21.7,71,1,6.2,,1,1,0,51.592592592592595
56,0,2.1,204.0,6.4,2,26.4,62,1,13.7,Mild,0,0,0,31.384615384615383
35,1,1.0,92.1,8.4,0,20.8,74,1,3.1,,2,0,1,10.835294117647058
37,1,3.0,283.3,5.7,1,29.5,64,2,13.9,Mild,1,1,0,48.8448275862069
43,0,4.4,416.5,4.6,3,28.1,64,0,3.3,Mild,1,1,0,88.61702127659576
19,1,2.1,199.6,8.4,0,19.0,84,1,0.4,,4,1,0,23.48235294117647
55,1,1.5,145.0,7.2,2,30.6,92,1,4.0,Moderate,4,1,0,19.863013698630137
37,1,2.6,242.6,6.7,2,18.6,62,1,0.8,,4,0,0,35.6764705882353
54,0,3.1,292.0,5.8,1,26.4,71,2,3.5,Moderate,3,0,0,49.49152542372882
26,0,3.2,305.3,8.0,2,23.0,67,1,4.1,,4,1,0,37.69135802469136
56,0,2.1,202.4,4.5,3,23.5,74,0,6.3,Moderate,2,0,0,44.00000000000001
44,1,4.3,412.9,7.3,2,28.4,68,1,4.2,,1,1,1,55.7972972972973
41,0,1.2,112.4,5.4,1,25.4,77,2,10.7,Mild,0,0,0,20.436363636363637
37,0,2.2,212.9,7.2,2,19.0,60,1,14.6,,0,0,1,29.164383561643838
32,1,2.2,212.2,9.1,0,21.9,83,1,0.7,,0,0,0,23.065217391304348
49,1,0.2,18.0,6.9,2,25.9,68,1,7.7,,2,0,0,2.5714285714285716
36,1,3.0,289.2,6.4,2,28.3,89,1,3.9,,1,0,1,44.49230769230769
18,1,2.6,250.8,6.0,1,27.4,89,2,6.9,Mild,3,0,0,41.11475409836066
21,0,2.2,210.3,6.5,2,23.2,73,1,10.6,,3,0,0,31.863636363636367
32,1,3.3,309.6,6.0,1,22.6,67,2,13.2,Mild,4,0,0,50.754098360655746
38,1,2.2,209.7,6.7,2,32.0,64,1,13.3,Mild,3,0,0,30.838235294117645
34,0,4.6,438.4,6.0,1,27.6,76,2,2.4,Mild,1,1,0,71.8688524590164
49,0,3.2,304.6,6.3,2,23.2,76,1,8.4,,4,0,0,47.59375000000001
18,0,3.1,290.9,5.9,1,24.1,67,2,4.2,Mild,2,1,0,48.48333333333333
36,1,1.5,141.5,6.6,2,19.8,61,1,7.5,,0,0,1,21.11940298507463
18,1,0.0,0.0,7.0,2,22.6,59,1,13.8,,0,0,0,0.0
44,1,3.7,351.9,8.4,0,21.7,83,1,0.9,,4,0,0,41.4
33,1,0.0,0.0,8.9,0,22.5,58,1,8.9,,4,0,0,0.0
40,1,2.1,199.3,7.1,2,28.5,64,1,5.4,,4,0,1,27.68055555555556
24,0,3.8,363.0,5.9,1,18.9,72,2,13.0,Mild,1,0,0,60.5
50,1,1.2,113.9,7.2,2,23.2,79,1,3.3,,4,0,1,15.602739726027398
47,1,1.8,171.8,5.7,1,20.2,73,2,5.0,Mild,1,0,0,29.620689655172416
42,1,0.4,38.8,6.3,2,25.0,58,1,0.3,,4,0,1,6.0625
33,0,1.1,106.1,6.9,2,29.4,65,1,6.4,,1,0,0,15.157142857142857
41,0,1.3,124.2,6.0,2,26.9,63,1,9.5,,1,0,0,20.36065573770492
26,0,1.8,171.6,6.0,1,24.9,81,2,2.9,Mild,3,0,0,28.13114754098361
45,1,2.7,255.9,6.0,2,28.0,79,1,9.5,,3,0,0,41.95081967213115
54,1,2.8,270.5,9.3,0,27.6,59,1,11.2,Mild,4,1,0,28.77659574468085
47,1,4.7,443.5,6.5,2,22.3,69,1,2.9,,4,1,0,67.1969696969697
26,1,1.8,168.2,4.7,3,17.2,72,0,11.3,Mild,1,0,0,35.041666666666664
39,0,3.3,316.8,6.7,2,28.7,57,1,14.0,,1,1,0,46.58823529411765
19,0,1.5,146.9,7.3,2,19.3,80,1,3.3,,3,0,0,19.851351351351354
41,0,5.0,476.3,6.2,2,19.3,74,1,2.0,,2,0,0,75.60317460317461
40,0,2.7,255.1,7.3,2,22.9,78,1,5.0,,0,0,1,34.472972972972975
18,0,2.2,208.0,6.0,1,21.7,56,2,2.9,Mild,0,0,0,34.09836065573771
21,1,1.3,124.7,6.6,2,19.3,70,1,11.6,,2,0,0,18.611940298507466
31,2,3.9,366.6,6.3,2,23.7,70,1,2.0,,2,0,0,57.28125000000001
31,1,2.7,256.0,5.8,1,22.8,61,2,0.3,Mild,0,0,1,43.38983050847458
20,0,2.8,266.6,5.4,1,25.9,68,2,5.3,Mild,3,0,1,48.472727272727276
39,1,0.9,87.0,7.0,2,24.1,79,1,11.8,,0,0,0,12.253521126760564
38,1,1.3,126.0,7.1,2,25.3,61,1,9.8,,2,0,0,17.5
32,0,0.0,0.0,3.6,3,23.4,69,0,8.0,Mild,0,1,1,0.0
25,1,1.7,164.9,6.1,2,25.3,86,1,6.9,,0,0,0,26.59677419354839
47,1,1.8,169.2,6.4,2,22.3,54,1,9.7,,2,1,0,26.03076923076923
54,1,0.5,45.9,7.1,2,23.5,69,1,7.4,Mild,3,0,1,6.375
29,1,2.4,227.2,7.6,2,20.6,64,1,11.6,,0,0,1,29.50649350649351
27,0,2.0,187.9,6.3,2,20.5,76,1,13.0,,4,0,0,29.359375000000004
40,0,1.4,134.1,7.5,2,24.2,68,1,2.6,,4,0,1,17.644736842105264
30,1,1.2,115.3,5.2,1,31.3,80,2,3.5,Moderate,0,1,1,21.754716981132077
33,1,2.7,261.1,8.2,0,25.7,76,1,7.7,,2,1,0,31.45783132530121
43,0,1.3,126.6,6.7,2,22.0,72,1,13.0,,4,0,1,18.61764705882353
18,1,5.0,471.8,4.4,3,18.1,80,0,13.8,Mild,0,0,1,104.84444444444445
50,1,2.2,211.3,7.4,2,26.8,68,1,1.9,,2,0,0,28.173333333333336
35,1,3.9,368.4,6.1,2,28.6,66,1,4.5,,4,0,0,59.41935483870968
30,0,0.8,74.3,9.1,0,26.0,72,1,11.5,,3,0,1,8.07608695652174
33,1,2.3,214.4,8.6,0,25.8,67,1,14.0,,2,0,0,24.643678160919542
34,1,1.1,101.7,7.9,2,18.4,59,1,1.2,,4,0,1,12.7125
18,0,3.1,298.2,3.1,3,24.5,60,0,7.0,Mild,1,0,1,93.18749999999999
52,1,2.4,228.6,6.4,2,21.6,58,1,7.4,Mild,1,0,1,35.169230769230765
35,0,5.5,519.4,7.7,2,26.4,72,1,0.1,,2,0,0,66.58974358974359
40,1,1.9,183.6,7.7,2,19.7,71,1,12.8,,4,0,0,23.538461538461537
46,1,0.0,0.0,5.9,1,23.7,53,2,1.6,Mild,3,0,0,0.0
22,1,2.4,229.0,6.5,2,27.0,81,1,12.6,,2,1,1,34.696969696969695
40,1,2.8,265.7,7.3,2,21.1,82,1,0.3,,2,0,0,35.9054054054054
31,0,1.6,148.2,4.9,3,22.5,68,0,14.7,Mild,3,0,0,29.639999999999997
45,0,1.4,130.0,5.0,3,27.5,79,0,7.9,Mild,0,0,0,25.490196078431374
18,1,0.7,66.9,9.8,0,31.1,65,1,4.5,Mild,0,0,1,6.757575757575758
33,1,3.2,306.1,6.1,2,26.9,55,1,9.1,,3,0,0,49.370967741935495
27,1,3.4,321.8,4.2,3,24.3,70,0,4.3,Mild,3,0,1,74.83720930232559
40,0,6.1,584.0,5.2,1,21.5,69,2,1.6,Mild,4,0,0,110.18867924528303
40,0,2.2,213.7,7.1,2,23.1,73,1,3.8,,3,0,1,29.680555555555557
26,1,2.7,259.3,7.5,2,26.6,78,1,12.6,,1,0,0,34.11842105263158
26,0,2.1,203.0,5.9,1,21.9,82,2,3.7,Mild,1,0,0,33.833333333333336
33,0,6.6,623.2,4.6,3,22.2,63,0,6.2,Mild,0,0,1,132.59574468085108
24,0,3.4,325.5,7.5,2,18.9,91,1,8.2,,1,0,0,42.828947368421055
45,1,2.5,237.8,5.5,1,32.1,61,2,13.0,Moderate,1,0,0,42.46428571428572
30,1,5.7,537.2,5.8,1,27.9,72,2,0.2,Mild,4,0,0,91.05084745762713
18,1,2.4,229.0,7.4,2,22.4,75,1,13.2,,0,0,0,30.533333333333335
30,0,7.8,742.2,5.2,1,29.4,71,2,11.1,Mild,4,0,0,140.03773584905662
22,0,5.0,474.6,8.7,0,25.6,51,1,5.8,,2,0,1,53.931818181818194
18,0,2.5,234.5,5.6,1,20.3,58,2,14.9,Mild,1,0,1,41.140350877192986
20,1,3.3,310.5,6.1,2,21.8,68,1,0.9,,1,0,1,50.08064516129033
36,1,2.7,255.6,6.1,2,20.0,73,1,11.1,,4,1,1,41.225806451612904
50,1,3.6,345.0,5.7,1,25.4,61,2,10.8,Mild,2,0,1,59.48275862068966
38,0,1.6,154.9,8.1,0,32.6,75,1,14.2,Mild,1,0,0,18.89024390243903
27,1,5.6,536.3,5.7,1,24.0,76,2,12.4,Mild,3,0,0,92.4655172413793
40,1,1.5,144.5,10.0,0,21.5,77,1,8.6,,4,0,0,14.306930693069308
29,0,2.9,273.8,6.7,2,23.3,70,1,3.5,,0,0,0,40.26470588235294
26,1,3.1,289.8,6.8,2,30.8,67,1,7.6,Mild,2,0,0,42.00000000000001
21,1,2.0,192.6,4.8,3,27.0,75,0,1.5,Mild,1,0,0,39.30612244897959
18,1,0.6,53.8,6.2,2,24.7,68,1,7.3,,1,0,0,8.53968253968254
30,0,2.9,271.8,7.4,2,17.7,84,1,2.9,,0,0,0,36.24
36,0,2.9,272.8,7.2,2,24.9,60,1,14.0,,1,0,0,37.369863013698634
33,0,2.0,190.6,5.4,1,21.1,86,2,6.1,Mild,3,0,1,34.654545454545456
30,0,2.1,196.3,6.1,2,29.6,76,1,2.2,,3,0,0,31.66129032258065
23,0,2.7,259.5,3.0,3,20.1,71,0,0.4,Mild,2,1,1,83.70967741935483
42,0,4.4,415.0,5.4,1,20.7,73,2,5.0,Mild,3,0,0,75.45454545454545
19,0,4.3,404.9,8.4,0,26.3,72,1,0.9,,2,0,0,47.63529411764706
44,0,3.2,306.1,6.8,2,24.3,71,1,6.9,,2,1,1,44.36231884057972
22,1,1.9,176.4,8.1,0,20.8,83,1,0.7,,4,0,1,21.512195121951223
25,1,2.0,189.0,4.7,3,19.6,85,0,12.5,Mild,1,0,0,39.375
18,1,2.1,202.8,6.8,2,31.3,74,1,7.0,Mild,1,0,0,29.39130434782609
28,0,1.8,173.3,6.6,2,23.7,76,1,11.9,,3,1,0,25.86567164179105
46,0,0.8,80.5,6.1,2,24.4,59,1,5.5,,1,0,0,12.983870967741938
41,0,1.3,126.4,6.5,2,24.4,64,1,11.5,,2,0,1,19.151515151515152
46,1,3.4,323.3,5.9,1,16.6,75,2,6.1,Mild,2,0,0,53.88333333333333
41,1,1.5,146.0,5.4,1,27.4,69,2,10.1,Mild,0,0,0,26.545454545454547
21,1,2.6,242.6,6.8,2,21.5,75,1,10.7,,1,0,0,35.15942028985508
31,0,2.5,237.7,7.7,2,21.5,58,1,9.0,,1,0,1,30.474358974358974
25,1,3.2,302.9,5.6,1,24.2,74,2,0.8,Mild,3,0,0,53.140350877192986
50,0,1.5,143.4,5.9,1,15.5,91,2,5.5,Mild,3,0,0,23.900000000000002
20,1,0.0,0.0,8.0,2,17.0,61,1,11.7,,4,0,0,0.0
45,1,1.6,149.6,6.8,2,27.4,73,1,13.9,,3,0,0,21.681159420289855
45,0,1.1,105.8,6.4,2,26.6,66,1,9.9,,2,1,0,16.276923076923076
56,1,0.0,0.0,7.1,2,20.8,78,1,14.5,Mild,2,1,0,0.0
30,1,1.7,158.7,9.2,0,28.5,72,1,4.1,,1,0,0,17.06451612903226
43,0,1.5,139.9,8.2,0,29.4,66,1,2.0,,0,1,0,16.85542168674699
62,1,2.5,233.6,8.7,0,18.6,63,1,4.9,Mild,1,0,1,26.545454545454547
27,2,3.3,312.2,7.4,2,25.4,76,1,10.2,,0,1,1,41.626666666666665
18,0,5.3,504.6,5.3,1,21.9,68,2,5.9,Mild,3,0,0,93.44444444444446
18,1,2.6,250.8,6.1,2,15.0,95,1,9.9,,4,0,0,40.451612903225815
43,0,2.5,241.8,5.7,1,18.7,73,2,10.5,Mild,4,0,0,41.689655172413794
18,1,5.5,522.2,6.9,2,25.4,77,1,9.2,,4,1,0,74.60000000000001
30,0,0.6,56.7,6.5,2,20.3,52,1,11.7,,3,0,1,8.590909090909092
40,0,0.7,66.1,5.9,1,28.4,72,2,3.5,Mild,0,0,0,11.016666666666666
37,0,3.4,323.3,6.4,2,24.7,55,1,1.6,,1,0,0,49.73846153846154
40,1,4.5,424.9,4.6,3,32.5,69,0,0.7,Moderate,4,0,0,90.40425531914894
37,1,4.6,441.6,7.5,2,17.6,81,1,14.6,,1,0,0,58.10526315789474
50,1,0.0,0.0,5.8,1,30.8,86,2,10.8,Moderate,4,0,0,0.0
23,0,0.0,0.0,8.1,0,28.3,81,1,3.6,,0,0,0,0.0
26,0,2.3,220.8,7.2,2,23.4,72,1,7.2,,3,1,0,30.246575342465757
25,1,3.6,338.5,7.2,2,29.8,84,1,0.9,,0,1,1,46.369863013698634
44,0,1.9,183.2,5.3,1,23.5,88,2,10.0,Mild,0,0,0,33.925925925925924
45,1,0.7,69.8,7.0,2,30.3,60,1,14.5,Mild,2,0,0,9.830985915492958
40,1,0.6,56.1,6.3,2,20.7,81,1,10.6,,4,0,1,8.765625000000002
49,1,4.1,385.2,4.3,3,24.7,64,0,9.3,Mild,0,1,0,87.54545454545455
20,1,4.1,389.5,8.1,0,23.6,70,1,13.8,,2,1,0,47.50000000000001
55,1,3.4,327.4,6.4,2,18.8,75,1,7.7,Mild,1,0,0,50.36923076923077
53,0,2.4,230.4,6.1,2,20.5,83,1,11.2,Mild,0,0,1,37.16129032258065
43,1,1.2,113.9,8.5,0,24.9,68,1,14.0,,3,0,0,13.24418604651163
56,1,0.0,0.0,8.2,0,23.3,59,1,9.7,Mild,2,0,0,0.0
18,0,0.2,23.4,10.0,0,25.3,52,1,7.9,,3,1,0,2.3168316831683167
28,1,0.0,0.0,5.9,1,20.6,66,2,8.7,Mild,2,0,0,0.0
26,0,2.0,194.7,6.0,2,19.9,85,1,11.5,,4,0,0,31.918032786885245
43,1,3.2,303.9,8.8,0,21.8,66,1,0.8,,1,0,1,34.146067415730336
22,0,2.6,246.9,5.6,1,25.0,82,2,4.9,Mild,3,0,1,43.31578947368422
44,0,4.6,439.3,5.4,1,23.2,64,2,0.8,Mild,0,0,0,79.87272727272727
51,1,2.8,263.0,6.5,2,22.3,72,1,11.8,Mild,1,0,0,39.84848484848485
43,0,0.0,3.2,9.0,0,26.7,72,1,13.7,,1,0,1,0.3516483516483517
38,0,2.3,218.0,6.0,2,25.8,78,1,6.0,,0,1,0,35.73770491803279
23,0,2.3,222.4,9.4,0,25.8,60,1,3.8,,3,0,0,23.410526315789475
24,1,3.2,308.7,6.5,2,23.7,68,1,0.6,,3,0,0,46.77272727272727
49,1,3.8,358.3,8.0,0,21.1,83,1,0.1,,4,0,1,44.23456790123457
44,0,3.2,304.8,6.1,2,19.0,57,1,8.2,,2,0,1,49.161290322580655
34,0,1.8,168.1,5.6,1,22.7,77,2,5.0,Mild,1,1,0,29.491228070175442
29,1,4.6,434.2,7.0,2,24.4,59,1,14.5,,1,1,0,61.15492957746479
18,1,3.8,356.7,4.7,3,27.5,70,0,12.3,Mild,4,1,0,74.3125
22,1,0.0,0.0,5.0,1,22.9,70,2,6.8,Mild,2,0,1,0.0
57,1,3.6,346.3,7.3,2,19.3,65,1,3.0,Mild,2,0,0,46.797297297297305
19,1,1.2,111.3,6.1,2,18.6,78,1,5.7,,2,0,1,17.951612903225808
37,1,0.0,0.0,5.3,1,24.8,71,2,1.1,Mild,0,1,0,0.0
47,1,2.9,273.4,5.8,1,27.2,77,2,9.3,Mild,4,0,0,46.33898305084746
19,1,6.0,568.6,6.8,2,18.7,66,1,13.0,,0,1,0,82.40579710144928
37,0,2.4,229.9,5.5,1,28.6,84,2,6.5,Mild,2,0,0,41.05357142857143
46,1,2.1,196.3,3.3,3,19.4,78,0,7.2,Mild,0,0,0,57.735294117647065
35,1,2.6,251.3,6.4,2,21.2,69,1,14.1,,1,0,0,38.66153846153846
69,1,6.1,578.1,6.5,2,28.1,61,1,4.6,Mild,0,0,0,87.5909090909091
18,0,2.1,199.3,7.7,2,22.1,84,1,1.5,,0,1,1,25.551282051282055
47,0,4.0,377.6,7.6,2,23.4,62,1,1.0,,3,0,0,49.03896103896105
32,0,1.9,180.8,6.5,2,25.6,75,1,11.5,,4,0,0,27.393939393939398
44,1,1.6,154.8,9.0,0,28.8,71,1,3.3,,2,0,1,17.010989010989015
40,0,4.6,438.7,6.2,2,23.6,71,1,15.0,,4,0,0,69.63492063492063
26,1,0.8,80.4,6.6,2,24.4,59,1,14.4,,1,0,1,12.000000000000002
37,1,3.6,343.9,6.1,2,23.3,62,1,12.8,,2,0,0,55.46774193548387
18,0,2.0,188.8,6.9,2,18.4,85,1,7.6,,1,0,1,26.97142857142857
42,0,1.4,129.6,7.4,2,29.1,73,1,7.6,,0,0,0,17.279999999999998
38,0,1.9,177.9,8.4,0,15.0,80,1,14.0,,3,1,0,20.929411764705883
42,0,0.0,0.0,6.4,2,25.2,50,1,4.5,,2,0,1,0.0
47,0,0.9,87.9,5.9,1,28.6,65,2,7.3,Mild,1,0,0,14.65
39,1,2.7,256.6,6.8,2,29.2,79,1,6.0,,0,0,0,37.18840579710145
36,1,2.1,202.2,6.2,2,20.7,64,1,5.4,,2,0,0,32.095238095238095
24,1,1.1,102.7,5.5,1,25.6,52,2,13.4,Mild,2,0,0,18.339285714285715
26,0,4.7,448.6,7.7,2,20.5,79,1,10.9,,4,0,0,57.51282051282052
49,1,1.0,95.9,8.3,0,21.2,50,1,14.2,,2,1,0,11.416666666666666
52,0,4.7,442.3,4.5,3,28.6,76,0,1.1,Moderate,1,0,0,96.15217391304348
32,1,2.7,258.4,6.4,2,24.3,73,1,12.4,,3,0,0,39.75384615384615
35,1,2.1,200.0,7.4,2,25.0,67,1,4.9,,2,0,0,26.666666666666668
24,1,2.6,250.8,8.9,0,27.4,71,1,8.9,,1,0,1,27.866666666666667
49,1,2.9,279.3,6.5,2,28.3,71,1,10.6,,0,0,0,42.31818181818182
42,0,1.1,101.3,7.9,2,23.3,78,1,2.1,,0,0,0,12.6625
58,1,1.1,105.2,6.4,2,17.3,75,1,11.2,Mild,2,0,1,16.184615384615384
24,1,2.2,208.9,7.2,2,22.8,81,1,5.1,,3,0,0,28.616438356164384
30,1,3.2,299.8,7.6,2,26.5,91,1,4.2,,2,0,0,38.93506493506494
37,1,3.5,332.1,6.9,2,17.7,63,1,7.1,,4,0,0,47.44285714285714
42,1,4.4,415.0,6.4,2,22.0,70,1,11.7,,2,0,0,63.84615384615385
32,1,0.7,62.4,8.1,0,22.4,61,1,6.1,,4,0,0,7.609756097560976
24,0,3.0,288.3,8.2,0,24.9,83,1,8.2,,4,0,0,34.73493975903615
45,1,2.5,235.7,6.8,2,21.4,69,1,3.6,,4,0,0,34.15942028985507
43,1,1.7,161.6,8.0,2,24.2,69,1,4.8,,4,0,0,19.950617283950617
24,0,5.5,523.0,5.5,1,19.4,72,2,14.1,Mild,4,1,1,93.39285714285715
51,1,3.1,299.1,6.0,2,25.9,63,1,13.8,Mild,0,0,0,49.032786885245905
49,1,4.6,441.1,8.2,0,25.7,50,1,13.3,,2,0,0,53.14457831325302
36,0,0.0,0.0,3.5,3,37.5,72,0,5.8,Moderate,2,1,0,0.0
35,1,4.1,386.7,6.1,2,20.0,65,1,0.4,,4,0,0,62.37096774193549
41,0,3.3,313.9,6.8,2,22.3,72,1,13.8,,4,0,0,45.492753623188406
24,0,3.6,337.5,5.1,1,29.2,95,2,6.0,Mild,4,0,0,64.90384615384616
35,0,2.1,195.7,8.0,2,17.6,87,1,12.1,,2,0,0,24.160493827160494
18,0,5.7,538.3,6.1,2,35.0,70,1,7.7,Mild,4,0,0,86.8225806451613
45,1,2.2,209.4,7.5,2,22.0,74,1,13.4,,4,0,1,27.55263157894737
18,1,2.5,234.8,8.4,0,17.9,77,1,1.8,,3,0,0,27.623529411764707
53,1,1.0,98.1,8.3,0,25.7,77,1,12.4,Mild,2,0,0,11.678571428571427
31,1,2.4,231.9,6.2,2,24.2,64,1,13.0,,3,0,0,36.80952380952381
32,0,2.2,212.6,5.3,1,20.0,66,2,4.4,Mild,1,1,0,39.370370370370374
27,0,4.1,390.3,5.9,1,21.4,79,2,9.4,Mild,3,1,1,65.05
31,1,3.5,327.9,6.7,2,26.7,66,1,0.8,,3,0,0,48.220588235294116
52,0,4.3,404.7,4.2,3,18.7,81,0,4.7,Moderate,1,0,0,94.11627906976744
18,1,2.3,222.1,8.6,0,26.6,65,1,5.6,,3,0,1,25.52873563218391
50,0,2.0,189.1,6.8,2,21.3,83,1,1.4,,3,0,0,27.405797101449277
39,0,3.8,363.5,6.1,2,34.5,66,1,6.5,Mild,4,0,0,58.62903225806452
20,0,2.7,260.0,4.3,3,30.1,75,0,9.7,Moderate,1,0,0,59.0909090909091
22,1,0.0,0.0,7.0,2,18.9,78,1,9.7,,4,0,1,0.0
55,0,1.8,173.0,6.8,2,22.4,64,1,7.0,Mild,0,1,0,25.072463768115945
23,1,0.0,0.0,6.0,1,27.6,88,2,1.9,Mild,2,0,0,0.0
21,0,1.3,121.3,7.2,2,15.0,86,1,1.2,,3,0,0,16.616438356164384
48,1,4.0,383.7,6.2,2,20.3,71,1,12.3,,0,0,0,60.904761904761905
39,1,2.0,189.6,4.8,3,22.1,77,0,8.4,Mild,1,0,1,38.693877551020414
23,0,2.1,199.1,7.5,2,17.9,75,1,11.2,,0,0,0,26.197368421052634
37,0,2.2,209.8,9.6,0,24.1,69,1,0.5,,1,0,0,21.628865979381445
22,1,2.5,239.1,8.8,0,22.3,54,1,6.6,,1,0,0,26.86516853932584
48,0,2.0,189.8,7.3,2,20.6,67,1,13.6,,1,0,0,25.648648648648653
47,0,5.2,496.4,6.5,2,29.6,58,1,10.6,,3,0,0,75.21212121212122
41,0,0.0,0.0,5.2,1,27.4,68,2,11.5,Mild,1,0,0,0.0
39,0,2.8,270.1,6.9,2,27.3,93,1,7.1,,3,1,1,38.58571428571429
56,1,3.3,316.8,6.1,2,24.1,65,1,11.2,Mild,0,0,0,51.09677419354839
34,0,1.2,110.0,3.8,3,25.3,56,0,10.1,Mild,0,0,0,28.205128205128204
20,1,3.5,329.5,6.0,2,30.9,80,1,2.0,Mild,3,0,0,54.016393442622956
40,1,1.5,142.3,6.1,2,19.3,72,1,1.4,,0,0,0,22.95161290322581
60,0,3.2,305.9,4.7,3,19.9,89,0,2.6,Moderate,4,0,1,63.729166666666664
22,0,0.6,57.7,6.8,2,28.4,52,1,1.2,,0,0,0,8.36231884057971
30,0,2.6,250.0,4.8,3,26.2,66,0,8.7,Mild,4,0,0,51.02040816326531
39,0,5.8,555.2,6.6,2,21.7,61,1,14.5,,0,1,1,82.86567164179107
34,0,1.1,108.5,7.5,2,25.8,77,1,11.6,,0,0,0,14.276315789473685
23,1,1.9,178.3,4.2,3,19.5,79,0,11.2,Mild,1,0,1,41.46511627906977
48,2,5.0,472.6,5.8,1,25.6,66,2,12.5,Mild,4,0,1,80.10169491525424
62,1,4.4,413.7,5.8,1,21.3,76,2,13.5,Moderate,3,0,0,70.11864406779661
37,0,5.1,486.7,5.9,1,30.1,91,2,4.6,Moderate,1,1,1,81.11666666666666
24,0,1.9,184.9,3.8,3,25.3,67,0,1.4,Mild,4,1,0,47.410256410256416
18,0,3.0,286.9,7.0,2,24.1,85,1,11.3,,1,0,0,40.40845070422535
38,1,3.2,303.2,8.3,0,22.9,51,1,6.4,,2,0,0,36.095238095238095
48,0,1.3,126.8,8.6,0,25.2,70,1,14.2,,1,0,1,14.574712643678161
40,0,0.8,78.2,8.0,2,27.4,86,1,14.0,,3,0,0,9.654320987654321
34,0,0.6,60.7,4.5,3,22.9,54,0,14.6,Mild,2,0,1,13.195652173913045
27,1,1.7,166.0,6.0,1,31.9,82,2,11.6,Moderate,3,0,0,27.213114754098363
21,0,0.6,55.4,7.5,2,23.4,58,1,9.2,,3,0,0,7.2894736842105265
45,0,1.5,141.0,7.3,2,26.2,65,1,11.5,,4,0,0,19.054054054054056
45,0,1.0,94.2,8.2,0,25.4,65,1,4.1,,0,0,0,11.349397590361448
18,0,3.3,310.5,6.2,2,15.0,67,1,0.0,,1,0,1,49.285714285714285
54,1,3.1,293.8,5.1,1,28.1,79,2,6.9,Moderate,3,0,1,56.50000000000001
41,1,1.6,156.1,7.4,2,33.5,61,1,9.6,Mild,2,0,0,20.813333333333333
51,1,2.0,188.8,6.1,2,25.6,103,1,12.6,Mild,4,0,0,30.45161290322581
18,1,3.4,322.4,8.2,0,25.6,70,1,0.8,,1,0,1,38.8433734939759
18,0,2.0,186.9,7.5,2,25.1,81,1,0.7,,1,0,0,24.592105263157897
33,1,1.6,152.7,6.3,2,20.0,80,1,14.1,,4,0,1,23.859375
41,1,0.5,48.1,7.1,2,24.2,67,1,3.0,,1,0,0,6.680555555555556
56,1,4.5,423.5,7.7,2,24.9,73,1,10.3,Mild,0,0,0,54.294871794871796
43,0,0.1,6.5,7.6,2,27.2,66,1,2.2,,0,1,1,0.8441558441558442
32,1,2.0,192.5,6.9,2,25.7,74,1,13.5,,1,0,0,27.5
22,1,1.2,111.3,7.1,2,26.2,58,1,11.2,,1,0,0,15.458333333333334
49,1,2.7,258.2,6.2,2,22.4,77,1,0.8,,4,0,0,40.98412698412698
23,1,1.8,173.8,7.2,2,28.6,76,1,4.1,,2,0,1,23.808219178082194
54,2,2.6,249.4,6.6,2,29.8,77,1,14.5,Mild,3,0,1,37.22388059701493
31,1,1.2,117.7,5.6,1,25.2,72,2,12.7,Mild,3,0,0,20.649122807017548
54,0,1.8,172.9,7.2,2,25.4,58,1,0.7,Mild,2,0,0,23.684931506849317
43,2,0.5,45.5,7.6,2,21.4,62,1,4.6,,1,0,0,5.90909090909091
33,0,1.0,93.8,8.1,0,26.4,75,1,4.9,,3,0,0,11.439024390243903
28,2,1.8,171.5,4.8,3,24.0,67,0,7.2,Mild,0,0,1,35.00000000000001
30,0,2.7,260.9,6.9,2,22.2,61,1,4.1,,4,0,0,37.271428571428565
40,1,2.3,216.6,6.2,2,22.7,82,1,12.4,,2,0,1,34.38095238095238
35,0,4.5,431.8,7.0,2,24.6,67,1,7.1,,3,0,0,60.81690140845071
27,1,0.2,21.9,5.5,1,24.4,65,2,0.2,Mild,2,0,0,3.9107142857142856
33,1,2.1,200.2,8.2,0,29.6,69,1,5.8,,1,0,0,24.120481927710845
35,0,0.0,0.0,5.7,1,21.7,74,2,8.9,Mild,3,1,0,0.0
18,0,2.3,213.8,6.1,2,26.0,72,1,9.9,,2,0,0,34.48387096774194
40,0,1.5,141.9,10.0,0,20.0,83,1,1.4,,3,0,1,14.04950495049505
23,0,1.7,164.0,6.9,2,19.8,74,1,7.5,,3,0,0,23.428571428571427
21,1,1.5,140.3,8.1,0,16.5,75,1,6.5,,3,0,0,17.10975609756098
18,0,3.2,299.5,6.8,2,28.3,63,1,2.6,,2,0,0,43.40579710144928
18,1,2.9,277.4,8.1,0,27.8,57,1,2.7,,4,0,0,33.829268292682926
18,1,0.7,65.7,7.9,2,15.0,73,1,14.6,,4,1,1,8.2125
26,0,2.2,205.4,5.7,1,24.7,88,2,6.2,Mild,2,0,0,35.41379310344828
58,1,0.2,20.8,4.8,3,22.3,78,0,9.6,Moderate,0,0,0,4.244897959183674
28,0,0.0,0.0,5.5,1,25.2,81,2,3.1,Mild,1,0,1,0.0
37,0,3.1,294.6,5.9,1,24.4,72,2,14.3,Mild,2,0,0,49.1
39,1,0.8,75.4,7.6,2,23.1,79,1,14.2,,0,1,0,9.792207792207794
36,0,1.6,150.0,8.0,2,19.8,79,1,11.9,,2,0,0,18.51851851851852
34,0,2.8,268.7,6.5,2,21.4,68,1,6.5,,1,1,1,40.71212121212121
20,1,2.5,235.0,6.8,2,21.4,67,1,6.2,,2,1,1,34.05797101449276
52,1,4.6,437.5,3.5,3,22.5,67,0,13.3,Moderate,3,0,0,121.52777777777777
56,0,0.6,58.4,6.6,2,27.2,64,1,13.0,Mild,2,1,1,8.716417910447761
18,1,4.3,411.3,6.2,2,30.9,54,1,13.9,Mild,0,1,0,65.28571428571429
22,0,3.4,319.9,7.0,2,20.9,63,1,4.1,,2,0,1,45.056338028169016
31,1,3.6,345.8,6.1,2,26.7,64,1,9.9,,4,0,1,55.7741935483871
23,0,1.9,181.7,6.1,2,16.1,69,1,10.1,,2,0,1,29.306451612903228
41,0,1.1,101.9,9.1,0,17.2,86,1,5.4,,0,0,1,11.07608695652174
26,1,2.6,251.1,4.9,3,24.7,74,0,1.4,Mild,2,0,1,50.22
60,0,1.1,101.2,8.5,0,27.2,81,1,1.6,Mild,4,0,0,11.767441860465118
49,0,1.0,96.6,7.6,2,26.1,51,1,12.6,,2,0,1,12.545454545454547
37,0,2.7,259.0,6.4,2,22.0,82,1,5.1,,1,0,1,39.84615384615385
47,0,4.1,387.4,9.0,0,29.3,78,1,13.4,,4,0,1,42.57142857142857
48,0,0.1,8.9,6.9,2,21.6,77,1,4.3,,1,0,1,1.2714285714285716
28,0,4.5,423.7,5.3,1,22.5,70,2,3.0,Mild,4,0,0,78.46296296296296
25,0,0.6,60.6,7.2,2,25.2,91,1,5.9,,0,0,0,8.301369863013699
35,0,2.0,193.8,7.7,2,25.9,76,1,10.9,,2,0,0,24.846153846153847
45,1,2.1,196.0,7.4,2,19.5,59,1,9.3,,2,0,0,26.133333333333333
36,2,1.8,168.5,6.1,2,19.7,67,1,2.3,,1,0,0,27.17741935483871
18,1,2.1,203.7,7.5,2,27.3,81,1,14.7,,4,0,0,26.80263157894737
25,1,2.7,256.6,4.5,3,22.4,74,0,14.7,Mild,0,0,0,55.782608695652186
34,1,4.4,418.8,8.0,2,26.9,74,1,4.1,,4,0,0,51.70370370370371
34,1,2.2,208.7,7.6,2,19.1,81,1,8.0,,3,1,0,27.103896103896105
58,1,1.1,107.5,4.2,3,22.5,72,0,3.4,Moderate,1,1,0,25.0
18,1,0.9,85.2,6.0,1,28.5,85,2,14.9,Mild,4,0,0,13.967213114754099
41,1,3.0,283.0,8.0,0,28.6,89,1,5.2,,1,0,0,34.93827160493827
52,0,3.7,354.0,6.2,2,21.9,67,1,13.5,Mild,3,0,0,56.19047619047619
62,1,1.5,145.0,6.7,2,15.6,84,1,6.4,Mild,4,0,0,21.323529411764707
30,1,3.9,368.1,8.1,0,26.7,59,1,10.7,,4,0,0,44.89024390243903
40,1,5.8,546.5,5.4,1,24.9,72,2,13.6,Mild,1,0,0,99.36363636363636
41,1,4.5,425.5,3.8,3,25.3,71,0,9.3,Mild,3,1,0,109.1025641025641
37,1,1.4,134.3,8.4,0,19.3,77,1,3.5,,0,0,1,15.8
33,0,4.0,384.5,5.9,1,23.6,68,2,12.0,Mild,2,0,0,64.08333333333333
40,0,3.9,369.3,6.4,2,24.4,71,1,13.6,,1,1,1,56.815384615384616
18,0,2.6,246.5,6.4,2,30.2,83,1,1.3,Mild,1,0,0,37.92307692307692
43,0,3.8,365.4,5.8,1,28.8,89,2,5.6,Mild,2,0,0,61.93220338983051
36,1,3.6,345.9,5.4,1,28.3,83,2,14.9,Mild,4,1,0,62.89090909090908
32,1,4.4,415.2,6.1,2,24.9,86,1,9.8,,1,0,1,66.96774193548387
59,1,3.4,320.0,5.3,1,20.5,62,2,2.6,Moderate,0,0,0,59.25925925925927
26,0,3.6,345.1,8.1,0,23.1,55,1,12.6,,3,0,0,42.085365853658544
30,1,1.0,92.1,8.3,0,19.0,82,1,7.1,,4,0,1,10.964285714285714
58,0,2.5,237.2,7.3,2,23.6,62,1,12.9,Mild,1,0,0,32.054054054054056
25,1,1.4,130.6,7.4,2,20.6,65,1,11.5,,0,0,0,17.413333333333334
28,1,4.3,407.9,4.3,3,24.0,76,0,10.8,Mild,2,0,0,92.70454545454547
33,2,0.5,44.0,8.3,0,23.7,74,1,4.1,,4,0,0,5.238095238095238
45,0,0.0,0.0,6.5,2,20.2,75,1,8.4,,0,0,1,0.0
37,0,0.4,35.7,8.6,0,26.3,65,1,12.8,,1,0,0,4.103448275862069
19,0,2.2,205.0,8.7,0,18.9,68,1,12.8,,2,0,0,23.295454545454547
28,0,0.0,0.0,6.7,2,34.5,76,1,2.6,Mild,1,0,0,0.0
27,0,0.0,0.0,4.3,3,29.0,61,0,6.0,Mild,3,0,0,0.0
34,0,3.5,332.3,6.8,2,19.2,67,1,6.9,,1,0,0,48.15942028985508
40,1,0.4,39.0,5.5,1,25.1,85,2,7.2,Mild,2,0,0,6.964285714285714
40,0,4.0,380.7,5.7,1,23.4,80,2,6.9,Mild,3,0,0,65.63793103448276
18,0,0.5,49.1,6.7,2,23.4,66,1,1.4,,3,1,0,7.220588235294118
47,1,0.0,0.0,8.1,0,22.1,53,1,13.6,,4,0,0,0.0
38,0,1.0,90.9,7.4,2,27.7,65,1,11.7,,1,0,0,12.120000000000001
51,0,0.6,53.9,8.8,0,20.9,76,1,6.5,Mild,4,0,1,6.056179775280898
40,0,0.6,53.2,6.0,1,28.5,71,2,14.3,Mild,2,0,0,8.721311475409838
48,1,2.3,221.9,8.0,0,30.3,72,1,8.1,Mild,4,0,0,27.395061728395063
40,1,2.8,261.8,7.5,2,20.5,99,1,0.9,,4,0,0,34.44736842105264
51,0,4.6,434.5,7.1,2,27.4,81,1,6.6,Mild,2,0,0,60.34722222222223
41,0,2.0,185.8,8.0,0,26.9,83,1,3.1,,3,0,0,22.938271604938276
33,1,2.9,278.3,7.6,2,16.3,76,1,15.0,,1,1,0,36.142857142857146
62,0,0.5,48.1,5.0,3,30.8,82,0,1.9,Severe,4,0,0,9.431372549019608
45,1,1.1,108.1,6.1,2,22.1,78,1,4.6,,0,0,0,17.435483870967744
41,0,4.5,422.8,7.5,2,24.5,92,1,10.2,,3,1,1,55.631578947368425
19,1,4.6,437.7,6.9,2,29.7,58,1,3.4,,4,1,1,62.528571428571425
19,1,4.9,463.7,7.5,2,27.1,65,1,1.7,,0,0,0,61.01315789473684
38,0,2.3,219.6,6.9,2,23.2,58,1,5.8,,2,0,1,31.37142857142857
36,1,0.5,48.8,6.3,2,27.2,66,1,13.4,,4,0,0,7.625
27,1,1.3,126.2,5.8,1,28.6,71,2,8.7,Mild,1,0,0,21.389830508474578
36,1,2.0,190.8,4.7,3,24.2,85,0,11.2,Mild,3,0,1,39.75000000000001
54,1,1.7,157.0,7.4,2,21.2,92,1,4.3,Mild,4,0,0,20.933333333333334
43,1,2.7,253.6,4.9,3,25.4,72,0,13.4,Mild,1,0,0,50.72
21,2,3.6,344.6,6.5,2,20.7,73,1,8.4,,4,0,0,52.21212121212122
33,0,1.0,90.9,6.7,2,28.2,73,1,5.3,,0,0,0,13.36764705882353
25,0,5.4,510.7,7.5,2,20.5,71,1,9.8,,3,0,1,67.19736842105263
30,0,2.6,248.1,9.4,0,21.1,64,1,6.1,,1,0,1,26.11578947368421
30,1,4.5,431.0,5.9,1,28.0,71,2,4.2,Mild,1,1,0,71.83333333333333
29,1,3.1,297.8,7.2,2,24.1,65,1,11.5,,2,0,0,40.79452054794521
19,1,5.7,544.8,6.1,2,25.8,70,1,1.6,,3,1,0,87.87096774193549
33,0,0.8,71.8,5.8,1,26.7,71,2,10.0,Mild,4,0,0,12.16949152542373
28,0,1.7,164.3,8.2,0,21.2,71,1,7.9,,0,1,0,19.79518072289157
18,1,1.7,164.8,7.2,2,22.1,71,1,7.7,,4,0,0,22.575342465753426
59,1,2.8,263.6,7.3,2,29.9,66,1,5.1,Mild,0,0,1,35.62162162162163
48,0,2.7,255.4,7.7,2,26.6,78,1,4.1,,2,0,0,32.743589743589745
30,0,3.1,292.9,7.6,2,22.6,81,1,10.4,,1,0,1,38.03896103896104
35,0,2.7,257.4,6.4,2,25.1,60,1,12.2,,0,0,0,39.599999999999994
20,1,3.3,316.9,7.8,2,23.3,71,1,5.8,,1,0,1,40.11392405063291
55,0,1.8,168.5,6.5,2,27.5,74,1,2.2,Mild,1,0,1,25.53030303030303
57,1,3.2,304.1,5.1,1,24.7,74,2,0.3,Moderate,4,1,0,58.48076923076924
36,0,6.7,638.6,6.6,2,23.6,76,1,8.7,,0,0,0,95.3134328358209
47,0,2.5,238.1,8.3,0,19.6,54,1,3.8,,0,0,0,28.345238095238095
37,0,0.3,31.7,6.1,2,26.6,87,1,6.2,,1,0,1,5.112903225806452
18,1,1.6,148.1,4.9,3,22.6,70,0,8.4,Mild,0,0,0,29.619999999999997
30,1,1.8,172.0,6.9,2,27.9,70,1,10.9,,3,0,0,24.571428571428573
36,1,1.2,111.3,5.6,1,17.0,78,2,6.4,Mild,2,0,1,19.526315789473685
29,1,2.7,254.9,5.9,1,21.9,56,2,10.5,Mild,3,0,0,42.483333333333334
32,0,3.7,351.4,6.6,2,26.5,69,1,13.7,,4,0,1,52.44776119402985
33,0,0.5,52.2,3.4,3,24.0,66,0,4.2,Mild,4,0,0,14.914285714285715
34,1,0.0,0.0,6.5,2,21.5,82,1,10.5,,3,0,0,0.0
35,1,6.2,590.0,5.6,1,28.6,74,2,4.6,Mild,2,1,0,103.50877192982458
22,1,1.1,103.9,9.1,0,27.8,62,1,1.0,,0,0,0,11.293478260869566
26,0,4.6,438.9,6.1,2,20.9,72,1,1.2,,2,0,0,70.79032258064517
19,0,3.6,346.0,9.0,0,23.4,71,1,10.5,,2,0,0,38.02197802197802
46,1,1.6,151.5,8.2,0,20.1,61,1,2.2,,0,0,0,18.253012048192772
18,1,1.3,125.2,7.3,2,23.0,69,1,14.9,,0,0,0,16.91891891891892
48,0,1.6,151.4,7.2,2,23.2,82,1,8.2,,0,0,0,20.73972602739726
51,0,1.8,174.5,7.1,2,22.2,76,1,4.7,Mild,0,0,0,24.236111111111114
31,1,3.4,325.7,6.6,2,26.8,86,1,9.1,,1,0,0,48.61194029850746
18,0,0.4,39.0,5.2,1,26.9,74,2,1.4,Mild,3,0,1,7.358490566037736
30,0,4.4,420.2,6.8,2,28.7,75,1,0.8,,1,0,0,60.89855072463769
34,0,1.5,146.4,6.9,2,25.5,51,1,8.1,,3,0,0,20.914285714285715
22,0,0.3,29.0,7.2,2,17.5,77,1,2.7,,3,0,1,3.9726027397260273
28,1,2.8,263.9,8.7,0,24.0,57,1,1.1,,3,0,1,29.988636363636363
53,0,6.1,580.0,5.8,1,27.1,88,2,9.4,Moderate,2,0,0,98.30508474576273
42,1,1.2,117.8,5.5,1,24.5,70,2,6.7,Mild,3,0,1,21.03571428571429
23,1,2.7,255.9,5.9,1,27.4,74,2,7.5,Mild,0,0,0,42.65
18,1,2.7,257.7,7.6,2,28.4,68,1,11.5,,2,0,1,33.46753246753247
31,1,5.3,506.2,6.5,2,18.3,60,1,10.3,,2,0,0,76.6969696969697
32,1,1.1,103.7,6.9,2,26.7,75,1,12.1,,1,0,0,14.814285714285715
40,0,3.9,370.9,4.8,3,25.6,55,0,1.3,Mild,4,0,1,75.6938775510204
28,0,0.4,34.7,8.4,0,30.6,66,1,1.2,Mild,2,0,0,4.082352941176471
41,0,2.8,269.2,5.8,1,21.6,65,2,8.7,Mild,0,0,1,45.6271186440678
58,1,3.6,342.5,6.9,2,28.7,64,1,13.8,Mild,2,0,1,48.92857142857143
44,1,4.0,380.6,6.3,2,23.7,83,1,11.2,,1,0,0,59.46875000000001
34,0,0.4,42.5,5.0,1,24.8,69,2,10.5,Mild,2,0,0,8.333333333333334
32,1,0.0,0.0,7.4,2,24.1,64,1,5.3,,4,0,0,0.0
30,2,2.2,209.4,5.2,1,30.9,58,2,8.5,Moderate,3,0,0,39.509433962264154
49,1,1.6,156.3,7.2,2,20.4,76,1,10.4,,2,0,1,21.41095890410959
27,0,0.4,35.2,6.3,2,25.1,81,1,7.6,,1,0,1,5.500000000000001
35,1,0.5,51.4,6.7,2,28.6,71,1,3.5,,4,1,0,7.5588235294117645
35,0,1.8,169.4,7.6,2,32.1,76,1,10.2,Mild,3,0,1,22.000000000000004
28,0,5.1,481.1,4.7,3,20.1,83,0,7.7,Mild,2,1,1,100.22916666666667
18,0,0.7,62.0,10.0,0,28.0,71,1,3.7,,0,1,1,6.138613861386139
38,2,3.8,364.5,5.4,1,22.9,87,2,7.9,Mild,2,0,0,66.27272727272727
34,1,0.3,27.8,7.8,2,27.7,88,1,5.1,,0,0,0,3.5189873417721524
41,0,1.4,130.1,7.9,2,21.3,75,1,1.0,,1,0,0,16.2625
28,1,0.2,19.2,8.8,0,29.2,57,1,7.1,,3,0,1,2.157303370786517
49,0,5.8,547.1,5.3,1,22.7,80,2,14.5,Mild,2,0,0,101.31481481481482
24,1,3.9,373.8,5.5,1,27.9,75,2,3.7,Mild,3,0,0,66.75
55,0,3.6,337.4,7.8,2,23.8,58,1,6.6,Mild,0,0,0,42.70886075949367
18,0,3.5,330.2,7.1,2,18.5,68,1,12.3,,4,1,1,45.861111111111114
40,1,1.3,122.5,7.5,2,25.0,74,1,14.2,,1,0,0,16.11842105263158
40,1,2.6,242.6,8.3,0,19.8,71,1,0.8,,2,0,0,28.88095238095238
25,1,0.9,88.5,7.0,2,22.7,63,1,11.2,,4,1,1,12.464788732394366
40,0,6.5,621.4,6.2,2,34.9,66,1,4.8,Mild,1,0,0,98.63492063492063
50,1,0.8,77.2,8.5,0,25.3,62,1,1.6,,0,0,0,8.976744186046512
18,0,1.2,114.9,7.0,2,24.3,69,1,11.3,,1,0,0,16.183098591549296
41,0,4.9,466.0,5.0,1,19.0,71,2,7.1,Mild,3,0,1,91.37254901960785
18,0,2.3,222.6,5.6,1,16.5,92,2,3.1,Mild,0,0,0,39.05263157894737
23,0,3.4,323.6,6.2,2,20.7,68,1,10.8,,1,0,0,51.36507936507937
54,1,2.4,225.9,7.1,2,21.7,50,1,3.3,Mild,3,0,0,31.375000000000004
28,0,1.5,139.3,7.9,2,20.2,62,1,9.4,,3,0,0,17.4125
20,0,1.5,139.4,9.7,0,21.2,63,1,5.0,,2,0,1,14.22448979591837
32,2,3.8,360.4,6.1,2,18.0,73,1,3.4,,2,0,0,58.12903225806452
59,0,2.8,269.9,4.9,3,22.5,65,0,0.6,Moderate,1,0,0,53.98
18,0,4.3,408.9,4.4,3,16.7,90,0,2.3,Mild,3,0,0,90.86666666666666
22,1,4.3,407.1,6.1,2,24.6,71,1,14.0,,4,0,0,65.66129032258065
52,0,3.4,319.7,6.5,2,19.9,65,1,6.8,Mild,3,0,0,48.43939393939394
57,0,4.1,386.8,7.1,2,23.2,67,1,12.7,Mild,0,1,0,53.72222222222223
33,0,3.3,314.0,9.4,0,25.5,69,1,11.4,,1,0,1,33.05263157894737
20,0,3.1,291.7,7.3,2,19.6,79,1,10.4,,1,0,1,39.41891891891892
60,1,2.0,191.3,6.8,2,19.0,67,1,11.1,Mild,2,0,0,27.724637681159425
54,0,0.0,0.0,8.2,0,25.0,72,1,2.5,Mild,3,0,0,0.0
43,2,1.5,147.1,4.9,3,20.1,72,0,3.7,Mild,2,0,0,29.419999999999998
25,1,4.7,443.7,6.6,2,21.1,59,1,11.7,,3,0,0,66.22388059701493
34,0,2.9,278.6,4.6,3,21.8,75,0,10.0,Mild,1,1,1,59.27659574468086
33,1,1.9,180.2,8.4,0,28.8,75,1,12.2,,0,0,0,21.2
38,0,4.3,408.7,4.7,3,30.8,77,0,10.3,Moderate,0,0,0,85.14583333333333
52,1,1.8,173.7,7.9,2,20.1,67,1,11.8,Mild,0,0,1,21.7125
45,0,3.6,338.4,7.4,2,19.8,69,1,8.7,,1,0,1,45.12
22,1,4.5,427.0,8.1,0,17.9,67,1,12.3,,2,0,0,52.07317073170732
51,0,3.4,324.0,5.4,1,26.4,79,2,4.9,Moderate,3,0,1,58.90909090909091
38,1,4.1,388.8,6.3,2,26.4,59,1,1.0,,2,0,0,60.75000000000001
43,1,3.2,304.8,7.7,2,28.7,72,1,3.0,,1,0,0,39.07692307692308
52,0,0.0,0.0,7.4,2,32.3,93,1,2.3,Moderate,2,0,0,0.0
21,1,4.5,424.3,6.9,2,23.6,73,1,7.1,,4,0,0,60.614285714285714
34,0,3.7,351.8,7.3,2,18.7,87,1,13.6,,3,0,0,47.54054054054055
28,2,2.0,194.1,6.3,2,27.8,67,1,4.7,,1,0,0,30.328125
18,0,1.6,153.8,5.6,1,20.3,73,2,7.8,Mild,4,0,1,26.982456140350884
39,0,2.7,255.1,5.6,1,18.4,63,2,12.2,Mild,2,1,0,44.75438596491229
65,1,0.7,66.6,6.8,2,29.9,54,1,13.1,Mild,0,0,0,9.652173913043478
18,1,3.9,371.9,5.5,1,15.0,65,2,4.2,Mild,2,0,0,66.41071428571429
34,0,2.3,216.0,6.3,2,28.3,64,1,7.8,,1,1,1,33.75
42,1,1.2,109.4,6.8,2,25.6,63,1,3.8,,0,1,1,15.855072463768119
36,0,3.5,332.2,8.3,0,22.0,77,1,6.3,,2,0,0,39.547619047619044
33,1,3.2,305.2,5.2,1,26.3,68,2,5.9,Mild,1,0,0,57.58490566037736
19,0,3.7,353.9,5.5,1,26.0,65,2,1.0,Mild,4,0,0,63.19642857142857
37,1,0.6,54.5,6.9,2,20.9,66,1,0.4,,4,0,0,7.785714285714286
25,0,3.6,342.5,5.2,1,22.3,66,2,9.3,Mild,0,0,0,64.62264150943396
18,1,5.2,492.1,3.0,3,34.6,69,0,2.6,Moderate,2,1,0,158.74193548387098
49,1,2.4,231.4,5.9,1,27.3,85,2,2.2,Mild,4,0,0,38.56666666666667
46,0,2.3,222.3,6.3,2,32.7,81,1,5.4,Mild,2,0,0,34.73437500000001
35,1,0.4,39.4,7.2,2,23.1,50,1,3.5,,4,1,0,5.397260273972603
37,0,2.6,249.2,5.4,1,21.2,66,2,11.2,Mild,1,0,1,45.309090909090905
47,0,1.0,91.7,8.9,0,25.7,78,1,9.7,,0,0,0,10.18888888888889
37,1,4.3,403.9,7.3,2,21.8,73,1,14.4,,0,0,0,54.58108108108108
45,0,6.1,583.3,4.7,3,24.6,67,0,6.0,Mild,3,0,0,121.52083333333333
31,1,6.2,586.9,5.3,1,20.3,56,2,0.4,Mild,4,0,1,108.68518518518519
50,0,1.2,115.5,6.0,1,23.5,78,2,12.7,Mild,4,1,0,18.934426229508198
38,0,1.4,132.4,5.5,1,18.9,74,2,1.8,Mild,3,0,0,23.642857142857146
37,0,3.4,323.7,7.9,2,23.2,50,1,4.0,,2,0,0,40.4625
19,1,2.2,204.7,5.4,1,25.9,50,2,9.5,Mild,0,0,0,37.21818181818182
38,1,2.5,239.5,6.7,2,25.1,75,1,6.9,,0,0,1,35.220588235294116
25,0,6.2,587.2,5.5,1,26.1,81,2,10.4,Mild,0,0,0,104.85714285714288
27,1,0.9,83.1,6.6,2,21.0,69,1,2.9,,1,0,0,12.402985074626866
25,1,2.9,275.5,7.8,2,23.2,90,1,8.8,,2,1,0,34.87341772151899
22,0,3.1,291.8,6.9,2,19.5,75,1,6.8,,3,0,0,41.68571428571429
60,0,4.1,387.1,6.8,2,26.7,69,1,8.8,Mild,0,0,0,56.10144927536233
50,1,1.2,114.6,7.2,2,32.9,75,1,13.2,Mild,4,1,1,15.698630136986301
58,1,4.7,448.9,6.9,2,23.3,59,1,8.0,Mild,4,0,0,64.12857142857142
20,1,2.9,274.9,5.3,1,21.9,65,2,11.1,Mild,2,0,0,50.907407407407405
35,1,1.3,119.4,6.0,1,15.0,58,2,11.2,Mild,1,0,0,19.57377049180328
19,1,2.2,211.8,7.1,2,21.4,78,1,9.9,,3,0,0,29.41666666666667
26,1,4.0,380.4,5.5,1,27.0,81,2,7.3,Mild,0,1,0,67.92857142857143
23,2,5.6,534.3,5.7,1,25.3,78,2,0.1,Mild,3,0,1,92.12068965517241
49,0,2.0,187.4,7.0,2,27.7,73,1,1.8,,3,0,0,26.3943661971831
30,1,5.7,539.0,7.5,2,30.9,52,1,8.1,Mild,4,0,0,70.92105263157895
47,1,4.4,414.5,7.4,2,22.4,87,1,0.7,,1,1,0,55.266666666666666
42,0,1.7,164.7,8.7,0,20.2,50,1,0.7,,0,0,0,18.715909090909093
62,1,3.4,323.3,6.7,2,26.9,72,1,1.9,Mild,4,1,1,47.544117647058826
18,0,3.8,361.8,6.6,2,24.3,65,1,3.5,,4,0,0,54.00000000000001
50,0,2.1,203.3,5.9,1,19.8,67,2,15.0,Mild,4,0,0,33.88333333333333
48,0,1.5,145.7,7.4,2,18.9,64,1,1.8,,4,0,0,19.426666666666666
23,1,2.3,218.5,8.2,0,27.5,71,1,4.1,,3,0,0,26.32530120481928
47,0,1.9,182.3,6.0,2,24.8,85,1,10.2,,1,0,1,29.885245901639347
39,0,2.9,276.8,7.1,2,18.9,71,1,10.2,,3,0,0,38.44444444444445
32,0,5.8,548.5,7.5,2,24.7,73,1,13.1,,1,1,1,72.17105263157895
25,0,3.2,302.9,5.5,1,19.5,66,2,9.2,Mild,1,1,0,54.089285714285715
26,1,5.2,495.3,6.9,2,26.7,65,1,4.0,,0,0,0,70.75714285714285
59,1,3.4,318.5,7.2,2,27.8,77,1,3.6,Mild,3,0,1,43.63013698630137
35,0,6.8,649.8,3.3,3,27.9,74,0,12.4,Mild,2,0,0,191.1176470588235
44,0,1.3,121.6,6.2,2,25.4,76,1,1.5,,1,0,0,19.3015873015873
25,0,0.0,0.0,5.7,1,25.0,82,2,7.2,Mild,2,1,0,0.0
25,0,2.9,276.4,5.9,1,23.4,64,2,7.2,Mild,4,0,1,46.06666666666666
47,1,3.1,294.4,6.0,2,20.6,89,1,11.1,,1,1,1,48.26229508196721
18,1,4.9,462.1,6.2,2,28.8,74,1,14.9,,1,0,0,73.34920634920636
30,0,5.4,508.9,7.3,2,26.6,72,1,7.4,,3,0,0,68.77027027027027
35,1,0.2,15.3,8.4,0,20.7,74,1,11.6,,1,0,1,1.8
36,0,2.2,213.0,6.9,2,17.7,76,1,12.8,,2,0,0,30.428571428571427
32,1,2.7,257.3,8.2,0,21.8,76,1,0.5,,1,1,0,31.000000000000007
39,0,0.8,73.1,7.9,2,29.3,87,1,9.5,,0,0,0,9.1375
43,0,2.3,217.6,6.6,2,26.0,63,1,13.3,,0,0,0,32.47761194029851
43,1,4.1,392.9,8.1,0,24.9,53,1,10.8,,3,0,0,47.91463414634146
23,1,4.2,403.1,6.4,2,29.3,63,1,11.6,,0,0,0,62.01538461538462
31,0,3.1,290.9,6.8,2,15.8,68,1,12.2,,1,0,1,42.15942028985507
49,2,5.0,479.2,5.1,1,23.7,59,2,0.3,Mild,0,0,0,92.15384615384616
45,0,3.0,287.2,7.0,2,28.9,66,1,13.9,,4,0,1,40.45070422535211
18,1,4.4,419.8,6.8,2,20.0,59,1,13.6,,3,0,0,60.84057971014494
39,1,1.2,118.0,7.9,2,20.5,55,1,9.0,,1,0,1,14.75
18,1,1.3,127.5,6.5,2,23.2,77,1,5.2,,0,0,0,19.31818181818182
35,1,5.6,533.5,5.3,1,21.9,82,2,5.5,Mild,4,0,0,98.7962962962963
57,0,1.8,168.0,7.2,2,22.5,66,1,8.0,Mild,0,0,0,23.013698630136986
23,0,4.0,381.9,7.3,2,24.6,83,1,4.4,,0,0,0,51.608108108108105
24,1,1.7,162.4,6.3,2,21.7,80,1,8.5,,0,0,0,25.375000000000004
44,1,3.1,293.1,5.5,1,22.7,61,2,9.3,Mild,1,0,0,52.33928571428572
18,1,2.3,218.2,6.2,2,20.7,71,1,10.9,,3,0,0,34.63492063492063
27,0,3.6,339.5,8.4,0,23.2,64,1,1.0,,4,0,0,39.94117647058823
42,0,3.6,338.8,5.3,1,24.8,74,2,1.0,Mild,3,0,1,62.74074074074075
27,0,1.5,143.2,5.6,1,24.4,67,2,13.8,Mild,3,0,0,25.12280701754386
32,1,3.6,344.4,8.7,0,21.6,89,1,11.2,,2,1,0,39.13636363636364
43,0,0.8,74.7,6.7,2,21.0,55,1,5.1,,4,0,0,10.98529411764706
40,1,5.1,483.4,4.8,3,22.5,63,0,0.4,Mild,1,0,1,98.6530612244898
38,1,3.0,288.7,4.8,3,22.3,73,0,9.1,Mild,1,0,1,58.91836734693878
30,0,0.0,0.0,7.7,2,19.5,71,1,3.7,,2,1,0,0.0
39,0,0.5,51.0,7.3,2,20.1,61,1,0.9,,2,0,0,6.891891891891892
33,1,3.5,335.0,7.2,2,26.0,64,1,11.3,,2,0,0,45.89041095890411
40,1,3.9,374.4,5.4,1,15.0,68,2,14.7,Mild,2,0,1,68.07272727272726
29,1,1.9,181.8,5.3,1,26.3,61,2,11.2,Mild,1,0,0,33.66666666666667
32,1,2.7,259.9,7.2,2,25.4,65,1,1.7,,1,0,1,35.602739726027394
23,0,3.6,340.9,5.2,1,27.5,70,2,5.5,Mild,0,0,1,64.32075471698113
34,0,4.5,424.3,6.1,2,23.6,67,1,3.7,,3,0,0,68.43548387096776
25,1,3.9,366.9,5.4,1,28.6,64,2,5.6,Mild,3,0,0,66.7090909090909
21,1,1.7,157.6,8.7,0,27.6,74,1,8.4,,3,0,0,17.90909090909091
38,1,4.5,431.9,7.4,2,33.6,61,1,9.5,Mild,3,1,0,57.586666666666666
37,0,0.0,0.0,10.0,0,33.2,72,1,4.6,Mild,1,0,0,0.0
44,1,2.1,197.6,7.5,2,20.8,69,1,10.1,,1,0,1,26.0
29,0,3.4,325.9,6.9,2,36.8,57,1,10.3,Mild,2,0,0,46.55714285714286
39,1,0.7,65.6,7.7,2,30.1,58,1,14.9,Mild,1,0,0,8.41025641025641
41,0,2.6,245.3,4.7,3,23.1,50,0,7.2,Mild,1,0,1,51.10416666666667
40,0,3.3,316.3,4.4,3,18.9,80,0,4.9,Mild,0,0,1,70.28888888888889
25,0,1.3,127.0,7.7,2,22.0,67,1,12.9,,4,0,0,16.28205128205128
36,0,2.8,264.6,5.9,1,22.4,74,2,2.5,Mild,2,1,0,44.1
39,0,0.7,63.2,6.9,2,26.2,78,1,6.7,,2,1,0,9.028571428571428
35,0,4.0,380.8,4.4,3,20.4,62,0,9.4,Mild,0,0,0,84.62222222222222
18,1,3.3,313.5,5.9,1,23.8,66,2,2.1,Mild,4,0,0,52.25
36,1,3.6,342.8,6.0,2,26.8,66,1,0.8,,1,1,1,56.196721311475414
61,1,2.4,227.6,7.8,2,20.1,81,1,6.0,Mild,2,0,0,28.810126582278482
30,0,0.0,0.1,7.2,2,23.5,75,1,5.2,,4,1,0,0.013698630136986302
26,0,2.3,218.6,5.0,3,20.8,66,0,11.2,Mild,3,0,0,42.86274509803922
39,1,5.1,483.5,5.6,1,31.1,87,2,8.0,Moderate,2,0,0,84.82456140350878
38,0,4.0,382.3,7.7,2,21.2,54,1,0.3,,4,0,0,49.01282051282052
49,0,5.1,486.2,5.7,1,25.3,78,2,13.8,Mild,3,0,0,83.82758620689656
19,0,2.6,245.4,7.7,2,19.6,64,1,12.9,,3,0,0,31.461538461538463
43,0,1.5,138.9,6.1,2,20.7,61,1,1.1,,1,0,1,22.403225806451616
42,0,3.4,321.1,6.9,2,22.4,89,1,3.8,,4,0,0,45.871428571428574
33,1,2.2,210.1,6.7,2,18.9,93,1,9.4,,2,0,0,30.897058823529413
39,1,1.7,158.0,6.6,2,24.6,90,1,2.7,,2,0,1,23.58208955223881
47,0,0.0,0.0,5.4,1,17.9,65,2,14.6,Mild,4,0,1,0.0
45,1,3.0,285.1,4.6,3,24.2,68,0,6.3,Mild,0,1,0,60.65957446808512
21,1,3.9,371.0,6.7,2,24.3,77,1,10.6,,0,0,0,54.55882352941177
44,0,0.8,71.5,6.9,2,24.6,79,1,7.7,,1,1,1,10.214285714285714
34,0,4.7,449.7,5.7,1,27.3,57,2,4.6,Mild,1,0,1,77.53448275862068
35,0,2.9,273.1,5.5,1,28.1,79,2,10.5,Mild,0,0,0,48.76785714285715
35,1,2.7,253.2,8.2,0,20.5,60,1,7.1,,3,0,0,30.506024096385545
33,0,0.7,63.7,8.1,0,25.6,67,1,9.5,,3,0,0,7.76829268292683
49,1,3.3,312.7,7.4,2,24.0,71,1,5.9,,0,0,0,41.693333333333335
33,1,0.8,73.2,8.8,0,27.8,68,1,15.0,,2,0,1,8.224719101123595
21,0,1.1,101.4,5.5,1,22.0,61,2,3.1,Mild,0,0,0,18.107142857142858
30,1,0.0,0.0,7.3,2,17.1,65,1,2.7,,2,0,0,0.0
37,1,6.6,622.3,4.3,3,23.2,76,0,0.1,Mild,2,0,0,141.4318181818182
49,0,2.4,230.6,6.2,2,23.8,72,1,13.1,,3,0,0,36.6031746031746
42,1,1.6,150.6,6.4,2,28.7,78,1,2.4,,3,0,1,23.16923076923077
24,0,2.4,231.5,5.8,1,27.4,55,2,3.7,Mild,3,0,0,39.237288135593225
64,0,1.7,166.0,6.7,2,19.0,77,1,3.1,Mild,2,0,0,24.411764705882355
38,2,2.2,212.0,9.2,0,28.6,85,1,14.7,,2,0,0,22.795698924731184
50,1,3.1,290.5,6.9,2,20.3,81,1,12.8,,1,0,0,41.5
33,0,1.9,179.6,7.9,2,20.6,50,1,11.2,,0,0,0,22.45
41,1,2.7,255.2,6.7,2,24.6,72,1,5.8,,3,0,1,37.529411764705884
45,0,6.0,569.9,4.1,3,24.8,73,0,0.1,Mild,4,0,1,135.6904761904762
49,1,0.0,0.0,6.2,2,23.4,62,1,14.5,,4,0,0,0.0
47,1,0.8,75.3,6.2,2,23.4,81,1,3.0,,2,0,1,11.952380952380953
45,0,3.2,307.8,6.5,2,18.8,77,1,1.0,,1,0,0,46.63636363636364
31,1,4.6,432.5,7.0,2,23.6,74,1,5.7,,0,0,0,60.91549295774648
28,1,7.0,663.9,7.0,2,28.9,64,1,4.2,,2,0,1,93.50704225352113
38,1,3.1,296.6,7.0,2,23.7,71,1,14.2,,0,0,0,41.77464788732395
46,0,0.7,63.8,8.2,0,31.2,82,1,0.4,Mild,2,1,0,7.686746987951808
32,1,4.8,452.0,5.5,1,24.0,88,2,14.7,Mild,3,0,1,80.71428571428572
47,1,2.7,255.3,7.3,2,20.6,67,1,8.8,,1,0,1,34.50000000000001
52,1,2.6,249.7,7.2,2,20.4,65,1,4.5,Mild,3,0,1,34.205479452054796
24,0,0.0,0.0,8.1,0,28.3,74,1,13.0,,3,0,0,0.0
24,0,4.3,404.0,5.5,1,25.2,60,2,6.3,Mild,4,0,0,72.14285714285715
33,1,1.1,106.2,9.0,0,18.4,50,1,8.0,,4,0,0,11.670329670329672
38,1,3.4,318.3,5.6,1,24.6,68,2,2.1,Mild,4,0,0,55.842105263157904
28,1,2.6,247.1,6.1,2,26.2,76,1,13.2,,4,0,0,39.85483870967742
51,1,2.8,265.9,7.5,2,18.8,63,1,13.2,Mild,2,0,0,34.98684210526316
40,1,2.6,244.9,4.7,3,23.1,77,0,11.3,Mild,2,0,0,51.020833333333336
35,1,1.4,130.0,5.7,1,20.6,66,2,10.9,Mild,1,0,0,22.413793103448278
18,0,1.2,117.7,6.9,2,22.2,75,1,3.0,,4,0,1,16.814285714285713
19,0,3.9,372.6,4.2,3,20.0,77,0,6.6,Mild,4,0,0,86.65116279069768
38,1,2.5,235.2,5.7,1,16.2,81,2,1.4,Mild,2,1,0,40.55172413793103
18,0,1.5,144.2,6.9,2,18.4,62,1,8.9,,0,0,1,20.599999999999998
47,0,1.7,164.5,5.8,1,28.0,62,2,3.2,Mild,3,0,0,27.88135593220339
33,0,3.5,335.5,8.6,0,21.7,60,1,4.5,,1,1,0,38.5632183908046
73,0,1.5,140.9,7.6,2,31.2,74,1,12.2,Moderate,2,0,0,18.2987012987013
62,1,4.9,464.9,6.8,2,19.8,84,1,14.8,Mild,2,0,0,67.3768115942029
32,1,2.3,215.3,6.8,2,25.0,81,1,5.7,,3,0,1,31.20289855072464
33,0,2.0,187.7,7.6,2,24.9,60,1,11.9,,1,1,0,24.376623376623378
46,1,3.4,325.5,6.6,2,23.9,73,1,2.0,,2,0,0,48.58208955223881
55,1,2.1,197.0,5.5,1,28.6,82,2,7.9,Moderate,4,0,0,35.17857142857143
18,1,3.1,291.9,6.9,2,18.9,75,1,8.3,,4,1,0,41.699999999999996
18,1,2.4,229.6,5.8,1,28.4,57,2,13.3,Mild,2,0,0,38.91525423728814
27,0,0.0,0.0,7.5,2,22.6,88,1,3.6,,0,0,0,0.0
41,1,0.9,85.4,7.2,2,25.8,82,1,1.0,,0,0,1,11.698630136986303
40,1,2.9,279.2,5.8,1,23.4,70,2,5.2,Mild,0,0,0,47.32203389830509
47,1,1.8,173.2,9.2,0,29.9,69,1,11.2,,4,0,0,18.623655913978496
20,1,5.6,530.9,7.7,2,20.4,74,1,0.7,,4,0,0,68.06410256410257
18,0,1.3,125.4,6.7,2,18.0,84,1,2.2,,3,0,0,18.441176470588236
45,1,0.5,50.9,7.5,2,26.8,65,1,0.7,,0,0,1,6.697368421052632
25,0,2.6,243.2,7.0,2,24.6,86,1,7.4,,3,0,0,34.25352112676056
18,0,2.9,273.3,5.9,1,25.4,68,2,12.4,Mild,2,1,1,45.550000000000004
36,0,3.8,363.4,7.1,2,29.0,83,1,4.0,,2,1,0,50.47222222222222
44,1,0.0,0.0,6.8,2,24.9,68,1,0.5,,1,0,0,0.0
33,1,4.8,452.3,4.6,3,22.9,78,0,2.6,Mild,1,0,0,96.2340425531915
29,0,0.5,51.0,6.3,2,23.9,64,1,1.3,,1,0,0,7.968750000000001
33,0,4.1,392.7,5.8,1,31.9,69,2,8.3,Moderate,1,0,0,66.55932203389831
30,1,5.4,516.4,3.9,3,25.3,75,0,7.5,Mild,4,0,0,129.1
18,1,3.6,343.9,8.1,0,27.1,75,1,3.7,,3,0,0,41.9390243902439
26,0,0.8,74.1,6.3,2,20.8,52,1,12.6,,4,1,0,11.578125
41,0,2.2,210.0,6.2,2,27.4,64,1,6.2,,2,0,1,33.333333333333336
38,1,3.6,345.2,9.2,0,22.4,81,1,14.5,,0,0,0,37.11827956989248
37,0,2.5,242.2,5.4,1,17.0,63,2,3.5,Mild,0,1,1,44.03636363636363
23,0,0.9,88.0,6.7,2,24.8,82,1,9.3,,3,1,1,12.941176470588236
32,0,2.6,251.7,4.7,3,24.5,65,0,11.9,Mild,3,0,0,52.4375
18,0,1.7,163.9,6.0,1,25.4,72,2,2.8,Mild,2,0,1,26.868852459016395
37,1,3.4,323.3,5.9,1,22.9,68,2,11.9,Mild,4,0,0,53.88333333333333
52,0,0.9,86.2,8.2,0,28.2,84,1,13.3,Mild,0,0,0,10.3855421686747
18,0,0.0,0.0,6.0,1,25.2,90,2,10.0,Mild,4,0,0,0.0
27,0,1.0,92.6,7.9,2,22.7,63,1,13.4,,2,0,0,11.575
38,1,0.0,0.0,10.0,0,28.3,71,1,5.9,,4,1,1,0.0
50,0,1.6,148.0,8.9,0,25.5,60,1,6.0,,0,1,0,16.444444444444443
29,1,3.5,333.1,3.1,3,24.6,62,0,0.3,Mild,2,0,1,104.09375
26,1,1.9,181.4,7.3,2,22.1,81,1,12.0,,4,0,0,24.513513513513516
18,0,2.5,234.0,8.5,0,31.9,70,1,0.5,Mild,4,0,0,27.209302325581397
36,0,1.0,94.3,5.9,1,20.0,71,2,4.0,Mild,4,0,0,15.716666666666667
59,0,2.5,240.3,6.5,2,22.6,74,1,9.3,Mild,4,0,0,36.409090909090914
38,1,1.1,101.3,6.5,2,22.6,64,1,9.1,,3,0,1,15.34848484848485
34,0,0.7,68.1,8.0,0,23.3,56,1,7.2,,2,0,0,8.407407407407407
38,1,2.2,205.3,6.1,2,26.4,60,1,9.3,,2,0,0,33.112903225806456
34,0,1.5,141.1,9.1,0,25.7,64,1,4.8,,4,0,0,15.33695652173913
25,1,0.0,0.0,8.5,0,26.2,83,1,3.1,,4,0,0,0.0
44,0,2.4,226.2,4.8,3,23.6,74,0,4.4,Mild,3,0,1,46.163265306122454
37,0,1.0,98.7,5.0,3,28.6,70,0,3.7,Mild,0,0,0,19.35294117647059
35,1,0.9,88.9,7.1,2,20.9,56,1,6.4,,3,0,0,12.347222222222225
23,1,4.6,436.4,6.1,2,20.6,58,1,11.4,,4,0,0,70.38709677419355
50,0,3.8,359.2,6.3,2,19.1,65,1,4.9,,4,0,0,56.125
42,0,3.1,290.9,5.9,1,22.2,69,2,5.3,Mild,4,0,0,48.48333333333333
28,0,2.6,246.1,5.3,1,24.4,63,2,10.5,Mild,4,1,0,45.574074074074076
47,0,3.4,323.8,6.5,2,21.8,63,1,13.7,,3,0,0,49.06060606060606
29,1,1.9,181.6,7.3,2,22.0,65,1,3.9,,4,0,0,24.54054054054054
25,1,2.6,248.8,7.9,2,28.4,64,1,11.0,,0,1,0,31.1
25,1,1.9,180.0,8.2,0,21.2,68,1,9.4,,1,0,0,21.68674698795181
18,1,2.7,253.5,6.6,2,22.7,73,1,7.8,,0,1,0,37.83582089552239
40,0,2.9,278.2,7.0,2,25.5,79,1,0.3,,4,1,1,39.183098591549296
18,1,2.8,269.3,4.6,3,17.3,60,0,5.7,Mild,3,0,1,57.29787234042554
20,0,1.9,185.1,7.6,2,19.2,70,1,3.1,,4,0,0,24.03896103896104
18,0,3.5,335.9,8.1,0,27.0,92,1,2.1,,3,0,1,40.96341463414634
33,0,2.2,208.7,7.5,2,16.6,67,1,4.1,,1,0,1,27.460526315789473
33,0,2.2,205.0,6.6,2,18.1,70,1,9.8,,2,1,0,30.597014925373138
31,1,0.0,0.0,5.9,1,17.4,61,2,8.1,Mild,0,0,1,0.0
22,0,1.2,116.2,5.7,1,22.6,77,2,6.6,Mild,1,1,0,20.03448275862069
20,1,3.8,360.9,6.2,2,18.9,65,1,2.2,,4,1,1,57.285714285714285
40,1,3.7,349.2,7.0,2,20.6,91,1,11.7,,3,0,0,49.183098591549296
28,0,2.5,234.4,4.1,3,28.6,66,0,7.2,Mild,3,0,0,55.80952380952382
38,1,1.7,158.0,5.2,1,23.2,67,2,9.7,Mild,2,0,0,29.81132075471698
24,2,2.7,259.1,7.7,2,24.9,74,1,0.6,,1,0,0,33.21794871794872
37,0,0.0,0.0,9.1,0,25.4,95,1,13.4,,0,0,0,0.0
50,0,2.7,257.4,6.4,2,28.2,58,1,7.8,,3,0,1,39.599999999999994
42,1,0.6,59.8,7.7,2,22.1,80,1,5.2,,0,1,0,7.666666666666666
30,0,2.4,224.6,6.5,2,23.7,74,1,12.4,,4,1,0,34.03030303030303
38,1,2.8,267.8,6.7,2,23.1,51,1,12.2,,3,0,0,39.38235294117647
32,0,2.0,187.7,5.4,1,20.0,68,2,3.3,Mild,3,0,1,34.127272727272725
35,1,3.6,343.9,7.1,2,23.4,72,1,5.6,,1,0,0,47.76388888888889
31,0,1.6,147.4,5.9,1,25.2,71,2,9.1,Mild,2,0,0,24.566666666666666
33,1,1.4,133.7,7.1,2,27.5,84,1,15.0,,4,0,1,18.569444444444446
37,1,3.4,326.5,7.4,2,20.5,63,1,11.8,,2,0,0,43.53333333333333
23,1,2.0,186.2,7.5,2,28.3,57,1,0.7,,1,0,1,24.5
22,1,4.5,429.4,5.4,1,22.4,54,2,11.0,Mild,0,0,1,78.07272727272726
18,0,2.5,239.4,6.9,2,28.9,81,1,7.4,,1,0,1,34.2
18,1,3.3,316.1,5.8,1,23.9,81,2,0.3,Mild,1,0,0,53.576271186440685
20,1,3.9,370.2,7.3,2,25.1,72,1,6.8,,1,1,0,50.02702702702703
36,0,2.4,227.3,7.6,2,22.5,63,1,4.9,,3,0,0,29.519480519480524
24,1,0.2,19.9,7.9,2,30.3,69,1,1.6,Mild,4,0,0,2.4875
41,1,3.4,326.9,8.3,0,20.4,100,1,8.0,,0,1,0,38.916666666666664
35,0,4.3,407.5,7.0,2,28.1,71,1,14.1,,2,1,0,57.3943661971831
18,1,2.1,199.7,8.6,0,19.6,74,1,13.1,,0,0,0,22.95402298850575
42,1,4.0,379.0,7.3,2,21.3,53,1,8.4,,3,0,1,51.21621621621622
44,1,0.7,71.1,6.1,2,30.8,74,1,3.1,Mild,3,0,0,11.467741935483872
23,1,2.7,258.8,6.9,2,26.5,78,1,1.7,,2,0,0,36.971428571428575
40,0,2.1,196.8,8.0,0,25.1,65,1,10.3,,3,0,0,24.296296296296298
24,1,0.1,12.8,8.4,0,24.8,67,1,5.9,,2,0,0,1.5058823529411764
36,0,3.1,294.3,6.1,2,28.4,76,1,7.8,,3,0,0,47.46774193548388
19,1,1.2,110.9,6.4,2,25.5,68,1,11.7,,1,0,0,17.06153846153846
18,1,3.1,291.1,7.3,2,24.1,82,1,9.0,,3,0,0,39.337837837837846
30,1,1.0,95.3,6.0,1,25.8,57,2,1.2,Mild,2,0,1,15.622950819672132
33,0,0.0,0.0,6.8,2,23.2,71,1,14.8,,2,0,0,0.0
30,0,1.4,135.7,7.0,2,22.4,76,1,2.2,,2,0,0,19.112676056338028
20,0,4.1,385.0,6.3,2,21.1,73,1,14.7,,4,0,0,60.15625000000001
30,2,2.3,214.7,7.7,2,19.8,60,1,7.6,,0,0,1,27.525641025641026
38,1,2.6,242.6,7.6,2,25.8,80,1,12.6,,0,0,1,31.50649350649351
34,1,2.7,257.4,6.9,2,23.4,57,1,1.9,,1,0,1,36.771428571428565
37,1,2.7,252.0,5.3,1,17.5,62,2,12.9,Mild,2,0,0,46.66666666666667
26,1,5.3,504.6,8.0,2,22.4,72,1,1.9,,4,0,0,62.296296296296305
49,1,2.4,231.6,5.8,1,25.2,76,2,13.4,Mild,4,1,1,39.2542372881356
20,1,0.0,0.0,6.4,2,21.2,61,1,6.6,,4,1,1,0.0
40,1,1.9,184.5,5.8,1,25.2,54,2,12.9,Mild,2,0,1,31.27118644067797
49,1,2.6,247.2,4.9,3,15.1,75,0,4.1,Mild,4,0,1,49.44
40,1,0.6,57.8,8.1,0,30.2,52,1,10.6,Mild,4,0,0,7.048780487804878
32,1,2.1,203.6,8.9,0,25.1,74,1,11.6,,0,0,1,22.62222222222222
28,0,2.2,205.4,5.2,1,16.3,74,2,7.5,Mild,3,0,0,38.75471698113208
47,1,5.2,490.6,4.1,3,15.0,88,0,13.0,Mild,3,0,0,116.80952380952384
18,0,1.5,140.9,7.0,2,25.0,76,1,10.2,,3,0,0,19.845070422535212
23,0,3.9,372.8,6.9,2,20.2,66,1,4.7,,2,0,0,53.25714285714286
30,1,2.3,216.7,4.1,3,25.2,73,0,13.9,Mild,1,0,0,51.5952380952381
49,1,3.8,360.1,5.2,1,27.4,80,2,5.1,Mild,1,0,0,67.9433962264151
39,1,4.6,436.4,7.9,2,20.9,75,1,11.0,,0,0,0,54.55
23,0,3.1,291.8,7.3,2,26.9,70,1,10.4,,1,0,0,39.432432432432435
31,1,2.4,229.3,8.2,0,27.6,83,1,2.0,,1,0,0,27.62650602409639
27,1,4.2,401.2,5.1,1,25.8,61,2,6.4,Mild,3,0,1,77.15384615384616
26,1,0.3,29.0,7.0,2,29.3,55,1,8.6,,3,0,1,4.084507042253521
46,0,2.8,262.2,6.5,2,20.3,51,1,2.8,,2,0,0,39.72727272727273
18,1,0.6,59.9,8.2,0,18.6,84,1,1.5,,1,0,1,7.216867469879519
54,0,3.7,351.5,5.7,1,17.4,63,2,8.2,Moderate,2,0,0,60.60344827586207
44,0,2.6,251.5,6.0,1,24.2,68,2,2.3,Mild,4,1,1,41.22950819672131
48,0,2.4,227.2,7.3,2,25.8,72,1,11.8,,0,0,0,30.7027027027027
29,0,1.9,184.8,7.7,2,26.5,63,1,12.8,,0,0,0,23.692307692307693
33,1,3.5,333.9,5.9,1,23.8,83,2,1.4,Mild,4,0,1,55.65
18,0,0.0,0.0,7.3,2,25.3,81,1,10.5,,0,0,0,0.0
28,0,5.4,508.6,7.3,2,25.3,78,1,11.0,,1,0,0,68.72972972972974
40,1,2.3,217.2,7.0,2,25.7,70,1,1.0,,2,0,0,30.591549295774648
50,1,0.6,52.3,6.4,2,26.1,64,1,8.9,,1,0,1,8.046153846153846
21,0,0.0,0.0,7.4,2,27.6,59,1,9.3,,0,0,0,0.0
30,0,2.2,213.5,7.4,2,19.0,73,1,7.7,,1,1,0,28.466666666666665
33,0,2.8,270.3,6.7,2,21.1,65,1,10.3,,0,0,0,39.75
18,0,3.0,281.0,7.2,2,25.9,77,1,3.7,,2,1,0,38.49315068493151
42,0,0.3,30.8,8.1,0,17.4,60,1,3.9,,0,0,0,3.75609756097561
26,1,0.7,62.2,7.4,2,23.5,56,1,13.9,,4,0,1,8.293333333333333
32,0,4.5,430.7,7.4,2,28.1,81,1,10.2,,0,1,0,57.42666666666666
29,1,0.2,16.3,6.8,2,30.1,68,1,6.0,Mild,4,1,0,2.3623188405797104
25,0,2.7,253.4,6.0,2,26.6,77,1,10.1,,2,0,0,41.54098360655738
34,0,1.9,182.6,8.4,0,25.6,80,1,11.2,,0,0,0,21.48235294117647
32,0,1.7,161.1,4.1,3,27.8,66,0,4.5,Mild,2,1,1,38.35714285714286
30,1,2.1,198.5,7.2,2,25.7,52,1,7.8,,3,0,1,27.19178082191781
26,1,1.7,160.6,6.4,2,26.6,90,1,1.7,,3,1,0,24.707692307692305
38,1,1.6,155.9,7.6,2,31.5,88,1,9.0,Mild,0,0,1,20.24675324675325
54,0,4.0,379.8,5.0,3,24.2,75,0,10.3,Moderate,3,1,0,74.47058823529413
36,0,1.9,180.0,7.2,2,23.1,68,1,11.1,,1,0,0,24.65753424657534
46,1,0.7,63.8,7.6,2,29.3,64,1,14.4,,1,0,0,8.285714285714286
18,0,2.4,225.5,7.1,2,23.5,75,1,2.5,,4,0,1,31.319444444444446
36,0,0.9,86.6,5.8,1,25.9,77,2,1.0,Mild,3,0,1,14.677966101694915
21,1,0.9,82.6,6.2,2,27.1,69,1,14.1,,4,1,0,13.11111111111111
18,1,4.7,444.9,7.1,2,19.5,64,1,9.7,,3,1,0,61.79166666666667
26,0,2.2,211.4,6.5,2,23.9,81,1,8.4,,1,0,0,32.03030303030303
49,0,0.6,55.5,4.5,3,21.9,63,0,6.3,Mild,3,0,1,12.06521739130435
46,0,2.3,222.8,6.1,2,22.5,81,1,6.6,,1,0,1,35.93548387096775
37,0,2.6,246.6,8.0,0,27.4,68,1,4.5,,1,0,1,30.444444444444446
18,2,2.2,208.0,6.5,2,19.4,87,1,9.4,,2,1,0,31.515151515151516
32,1,1.8,167.9,5.2,1,22.9,60,2,0.2,Mild,1,0,0,31.67924528301887
38,0,0.4,39.8,6.5,2,25.1,87,1,8.2,,1,0,0,6.03030303030303
37,1,1.9,178.3,6.7,2,23.6,70,1,0.9,,4,1,0,26.22058823529412
18,1,1.3,124.4,5.9,1,25.4,71,2,10.9,Mild,3,0,0,20.733333333333334
24,1,2.3,220.1,8.3,0,26.3,64,1,14.4,,0,0,0,26.20238095238095
34,1,3.1,297.7,6.2,2,26.6,64,1,2.8,,0,0,1,47.25396825396825
41,0,5.1,487.1,6.0,1,28.4,62,2,4.1,Mild,1,0,0,79.85245901639345
18,0,3.7,347.9,6.3,2,33.4,63,1,8.1,Mild,3,0,0,54.359375
33,1,0.0,0.0,4.8,3,27.7,74,0,7.3,Mild,2,0,0,0.0
36,0,2.8,269.2,7.0,2,23.8,88,1,12.2,,0,0,0,37.91549295774648
45,0,4.8,453.5,5.6,1,25.8,81,2,1.9,Mild,4,0,0,79.56140350877195
43,0,2.3,217.2,3.7,3,22.7,70,0,8.3,Mild,4,0,1,57.157894736842096
41,0,4.8,459.2,4.5,3,28.4,70,0,13.8,Mild,4,0,0,99.82608695652175
25,1,0.8,80.1,6.8,2,25.2,89,1,10.0,,2,0,0,11.608695652173914
18,0,1.2,112.5,8.3,0,30.4,73,1,4.0,Mild,2,0,0,13.392857142857142
30,0,2.2,213.4,7.5,2,22.7,66,1,0.9,,2,1,1,28.078947368421055
47,0,2.3,216.7,7.3,2,22.9,78,1,6.3,,3,1,0,29.283783783783786
51,0,3.8,356.7,6.6,2,23.2,74,1,7.0,Mild,3,0,0,53.23880597014926
43,0,2.5,237.8,7.1,2,22.0,77,1,2.0,,3,0,0,33.027777777777786
40,0,2.3,222.0,6.8,2,26.2,87,1,7.2,,2,0,0,32.173913043478265
39,0,6.2,590.4,5.2,1,25.0,62,2,10.2,Mild,0,0,1,111.39622641509433
28,2,1.3,126.7,6.0,1,25.4,59,2,7.1,Mild,0,0,0,20.77049180327869
33,1,4.4,421.1,6.4,2,16.1,78,1,3.4,,0,0,0,64.78461538461539
55,1,3.1,296.7,5.6,1,20.1,76,2,14.4,Moderate,3,0,1,52.05263157894737
23,1,2.0,185.3,4.7,3,23.7,60,0,1.7,Mild,3,0,0,38.60416666666667
54,0,2.9,274.4,7.3,2,24.5,88,1,9.1,Mild,0,0,0,37.08108108108108
31,0,1.3,121.0,7.3,2,30.4,75,1,10.9,Mild,2,0,0,16.35135135135135
50,1,2.6,249.8,4.6,3,20.2,64,0,4.0,Mild,0,0,1,53.14893617021278
18,2,2.5,236.9,5.1,1,19.5,69,2,5.7,Mild,0,0,0,45.557692307692314
42,0,3.2,305.4,6.9,2,19.8,51,1,6.5,,1,0,0,43.628571428571426
26,0,2.3,220.9,5.3,1,24.4,74,2,9.7,Mild,3,0,0,40.90740740740741
18,1,5.0,474.9,6.3,2,26.9,60,1,7.7,,1,0,0,74.203125
37,0,1.2,111.8,7.8,2,21.8,67,1,2.9,,1,1,1,14.151898734177216
47,0,1.5,139.4,6.2,2,24.6,69,1,13.4,,4,0,1,22.12698412698413
24,0,2.9,271.6,7.4,2,19.3,90,1,5.5,,1,0,0,36.21333333333334
18,0,1.3,122.7,6.2,2,18.9,84,1,5.7,,2,0,0,19.476190476190478
33,0,3.5,333.4,6.1,2,22.2,50,1,12.0,,0,0,1,53.774193548387096
33,1,4.5,424.8,6.8,2,27.4,63,1,8.0,,4,0,1,61.56521739130435
41,0,1.7,163.5,7.5,2,21.2,74,1,3.5,,2,0,0,21.513157894736842
46,1,2.6,250.1,5.1,1,23.3,71,2,13.7,Mild,4,0,0,48.096153846153854
34,1,3.5,330.8,4.9,3,20.3,83,0,12.1,Mild,4,0,0,66.16
57,1,3.8,363.4,4.6,3,19.7,61,0,9.0,Moderate,4,0,1,77.31914893617022
37,1,7.7,733.1,7.9,2,25.8,72,1,7.7,,1,0,1,91.6375
30,1,0.5,44.0,6.4,2,21.7,62,1,10.1,,2,1,0,6.769230769230769
18,0,4.7,450.4,5.5,1,18.4,74,2,5.4,Mild,4,0,0,80.42857142857143
31,0,1.5,145.9,7.1,2,18.2,66,1,10.4,,4,0,1,20.263888888888893
30,1,1.6,152.0,4.8,3,28.0,78,0,0.6,Mild,0,0,0,31.02040816326531
46,0,2.7,257.9,6.1,2,17.3,66,1,6.0,,1,0,0,41.59677419354839
40,1,2.6,246.4,6.6,2,28.5,64,1,9.3,,3,1,0,36.77611940298508
20,1,4.4,415.7,5.2,1,26.6,96,2,9.3,Mild,2,1,0,78.43396226415095
37,0,0.3,28.0,5.6,1,22.2,83,2,1.1,Mild,0,0,1,4.912280701754386
43,0,0.0,0.0,6.5,2,26.9,81,1,10.8,,3,0,1,0.0
53,0,5.4,513.1,5.6,1,23.2,66,2,1.3,Moderate,3,0,0,90.01754385964914
45,1,0.3,32.3,6.3,2,25.7,59,1,11.1,,2,0,0,5.046875
44,0,4.0,380.7,4.6,3,16.5,51,0,13.7,Mild,2,0,0,81.00000000000001
35,0,4.6,436.3,4.5,3,24.6,75,0,14.6,Mild,3,1,0,94.84782608695653
39,0,4.2,399.2,7.9,2,22.6,78,1,9.1,,1,0,0,49.9
49,1,3.3,310.4,4.9,3,22.0,62,0,10.7,Mild,2,0,1,62.08
19,0,3.6,343.8,6.2,2,27.6,76,1,3.5,,4,0,1,54.57142857142858
30,0,1.7,163.0,6.5,2,32.4,53,1,5.6,Mild,1,1,1,24.6969696969697
25,2,0.0,0.0,6.4,2,29.2,100,1,0.2,,2,0,1,0.0
39,1,2.0,188.0,6.5,2,28.7,60,1,12.0,,4,0,0,28.484848484848488
49,0,1.7,160.0,6.3,2,20.7,61,1,10.3,,2,0,1,25.000000000000004
27,1,1.1,102.9,6.3,2,26.7,62,1,3.9,,2,0,1,16.078125000000004
18,0,2.6,244.6,7.9,2,22.5,81,1,7.4,,1,0,0,30.575
30,1,0.0,0.0,5.9,1,22.1,77,2,10.9,Mild,4,0,0,0.0
45,1,4.4,416.3,5.6,1,32.6,73,2,10.0,Moderate,3,1,0,73.03508771929826
41,0,2.4,227.6,7.7,2,16.0,95,1,4.8,,0,0,0,29.17948717948718
40,1,1.8,167.1,6.0,2,25.9,74,1,5.5,,3,1,0,27.393442622950822
31,1,2.0,193.4,6.2,2,25.7,74,1,2.3,,4,1,0,30.6984126984127
19,1,2.3,215.2,5.9,1,27.3,77,2,2.1,Mild,0,0,0,35.86666666666667
41,1,0.9,89.8,8.1,0,27.3,65,1,6.1,,1,0,1,10.951219512195122
24,0,0.9,89.3,7.9,2,26.0,54,1,7.2,,0,1,0,11.1625
61,0,0.5,51.2,5.5,1,25.7,67,2,14.3,Moderate,1,1,1,9.142857142857144
41,0,0.4,35.2,8.6,0,20.9,52,1,7.6,,1,0,0,4.045977011494253
28,1,1.2,115.5,4.2,3,24.3,79,0,2.8,Mild,3,0,1,26.86046511627907
27,0,2.3,216.5,4.6,3,27.4,74,0,2.5,Mild,0,0,0,46.06382978723405
33,1,4.2,394.4,4.5,3,21.3,63,0,5.2,Mild,1,0,0,85.73913043478261
32,0,0.1,12.9,5.7,1,25.5,66,2,13.8,Mild,0,0,0,2.224137931034483
48,0,3.9,367.9,5.9,1,27.4,76,2,11.9,Mild,4,0,0,61.31666666666666
37,0,0.1,8.3,5.7,1,22.7,76,2,7.4,Mild,3,0,0,1.4310344827586208
26,0,2.6,251.2,5.2,1,30.3,73,2,14.3,Moderate,4,0,0,47.39622641509434
57,1,0.2,21.3,7.5,2,26.3,54,1,3.2,Mild,0,0,0,2.8026315789473686
35,1,0.6,57.3,6.5,2,17.7,52,1,6.5,,2,0,0,8.681818181818182
44,0,3.0,282.6,7.4,2,24.4,67,1,0.0,,0,0,0,37.68
27,1,3.0,280.9,7.6,2,20.9,78,1,13.0,,1,0,0,36.48051948051948
39,1,3.6,344.2,6.6,2,19.9,68,1,2.4,,3,0,0,51.37313432835821
38,1,1.1,104.7,7.6,2,20.2,80,1,14.4,,2,0,0,13.5974025974026
18,0,4.0,379.5,6.1,2,31.6,88,1,7.6,Mild,0,0,1,61.20967741935485
59,0,4.8,460.3,4.7,3,20.8,66,0,14.9,Moderate,3,0,0,95.89583333333334
50,1,2.8,270.7,4.8,3,23.4,55,0,8.1,Mild,1,0,0,55.244897959183675
30,1,0.0,0.0,4.6,3,25.3,79,0,6.8,Mild,0,0,0,0.0
21,0,0.0,0.0,7.8,2,21.2,97,1,7.1,,4,0,0,0.0
39,0,2.7,259.3,6.7,2,20.7,71,1,12.5,,2,0,1,38.13235294117647
36,1,1.6,156.0,3.1,3,21.5,64,0,5.4,Mild,3,1,0,48.75
39,0,1.0,95.6,7.5,2,21.7,83,1,12.8,,0,0,0,12.578947368421053
37,0,2.2,213.7,6.6,2,26.1,76,1,13.3,,3,0,1,31.895522388059703
41,0,2.0,186.5,5.5,1,20.6,72,2,4.3,Mild,2,0,1,33.30357142857143
52,0,2.3,214.7,5.5,1,30.1,69,2,13.9,Severe,4,1,0,38.339285714285715
41,0,1.2,112.0,6.4,2,23.1,70,1,2.9,,0,0,1,17.23076923076923
22,1,5.5,519.6,7.5,2,30.5,63,1,12.4,Mild,2,0,0,68.36842105263159
51,1,0.9,82.6,6.8,2,23.8,92,1,2.5,Mild,1,0,1,11.971014492753623
54,1,2.1,199.1,5.7,1,18.1,64,2,10.8,Moderate,0,0,1,34.327586206896555
72,1,0.0,0.0,9.6,0,21.5,50,1,14.6,Mild,1,0,0,0.0
21,1,0.8,72.7,8.0,2,26.1,69,1,1.1,,4,0,0,8.975308641975309
37,1,0.5,52.0,8.0,2,19.8,75,1,2.9,,4,1,0,6.419753086419753
18,0,1.7,160.8,7.9,2,23.8,87,1,5.3,,0,1,0,20.1
41,0,2.1,202.0,8.1,0,25.4,66,1,5.4,,3,0,0,24.634146341463417
28,0,1.9,177.4,7.2,2,25.5,57,1,2.7,,3,0,0,24.3013698630137
58,0,1.7,159.5,6.8,2,26.3,82,1,7.5,Mild,3,0,0,23.115942028985508
25,1,2.8,268.0,6.7,2,24.9,63,1,11.9,,3,0,0,39.411764705882355
18,1,2.9,279.0,4.9,3,20.0,77,0,12.0,Mild,2,1,0,55.8
29,1,0.0,0.0,4.3,3,22.9,59,0,7.0,Mild,0,0,1,0.0
18,0,4.1,388.2,7.2,2,24.0,62,1,4.7,,3,0,1,53.178082191780824
44,1,2.9,274.7,8.8,0,25.8,67,1,3.6,,4,0,1,30.86516853932584
18,0,0.0,0.0,6.5,2,21.1,57,1,10.7,,0,0,0,0.0
35,0,3.8,365.6,8.1,0,23.8,55,1,1.3,,3,0,0,44.585365853658544
18,1,4.0,382.8,8.2,0,31.7,65,1,8.2,Mild,1,0,0,46.12048192771085
31,1,0.0,0.0,6.4,2,27.7,70,1,8.1,,0,0,0,0.0
54,0,2.0,193.0,8.1,0,27.5,95,1,1.7,Mild,3,0,1,23.53658536585366
39,0,2.9,275.1,7.3,2,23.8,73,1,7.1,,2,0,0,37.175675675675684
24,0,4.1,389.9,6.0,1,24.8,72,2,3.7,Mild,1,1,0,63.91803278688525
34,1,3.2,307.5,7.2,2,24.1,73,1,2.5,,1,0,0,42.12328767123288
35,0,1.7,157.3,7.1,2,25.9,75,1,1.2,,4,0,0,21.847222222222225
40,1,0.9,83.2,4.5,3,19.1,70,0,2.9,Mild,3,0,1,18.086956521739133
18,2,0.3,26.8,9.9,0,20.8,81,1,9.7,,3,0,0,2.68
42,0,1.1,105.2,5.5,1,18.4,73,2,10.9,Mild,0,0,0,18.78571428571429
18,0,3.3,314.1,6.7,2,27.0,70,1,3.4,,4,0,0,46.19117647058824
27,1,3.9,368.7,8.6,0,26.9,62,1,8.6,,1,0,1,42.37931034482759
29,0,1.9,183.7,6.4,2,21.4,75,1,5.6,,2,0,1,28.26153846153846
42,1,4.1,393.7,5.5,1,21.2,83,2,8.1,Mild,3,0,1,70.30357142857143
35,1,3.1,295.6,6.7,2,26.9,79,1,3.7,,1,0,0,43.47058823529412
18,1,6.3,597.8,5.6,1,26.8,68,2,0.7,Mild,3,0,0,104.87719298245615
23,0,0.0,0.0,8.5,0,30.5,70,1,4.9,Mild,3,1,0,0.0
37,0,2.2,206.4,5.7,1,20.7,88,2,2.4,Mild,2,0,0,35.58620689655173
34,1,2.8,267.7,5.9,1,23.5,81,2,11.0,Mild,2,0,0,44.61666666666667
28,0,5.3,500.8,6.1,2,24.5,78,1,11.0,,2,0,0,80.7741935483871
29,1,0.3,30.2,5.4,1,26.3,63,2,1.1,Mild,0,0,0,5.490909090909091
43,1,1.1,99.8,6.2,2,27.9,75,1,6.0,,2,0,1,15.841269841269842
28,1,2.6,245.3,6.0,1,23.5,88,2,1.4,Mild,2,0,0,40.21311475409836
33,0,0.7,63.2,5.4,1,24.9,71,2,10.7,Mild,2,0,1,11.490909090909092
61,0,2.1,202.1,5.9,1,22.7,50,2,0.3,Moderate,2,0,0,33.68333333333333
18,0,0.0,4.4,7.9,2,18.2,89,1,6.6,,4,0,1,0.55
18,0,4.3,407.8,4.0,3,20.6,81,0,2.3,Mild,0,0,0,99.46341463414635
44,1,5.0,476.8,7.5,2,22.1,64,1,10.0,,3,1,0,62.736842105263165
26,0,5.1,481.9,5.6,1,26.2,71,2,3.2,Mild,0,1,0,84.54385964912281
31,1,2.7,259.3,7.0,2,15.6,69,1,6.1,,0,0,0,36.521126760563384
25,0,2.8,262.5,7.8,2,26.3,67,1,0.1,,0,1,0,33.22784810126583
31,0,2.5,235.8,5.5,1,26.3,70,2,14.8,Mild,2,0,0,42.10714285714286
54,0,3.8,360.2,7.0,2,22.2,79,1,11.3,Mild,0,0,0,50.732394366197184
44,1,4.4,417.2,4.8,3,31.6,88,0,2.5,Moderate,4,0,0,85.14285714285715
45,0,3.6,339.1,4.8,3,25.0,65,0,6.7,Mild,3,1,0,69.20408163265307
18,1,2.9,272.1,6.3,2,25.0,80,1,7.5,,0,0,0,42.51562500000001
21,0,3.6,338.0,6.3,2,23.4,63,1,3.4,,3,1,0,52.81250000000001
18,1,2.5,236.0,7.8,2,16.7,83,1,1.3,,1,0,1,29.87341772151899
25,1,0.5,46.4,5.2,1,21.4,73,2,8.5,Mild,1,0,0,8.754716981132075
46,0,1.6,153.2,7.5,2,20.8,70,1,12.5,,0,0,0,20.157894736842106
41,0,2.8,267.8,6.1,2,26.6,68,1,8.6,,4,0,0,43.19354838709678
32,1,1.2,113.5,6.7,2,21.9,81,1,9.5,,1,0,0,16.691176470588236
34,0,1.1,103.6,4.3,3,25.2,56,0,8.9,Mild,1,0,1,23.545454545454547
26,0,3.4,325.6,6.2,2,17.5,83,1,6.8,,4,0,0,51.68253968253969
37,0,3.5,334.5,7.4,2,29.5,66,1,2.2,,2,0,0,44.6
44,1,2.9,279.6,6.2,2,26.9,79,1,3.0,,0,1,0,44.38095238095239
18,0,1.8,166.6,6.3,2,23.9,72,1,4.9,,1,1,0,26.03125
38,1,2.0,189.4,8.9,0,22.1,59,1,4.4,,4,0,1,21.044444444444444
46,0,3.6,337.3,6.4,2,27.3,68,1,7.8,,1,0,1,51.892307692307696
30,0,1.1,109.0,4.7,3,21.9,61,0,6.3,Mild,3,0,1,22.708333333333336
43,0,0.3,30.2,5.0,1,21.9,56,2,9.6,Mild,1,1,0,5.921568627450981
68,0,3.3,309.8,8.3,0,23.1,75,1,12.6,Mild,3,0,0,36.88095238095238
33,1,2.3,220.5,6.0,2,29.9,54,1,0.7,,2,0,0,36.14754098360656
39,1,4.5,423.8,7.3,2,21.5,64,1,6.9,,4,1,0,57.270270270270274
26,1,0.9,85.7,6.4,2,26.7,74,1,3.2,,2,1,0,13.184615384615386
37,1,4.1,390.6,6.8,2,20.9,61,1,13.7,,3,0,0,56.60869565217392
40,1,1.6,154.3,6.2,2,15.6,83,1,8.2,,1,1,1,24.492063492063494
37,1,3.7,348.9,6.3,2,25.6,92,1,13.3,,2,0,0,54.515625
22,0,0.6,53.9,7.4,2,20.5,86,1,10.1,,3,0,1,7.1866666666666665
37,0,0.1,8.8,5.5,1,22.8,74,2,2.0,Mild,2,0,0,1.5714285714285716
52,0,3.0,287.5,6.9,2,27.4,69,1,12.7,Mild,3,0,1,41.07142857142857
40,0,2.1,198.3,6.9,2,20.4,72,1,4.8,,1,0,1,28.32857142857143
46,1,2.7,260.2,4.7,3,22.3,88,0,11.2,Mild,2,0,1,54.208333333333336
32,1,1.0,98.5,10.0,0,26.6,57,1,7.6,,4,1,1,9.752475247524753
43,0,3.0,284.3,6.1,2,22.2,53,1,11.0,,2,0,0,45.85483870967742
38,0,4.4,419.0,5.1,1,24.3,69,2,7.9,Mild,3,0,0,80.5769230769231
23,0,4.1,393.8,8.1,0,23.4,74,1,13.9,,0,0,0,48.024390243902445
38,1,1.5,141.4,5.3,1,23.4,81,2,7.7,Mild,1,1,1,26.18518518518519
23,1,0.6,58.5,6.2,2,23.2,79,1,0.9,,2,0,1,9.285714285714286
27,0,2.5,237.1,6.8,2,25.8,86,1,6.8,,3,1,0,34.36231884057971
37,0,3.8,358.3,5.7,1,16.4,72,2,14.5,Mild,4,1,0,61.77586206896552
38,0,0.0,0.0,7.6,2,22.9,69,1,11.8,,1,1,0,0.0
20,0,3.4,324.3,7.1,2,20.9,73,1,9.5,,1,1,1,45.04166666666667
47,0,5.5,524.0,5.2,1,26.7,61,2,2.3,Mild,4,1,0,98.86792452830188
41,0,3.5,328.6,8.2,0,28.8,85,1,2.7,,4,0,0,39.59036144578314
26,0,0.2,15.8,6.6,2,23.9,66,1,10.8,,3,1,1,2.3582089552238807
18,0,0.8,76.1,7.1,2,23.3,67,1,11.0,,2,0,0,10.569444444444445
33,0,1.5,139.2,6.3,2,26.0,73,1,5.6,,1,0,1,21.75
29,0,2.3,216.8,6.1,2,24.5,63,1,14.9,,0,1,0,34.96774193548388
36,0,3.0,287.2,6.5,2,23.4,69,1,10.4,,4,1,0,43.515151515151516
30,1,3.6,340.2,8.7,0,25.0,76,1,13.4,,4,0,0,38.659090909090914
18,0,2.1,195.0,7.2,2,22.7,85,1,0.7,,1,0,0,26.71232876712329
30,0,2.9,274.0,5.3,1,26.9,74,2,9.4,Mild,4,0,1,50.74074074074075
31,1,0.9,83.4,7.0,2,31.0,88,1,11.2,Mild,4,1,1,11.746478873239438
42,0,1.4,136.9,6.1,2,23.3,68,1,12.0,,2,0,1,22.080645161290327
26,1,3.8,363.6,7.6,2,25.7,54,1,10.1,,3,0,0,47.22077922077923
55,0,3.2,301.9,6.4,2,16.1,56,1,9.1,Mild,3,0,1,46.44615384615384
18,0,3.4,319.7,4.8,3,17.0,76,0,11.2,Mild,4,0,0,65.24489795918367
50,1,0.9,89.4,7.3,2,24.9,67,1,0.6,,0,0,0,12.081081081081082
32,1,2.4,232.1,5.6,1,22.5,82,2,11.3,Mild,4,0,0,40.71929824561404
45,0,2.6,249.7,7.1,2,21.1,73,1,4.9,,0,0,0,34.68055555555556
35,0,3.0,283.5,7.7,2,25.8,72,1,11.4,,0,0,1,36.34615384615385
48,1,4.0,382.5,6.1,2,22.8,61,1,11.7,,0,0,1,61.69354838709678
30,0,2.6,243.9,6.4,2,25.8,50,1,4.1,,0,0,0,37.52307692307692
21,0,4.9,464.1,6.5,2,24.5,67,1,10.7,,1,1,0,70.31818181818183
52,0,0.0,0.0,6.2,2,27.0,58,1,4.9,Mild,4,0,0,0.0
33,1,2.0,193.6,6.8,2,23.5,55,1,10.9,,1,1,0,28.057971014492754
37,0,4.0,384.6,6.6,2,23.9,73,1,2.8,,0,0,0,57.402985074626876
49,1,1.4,131.1,5.7,1,22.8,79,2,1.2,Mild,2,0,0,22.603448275862068
22,0,3.8,356.3,7.9,2,22.1,76,1,8.8,,3,0,0,44.5375
42,0,2.6,251.4,4.5,3,25.8,75,0,2.9,Mild,4,0,0,54.652173913043484
27,1,5.3,508.0,7.2,2,20.3,64,1,13.4,,4,0,0,69.58904109589041
33,0,2.3,216.0,8.3,0,28.2,58,1,2.4,,1,0,0,25.71428571428571
35,1,2.3,217.7,7.6,2,20.1,60,1,9.1,,0,0,0,28.272727272727273
18,0,5.2,494.2,5.0,3,22.7,83,0,10.5,Mild,0,0,0,96.90196078431373
25,0,2.0,186.0,7.7,2,22.3,69,1,0.0,,1,0,1,23.846153846153847
51,0,4.1,388.0,8.9,0,26.3,90,1,13.0,Mild,4,1,0,43.111111111111114
45,0,3.0,281.3,6.3,2,28.9,82,1,10.9,,1,0,0,43.95312500000001
34,0,4.1,392.4,6.4,2,25.2,90,1,11.5,,3,0,0,60.36923076923077
37,0,2.0,187.8,7.6,2,30.2,71,1,0.8,Mild,4,1,1,24.389610389610393
31,0,2.3,222.3,5.6,1,21.2,73,2,5.3,Mild,0,0,0,39.00000000000001
51,1,1.9,185.1,4.9,3,22.9,57,0,9.6,Moderate,2,0,0,37.019999999999996
32,0,0.0,0.0,7.5,2,18.4,70,1,3.4,,2,1,1,0.0
37,0,2.1,199.7,6.7,2,19.6,79,1,12.5,,4,0,1,29.36764705882353
48,1,7.3,693.8,4.7,3,27.7,99,0,6.1,Mild,4,0,0,144.54166666666666
25,1,1.4,133.1,7.3,2,23.2,64,1,12.0,,0,0,0,17.986486486486488
53,1,2.7,258.3,6.2,2,22.1,60,1,13.1,Mild,2,0,0,41.0
18,1,4.3,407.2,6.8,2,20.4,82,1,7.1,,1,0,0,59.014492753623195
54,1,3.3,311.8,6.7,2,26.7,62,1,3.4,Mild,1,0,1,45.852941176470594
30,0,2.4,226.4,6.8,2,22.4,66,1,5.7,,1,0,1,32.811594202898554
32,0,1.2,110.1,6.8,2,19.4,89,1,7.5,,1,0,0,15.956521739130435
18,0,4.7,443.0,4.2,3,24.1,68,0,6.8,Mild,2,0,0,103.0232558139535
29,1,4.2,395.5,4.6,3,26.0,80,0,0.1,Mild,2,0,0,84.14893617021278
22,0,4.6,439.6,8.5,0,23.3,86,1,1.3,,0,0,0,51.116279069767444
27,0,4.5,425.4,8.0,2,21.9,66,1,6.8,,4,0,0,52.51851851851852
33,0,0.4,34.1,6.6,2,24.2,67,1,6.6,,2,0,0,5.089552238805971
46,0,2.0,187.4,7.2,2,18.5,69,1,13.4,,2,1,0,25.67123287671233
37,1,3.0,281.8,4.6,3,26.6,73,0,4.2,Mild,4,0,1,59.95744680851065
38,0,1.1,102.0,5.1,1,25.5,60,2,14.7,Mild,3,0,1,19.615384615384617
21,0,1.6,147.7,3.2,3,28.1,66,0,14.6,Mild,1,0,0,44.75757575757575
24,1,3.5,328.8,5.2,1,20.6,50,2,2.8,Mild,2,0,1,62.03773584905661
56,1,3.4,322.9,5.7,1,17.7,60,2,0.4,Moderate,2,0,0,55.672413793103445
26,1,5.1,488.4,7.1,2,18.0,77,1,3.0,,1,1,0,67.83333333333334
54,1,1.4,134.7,6.5,2,20.0,79,1,6.3,Mild,2,0,0,20.40909090909091
32,1,1.1,105.0,7.2,2,19.2,78,1,5.5,,4,0,0,14.383561643835616
35,0,5.6,536.5,5.7,1,26.1,89,2,7.1,Mild,2,1,0,92.5
47,0,2.1,202.5,6.5,2,22.0,81,1,10.4,,0,0,0,30.681818181818183
50,0,0.0,0.0,6.6,2,23.0,65,1,7.8,,2,0,0,0.0
33,0,3.1,294.5,6.8,2,21.6,79,1,5.2,,1,0,0,42.68115942028986
30,0,0.9,84.3,3.6,3,23.3,58,0,10.1,Mild,4,0,0,22.783783783783782
34,0,1.9,182.5,6.7,2,26.7,61,1,5.0,,2,1,0,26.83823529411765
39,0,0.4,35.5,6.8,2,30.2,72,1,5.3,Mild,3,0,0,5.144927536231885
45,1,4.2,395.9,8.4,0,27.6,62,1,5.1,,4,0,0,46.57647058823529
35,0,3.1,295.7,6.8,2,24.1,54,1,4.6,,4,0,0,42.85507246376812
42,0,0.6,53.7,8.8,0,22.8,73,1,10.5,,3,0,0,6.033707865168539
54,1,2.8,265.8,5.6,1,28.8,81,2,2.6,Moderate,2,0,0,46.63157894736843
39,0,3.5,333.1,5.6,1,20.2,82,2,11.6,Mild,0,0,1,58.43859649122808
38,0,2.2,207.3,8.7,0,23.9,85,1,13.8,,1,0,1,23.556818181818187
18,0,5.0,473.4,6.0,1,19.3,82,2,4.1,Mild,4,0,0,77.60655737704919
18,1,4.1,385.9,5.4,1,28.7,66,2,10.6,Mild,0,1,0,70.16363636363636
39,0,1.8,168.8,6.8,2,29.6,69,1,9.1,,1,0,0,24.46376811594203
33,1,2.2,205.2,6.9,2,18.8,67,1,4.5,,1,0,0,29.314285714285713
28,1,0.6,61.3,8.4,0,18.5,69,1,3.5,,2,0,1,7.211764705882352
37,1,0.0,0.0,6.0,2,22.0,74,1,14.2,,0,0,0,0.0
34,0,1.2,113.5,7.7,2,26.2,66,1,10.5,,4,0,1,14.551282051282051
48,0,1.4,137.4,8.9,0,20.8,62,1,9.7,,4,1,0,15.266666666666667
36,1,4.5,426.5,7.7,2,21.0,72,1,15.0,,2,0,0,54.67948717948718
26,0,0.4,41.6,9.1,0,26.5,89,1,5.3,,4,1,0,4.521739130434783
46,1,2.6,251.4,6.6,2,25.0,81,1,3.4,,1,1,1,37.5223880597015
32,1,2.8,268.1,7.3,2,23.6,60,1,4.9,,2,0,0,36.22972972972973
41,0,1.4,136.7,5.9,1,24.2,63,2,2.6,Mild,1,0,1,22.78333333333333
29,1,4.0,382.8,9.4,0,25.0,81,1,13.9,,1,1,0,40.294736842105266
27,0,2.0,193.0,7.8,2,27.2,72,1,10.5,,3,0,1,24.430379746835445
36,1,1.6,153.0,7.0,2,27.3,62,1,9.1,,3,0,1,21.549295774647888
35,1,5.0,471.5,6.2,2,21.9,82,1,12.1,,2,0,0,74.84126984126985
40,0,1.2,117.5,4.3,3,23.5,68,0,7.7,Mild,1,0,1,26.704545454545457
31,0,3.7,348.4,3.8,3,21.5,73,0,2.9,Mild,2,0,0,89.33333333333333
18,1,1.6,156.6,5.4,1,25.6,66,2,2.3,Mild,3,1,1,28.472727272727273
29,0,0.7,64.3,6.2,2,20.0,57,1,7.8,,2,0,1,10.206349206349206
44,0,2.0,190.4,7.5,2,19.4,64,1,12.1,,0,0,0,25.05263157894737
31,0,6.0,573.2,7.1,2,22.1,77,1,3.3,,2,0,1,79.61111111111113
32,1,0.3,31.8,6.9,2,15.6,65,1,10.6,,0,0,0,4.542857142857143
46,0,1.4,137.7,7.2,2,15.0,64,1,3.7,,2,0,0,18.863013698630137
26,0,4.3,412.6,6.1,2,25.4,59,1,6.5,,0,0,0,66.5483870967742
18,1,1.1,103.6,8.2,0,25.8,71,1,0.9,,0,0,0,12.481927710843374
33,0,1.6,151.7,5.9,1,20.0,71,2,7.5,Mild,0,0,0,25.28333333333333
29,0,2.7,256.7,6.2,2,23.2,62,1,2.5,,0,0,0,40.74603174603175
23,0,2.2,205.5,6.9,2,29.8,71,1,12.7,,4,0,1,29.357142857142858
32,0,3.3,310.0,5.6,1,23.2,72,2,14.4,Mild,4,0,0,54.385964912280706
40,0,2.1,200.1,4.9,3,28.8,73,0,1.3,Mild,2,0,0,40.019999999999996
34,0,2.5,238.3,7.1,2,21.1,72,1,8.0,,3,0,0,33.09722222222223
38,0,2.3,218.9,9.4,0,24.5,64,1,10.6,,1,0,1,23.042105263157897
56,0,1.3,121.0,6.9,2,25.7,73,1,1.0,Mild,4,0,1,17.285714285714285
30,0,0.0,0.0,7.9,2,21.8,69,1,8.3,,0,0,1,0.0
38,1,5.4,511.4,5.8,1,22.5,74,2,14.1,Mild,4,0,0,86.67796610169492
28,1,1.3,119.4,7.3,2,23.1,77,1,7.9,,0,0,1,16.135135135135137
24,0,1.3,128.0,5.1,1,20.5,79,2,9.3,Mild,3,0,0,24.61538461538462
27,1,2.8,265.8,5.3,1,24.6,76,2,4.9,Mild,4,1,0,49.22222222222223
29,0,0.9,90.1,7.6,2,28.6,74,1,9.2,,1,0,0,11.701298701298702
39,0,3.9,368.0,6.1,2,28.5,84,1,13.3,,1,1,0,59.35483870967742
63,0,2.9,273.8,4.6,3,31.6,63,0,4.9,Severe,4,1,0,58.25531914893618
26,2,2.1,198.8,6.2,2,22.1,60,1,11.6,,4,1,0,31.555555555555557
30,0,1.8,166.3,7.8,2,21.7,83,1,8.6,,1,1,1,21.05063291139241
34,1,0.7,66.4,6.1,2,26.3,81,1,3.9,,3,0,0,10.709677419354842
39,0,3.0,282.1,3.8,3,29.4,80,0,5.9,Mild,2,1,0,72.33333333333334
38,1,2.7,256.9,8.7,0,28.2,68,1,5.4,,4,0,0,29.19318181818182
50,1,1.5,145.4,6.9,2,26.5,86,1,7.0,,4,0,1,20.771428571428572
18,1,3.3,312.2,8.5,0,20.6,63,1,1.7,,1,0,0,36.30232558139535
18,1,4.9,462.7,6.7,2,20.9,66,1,2.3,,1,1,0,68.04411764705883
29,1,2.5,239.6,5.8,1,26.0,59,2,5.7,Mild,1,0,0,40.610169491525426
48,1,2.1,202.3,7.1,2,25.6,65,1,8.4,,1,0,0,28.097222222222225
18,0,1.1,100.6,7.2,2,23.3,71,1,9.3,,4,0,0,13.780821917808218
18,0,2.3,214.8,8.9,0,25.8,66,1,13.7,,0,0,0,23.866666666666667
41,1,1.9,177.7,8.3,0,24.3,76,1,8.5,,1,0,0,21.1547619047619
37,1,0.9,88.4,7.7,2,27.0,73,1,10.9,,3,0,0,11.333333333333334
21,0,3.2,301.8,7.0,2,21.7,77,1,7.2,,3,0,0,42.50704225352113
23,0,2.9,276.5,6.7,2,18.3,82,1,7.9,,4,1,0,40.661764705882355
23,0,2.6,248.4,5.9,1,18.9,83,2,8.8,Mild,1,1,0,41.4
36,1,2.0,185.9,8.0,2,21.1,71,1,7.8,,2,1,1,22.95061728395062
27,0,3.9,368.8,5.9,1,21.7,73,2,4.6,Mild,1,1,0,61.46666666666667
40,0,0.0,0.0,6.7,2,23.9,63,1,14.7,,4,1,1,0.0
18,0,0.0,0.0,7.1,2,20.6,90,1,9.3,,2,0,1,0.0
24,1,2.8,269.6,5.8,1,19.6,58,2,5.2,Mild,4,0,0,45.694915254237294
21,1,4.4,417.7,5.8,1,17.9,62,2,12.0,Mild,0,0,0,70.79661016949153
31,1,2.7,254.7,6.6,2,24.7,66,1,2.5,,3,0,1,38.01492537313433
28,1,2.7,255.6,6.5,2,23.9,50,1,14.9,,4,0,0,38.72727272727273
44,0,0.9,88.3,8.6,0,24.8,68,1,11.8,,1,0,0,10.149425287356323
18,0,0.0,0.0,5.2,1,22.1,70,2,1.5,Mild,1,0,0,0.0
35,0,1.0,98.6,7.5,2,31.1,63,1,12.7,Mild,4,0,0,12.973684210526315
41,0,3.5,329.3,5.9,1,19.3,72,2,3.9,Mild,3,1,1,54.88333333333333
57,0,0.1,13.4,6.6,2,24.2,56,1,9.6,Mild,4,0,1,2.0000000000000004
29,1,1.2,116.1,4.0,3,15.2,60,0,2.5,Mild,4,0,0,28.317073170731707
38,0,0.2,14.3,6.1,2,25.6,75,1,10.7,,1,0,0,2.306451612903226
18,0,1.1,108.5,7.5,2,20.9,75,1,11.4,,1,0,0,14.276315789473685
18,1,4.2,399.9,5.5,1,18.6,74,2,12.8,Mild,1,0,0,71.41071428571429
45,1,1.6,151.2,6.2,2,25.8,77,1,7.3,,3,0,0,24.0
34,0,3.9,367.8,6.1,2,19.1,71,1,8.3,,1,0,0,59.3225806451613
49,0,1.6,154.7,7.0,2,20.6,76,1,3.2,,2,0,0,21.788732394366196
18,1,4.7,442.9,8.3,0,27.9,67,1,7.7,,2,0,1,52.726190476190474
41,0,3.0,287.2,6.5,2,24.6,59,1,8.0,,4,0,0,43.515151515151516
57,0,1.8,171.8,10.0,0,22.4,71,1,12.1,Mild,4,0,0,17.009900990099013
40,0,2.3,214.4,9.8,0,24.5,80,1,10.7,,0,0,0,21.656565656565657
38,1,0.3,32.1,8.9,0,22.3,68,1,10.5,,2,1,0,3.566666666666667
35,1,1.7,164.7,8.0,2,26.6,63,1,0.4,,3,1,0,20.333333333333332
18,0,4.6,439.9,6.7,2,23.3,76,1,8.2,,4,0,0,64.69117647058823
51,0,3.0,288.7,8.4,0,20.2,56,1,14.9,Mild,4,1,0,33.96470588235294
27,1,0.0,0.0,9.5,0,18.0,75,1,11.3,,3,0,0,0.0
41,1,2.2,213.1,6.8,2,28.5,58,1,12.5,,2,0,0,30.884057971014496
18,1,2.8,261.4,6.9,2,18.3,74,1,7.4,,0,0,0,37.34285714285714
20,1,3.6,344.5,7.4,2,27.0,83,1,12.5,,3,0,1,45.93333333333333
52,0,1.9,184.1,6.6,2,20.5,60,1,12.3,Mild,0,0,0,27.47761194029851
30,0,2.3,220.4,8.4,0,21.3,88,1,8.0,,0,1,0,25.929411764705883
52,1,4.0,384.7,4.9,3,29.0,81,0,8.5,Moderate,4,0,0,76.94
34,1,2.1,202.8,7.1,2,21.3,77,1,0.8,,2,0,0,28.16666666666667
18,0,1.4,133.7,5.4,1,22.9,66,2,12.8,Mild,0,0,0,24.30909090909091
45,1,3.8,356.6,6.4,2,28.6,82,1,2.0,,3,0,1,54.861538461538466
27,0,3.8,359.3,5.5,1,26.4,72,2,4.5,Mild,2,0,1,64.16071428571429
43,0,0.0,0.0,6.9,2,26.6,72,1,11.2,,1,0,0,0.0
35,0,2.9,274.4,4.6,3,20.7,88,0,4.5,Mild,1,0,1,58.38297872340426
18,1,1.0,93.9,7.6,2,20.5,73,1,7.6,,3,0,1,12.194805194805197
36,1,3.1,294.5,6.1,2,26.2,73,1,2.3,,1,0,0,47.50000000000001
61,1,3.9,373.2,7.7,2,24.0,72,1,4.4,Mild,2,1,1,47.84615384615385
40,1,3.4,325.7,6.4,2,23.8,64,1,11.0,,2,0,0,50.107692307692304
34,1,3.6,339.8,7.5,2,19.1,76,1,6.3,,4,0,1,44.71052631578948
47,0,1.5,143.4,6.2,2,21.2,68,1,8.4,,2,0,0,22.761904761904763
37,0,1.8,172.3,7.7,2,17.1,84,1,5.4,,0,0,1,22.08974358974359
37,0,3.4,322.0,9.0,0,24.5,84,1,14.0,,4,0,0,35.38461538461539
21,1,2.6,247.6,5.7,1,25.7,67,2,12.8,Mild,0,0,1,42.689655172413794
37,0,0.2,17.6,7.9,2,27.7,68,1,1.7,,2,0,0,2.2
47,0,3.8,364.5,4.9,3,18.2,60,0,14.7,Mild,4,0,0,72.9
24,1,0.3,29.0,6.8,2,26.7,50,1,12.1,,3,0,0,4.202898550724638
52,0,3.0,283.8,4.3,3,23.7,76,0,2.4,Moderate,3,0,0,64.50000000000001
33,1,2.8,267.0,7.4,2,28.1,66,1,0.6,,3,0,1,35.6
24,1,4.3,405.9,5.6,1,16.8,78,2,13.4,Mild,4,1,0,71.21052631578948
46,1,2.1,203.9,7.6,2,30.3,62,1,11.4,Mild,2,0,1,26.480519480519483
31,0,0.0,0.0,7.4,2,23.1,67,1,4.1,,2,1,1,0.0
44,0,2.7,257.9,6.3,2,24.8,70,1,14.3,,4,0,0,40.296875
31,1,3.0,284.9,7.5,2,20.7,70,1,13.6,,4,0,0,37.48684210526316
34,1,4.1,390.5,7.7,2,20.0,53,1,3.2,,1,0,1,50.06410256410256
40,1,1.7,162.3,6.2,2,26.0,78,1,6.0,,1,0,0,25.761904761904763
38,1,3.6,337.7,7.8,2,22.6,70,1,0.7,,4,1,0,42.74683544303797
18,1,3.8,365.3,6.2,2,30.5,59,1,4.6,Mild,3,0,1,57.98412698412699
21,1,1.4,133.2,3.5,3,22.8,82,0,7.4,Mild,2,1,0,36.99999999999999
46,1,3.0,282.7,6.8,2,27.3,83,1,1.0,,3,0,0,40.971014492753625
33,0,0.3,27.7,6.2,2,23.1,71,1,5.1,,0,0,0,4.396825396825397
28,0,3.3,317.9,6.0,2,15.0,70,1,2.3,,0,0,0,52.114754098360656
18,0,2.8,269.2,4.2,3,22.3,68,0,13.9,Mild,0,0,1,62.604651162790695
22,1,0.6,61.0,7.3,2,27.0,59,1,12.4,,3,1,0,8.243243243243244
18,1,1.9,180.9,5.9,1,24.6,70,2,11.5,Mild,1,0,1,30.150000000000002
33,1,4.1,392.1,5.8,1,22.0,52,2,11.6,Mild,0,0,0,66.45762711864408
27,1,2.8,266.0,7.8,2,24.9,82,1,0.2,,4,0,0,33.67088607594937
23,1,1.5,140.2,4.2,3,29.1,63,0,9.0,Mild,2,0,1,32.604651162790695
34,0,1.3,128.1,7.2,2,28.2,55,1,8.9,,1,0,0,17.54794520547945
39,0,4.0,380.5,6.9,2,18.2,59,1,14.9,,0,0,0,54.357142857142854
60,1,1.8,167.5,7.0,2,24.1,70,1,9.5,Mild,2,1,0,23.591549295774648
18,1,2.8,268.9,7.9,2,24.7,75,1,9.8,,2,0,0,33.6125
48,0,1.9,178.7,7.8,2,19.6,67,1,5.7,,1,0,1,22.620253164556964
46,1,0.0,0.0,7.2,2,20.8,63,1,7.5,,3,0,0,0.0
25,0,1.5,144.4,5.9,1,20.1,61,2,5.9,Mild,2,0,0,24.066666666666666
37,0,4.2,399.7,5.8,1,20.4,81,2,13.7,Mild,1,0,0,67.74576271186442
29,0,5.7,543.0,6.1,2,17.9,78,1,3.0,,0,1,0,87.58064516129033
37,1,1.3,127.3,4.0,3,23.2,73,0,2.3,Mild,1,0,0,31.04878048780488
53,1,3.0,285.0,5.9,1,26.8,59,2,15.0,Moderate,3,1,0,47.5
42,1,6.0,569.3,7.5,2,21.5,68,1,14.0,,0,0,1,74.90789473684211
41,0,4.3,408.6,5.9,1,30.5,67,2,8.9,Moderate,3,0,0,68.10000000000001
29,0,0.7,64.8,7.9,2,29.1,87,1,11.6,,2,1,0,8.1
18,0,2.1,199.8,7.7,2,22.7,72,1,1.7,,1,0,1,25.615384615384617
32,0,2.9,274.2,8.0,0,23.0,65,1,11.5,,4,0,1,33.851851851851855
49,0,4.4,418.9,6.0,1,29.1,89,2,7.0,Mild,3,0,0,68.67213114754098
18,0,0.7,66.0,6.6,2,21.2,78,1,12.4,,1,1,0,9.850746268656717
22,0,3.7,347.8,6.8,2,25.0,79,1,7.7,,4,1,0,50.40579710144928
36,0,3.6,337.8,5.5,1,27.7,84,2,10.9,Mild,4,0,0,60.32142857142858
23,0,2.0,194.2,5.9,1,22.0,80,2,5.1,Mild,1,1,0,32.36666666666667
25,1,5.7,543.0,7.3,2,23.7,68,1,11.0,,0,1,0,73.37837837837839
29,0,1.1,107.6,6.0,1,19.0,68,2,4.1,Mild,4,0,0,17.639344262295083
18,1,3.0,289.4,7.2,2,19.4,75,1,14.3,,1,0,1,39.64383561643835
23,1,2.8,265.9,7.1,2,30.0,72,1,10.1,Mild,1,0,0,36.93055555555556
43,0,3.1,291.1,6.5,2,25.5,53,1,7.2,,0,0,1,44.10606060606061
19,0,4.2,402.2,6.7,2,26.8,58,1,9.1,,1,0,1,59.14705882352941
18,0,0.5,46.2,7.7,2,25.6,70,1,9.2,,3,1,1,5.923076923076923
27,1,2.7,260.1,8.3,0,24.5,53,1,12.8,,3,0,0,30.964285714285715
43,0,5.5,518.2,5.1,1,21.9,59,2,8.4,Mild,0,0,1,99.65384615384617
32,1,3.7,351.2,5.3,1,31.0,66,2,8.5,Moderate,2,0,0,65.03703703703704
29,0,1.5,143.3,6.7,2,18.9,71,1,8.8,,1,0,1,21.073529411764707
35,1,1.3,123.5,7.2,2,19.2,76,1,11.6,,3,0,0,16.91780821917808
18,0,3.3,311.3,6.8,2,21.5,80,1,7.4,,3,1,0,45.115942028985515
40,0,1.8,167.8,8.8,0,25.6,73,1,3.2,,1,0,1,18.853932584269664
39,1,2.3,217.1,5.5,1,24.7,80,2,6.3,Mild,1,1,0,38.767857142857146
30,0,1.4,131.6,4.8,3,20.7,63,0,5.6,Mild,4,0,0,26.857142857142858
47,0,5.6,533.0,6.8,2,22.6,62,1,0.9,,0,0,0,77.2463768115942
21,1,3.0,286.9,6.8,2,22.2,69,1,12.0,,4,0,1,41.57971014492754
48,1,2.6,245.0,6.4,2,24.9,77,1,12.5,,0,0,1,37.69230769230769
36,1,0.1,4.9,8.0,2,22.1,78,1,4.0,,4,0,1,0.6049382716049383
30,1,1.3,119.9,4.9,3,30.7,83,0,4.9,Moderate,0,0,0,23.98
34,0,2.4,228.8,4.6,3,22.8,76,0,4.8,Mild,1,0,0,48.6808510638298
33,0,2.4,229.0,4.2,3,22.9,90,0,7.8,Mild,0,0,1,53.25581395348837
49,1,5.0,474.2,5.4,1,26.8,80,2,7.0,Mild,3,0,1,86.21818181818182
22,1,2.7,255.1,8.1,0,26.1,70,1,13.3,,2,0,0,31.10975609756098
25,0,4.1,385.5,4.6,3,28.5,81,0,7.4,Mild,3,0,0,82.0212765957447
47,1,2.8,263.1,6.6,2,27.8,86,1,2.7,,0,0,0,39.268656716417915
27,1,3.8,360.2,6.8,2,23.1,57,1,11.2,,0,0,1,52.20289855072464
45,1,0.0,0.0,8.9,0,28.6,65,1,13.0,,0,0,1,0.0
55,0,0.6,58.4,5.9,1,22.4,60,2,9.1,Moderate,2,1,0,9.733333333333333
30,0,3.9,369.1,5.3,1,19.6,70,2,11.5,Mild,2,0,0,68.35185185185186
43,0,4.7,450.8,7.5,2,23.8,66,1,3.4,,4,1,0,59.31578947368421
21,1,0.0,0.0,5.7,1,25.5,75,2,13.5,Mild,0,0,0,0.0
44,0,2.5,239.2,8.1,0,24.9,83,1,1.1,,4,1,1,29.170731707317074
37,0,0.3,23.8,7.4,2,25.8,82,1,13.5,,3,0,0,3.1733333333333333
40,0,1.5,142.9,4.7,3,20.8,79,0,5.5,Mild,2,1,0,29.770833333333336
27,1,0.0,0.0,7.8,2,26.4,73,1,1.3,,1,0,0,0.0
18,0,2.3,220.6,7.2,2,29.5,62,1,2.7,,2,0,0,30.21917808219178
41,0,2.2,211.2,6.4,2,20.9,83,1,14.8,,4,0,0,32.49230769230769
18,1,2.2,209.5,5.9,1,27.6,84,2,5.6,Mild,1,0,0,34.916666666666664
31,1,2.1,195.8,8.6,0,25.5,50,1,11.6,,1,0,0,22.505747126436784
46,0,3.5,328.0,3.5,3,26.7,93,0,7.2,Mild,1,0,0,91.11111111111111
37,0,5.1,481.8,4.4,3,20.8,57,0,8.7,Mild,2,0,1,107.06666666666666
58,0,0.7,65.3,6.3,2,24.6,62,1,9.5,Mild,0,1,0,10.203125
47,0,1.2,117.7,7.4,2,24.1,76,1,9.0,,1,0,1,15.693333333333333
27,0,2.7,255.9,6.6,2,23.9,60,1,15.0,,3,1,0,38.194029850746276
35,1,2.1,199.3,5.8,1,24.9,70,2,8.3,Mild,3,0,0,33.779661016949156
34,1,2.0,192.4,7.3,2,26.1,59,1,9.3,,1,0,0,26.000000000000004
18,0,0.5,50.5,4.8,3,29.6,77,0,5.2,Mild,3,1,1,10.306122448979593
23,1,1.8,172.6,7.2,2,28.1,68,1,3.6,,3,1,0,23.643835616438356
28,1,1.8,174.0,6.4,2,27.7,66,1,6.7,,3,0,1,26.76923076923077
18,0,2.8,268.7,7.4,2,29.3,78,1,9.2,,4,1,0,35.82666666666667
35,0,1.1,108.2,7.4,2,24.8,66,1,4.7,,4,0,1,14.426666666666668
32,1,3.8,364.7,7.3,2,20.5,82,1,7.5,,3,0,0,49.28378378378378
18,1,0.6,57.3,6.2,2,24.7,63,1,12.2,,0,0,1,9.095238095238095
39,1,4.8,459.0,5.4,1,25.8,63,2,6.4,Mild,3,0,0,83.45454545454545
43,1,1.3,121.0,7.0,2,27.3,72,1,8.7,,4,1,0,17.04225352112676
37,0,4.7,443.0,4.6,3,26.2,76,0,13.9,Mild,1,0,1,94.25531914893618
31,1,1.4,130.6,9.5,0,23.3,69,1,9.3,,3,1,0,13.604166666666666
42,0,3.7,355.9,8.4,0,28.8,66,1,4.7,,2,0,1,41.870588235294115
43,0,2.0,185.5,4.8,3,25.2,60,0,8.5,Mild,4,0,0,37.85714285714286
38,0,2.6,249.0,6.9,2,23.2,73,1,12.9,,4,0,1,35.57142857142857
25,1,3.4,323.3,7.9,2,17.1,73,1,2.3,,4,0,0,40.4125
38,0,2.0,190.0,6.2,2,25.8,68,1,12.4,,1,0,1,30.158730158730158
49,1,0.0,0.0,6.1,2,19.3,87,1,1.5,,2,0,0,0.0
27,1,1.5,146.9,8.2,0,20.0,63,1,14.4,,2,1,1,17.698795180722893
60,0,1.7,165.5,8.4,0,25.8,91,1,2.4,Mild,2,0,0,19.470588235294116
28,1,5.1,483.8,4.3,3,25.9,69,0,7.0,Mild,4,0,1,109.95454545454547
35,0,2.4,230.8,6.8,2,19.5,82,1,14.3,,3,0,0,33.44927536231884
26,1,2.8,261.8,6.4,2,22.4,74,1,3.1,,3,0,0,40.276923076923076
37,1,2.3,221.0,4.5,3,23.7,83,0,9.6,Mild,2,1,0,48.04347826086957
18,0,2.8,268.6,4.6,3,27.3,92,0,11.1,Mild,4,0,1,57.14893617021278
28,0,0.6,61.1,5.8,1,21.7,73,2,0.6,Mild,3,0,1,10.355932203389832
21,0,1.5,139.6,6.8,2,27.1,62,1,8.9,,0,0,0,20.231884057971016
36,0,3.5,331.9,8.0,0,20.6,56,1,11.4,,3,0,0,40.97530864197531
46,1,2.2,205.7,3.3,3,18.9,66,0,14.5,Mild,3,1,0,60.5
42,0,2.3,223.1,6.8,2,28.3,83,1,2.1,,0,0,1,32.333333333333336
18,1,2.5,234.6,5.5,1,29.8,84,2,13.0,Mild,3,0,0,41.892857142857146
59,0,3.5,335.6,7.1,2,28.7,84,1,9.4,Mild,1,1,0,46.61111111111112
38,0,1.5,146.2,8.0,2,26.8,69,1,10.9,,4,1,0,18.049382716049383
25,0,2.6,251.7,7.9,2,24.4,81,1,11.1,,1,0,0,31.4625
36,0,0.0,0.0,6.9,2,26.3,75,1,10.9,,1,0,1,0.0
37,1,0.1,7.8,6.6,2,26.1,61,1,13.8,,4,0,1,1.164179104477612
26,0,2.1,202.1,8.3,0,31.1,66,1,1.8,Mild,1,0,0,24.059523809523807
37,1,0.8,80.0,6.5,2,21.1,88,1,4.3,,3,0,0,12.121212121212121
27,1,4.0,377.6,6.5,2,21.7,57,1,13.5,,2,0,0,57.21212121212122
30,1,0.9,85.3,6.3,2,20.4,80,1,6.8,,2,0,0,13.328125
26,0,2.3,219.3,7.1,2,29.4,60,1,6.1,,1,1,0,30.45833333333334
18,1,3.7,351.8,4.8,3,24.0,73,0,8.1,Mild,2,0,0,71.79591836734694
36,1,3.2,307.8,6.2,2,21.2,87,1,4.7,,1,1,0,48.85714285714286
42,0,1.7,159.9,6.9,2,16.3,75,1,9.0,,4,0,0,22.842857142857145
41,0,1.9,181.9,8.0,2,20.7,70,1,13.2,,0,0,0,22.45679012345679
44,1,3.2,305.1,6.3,2,25.0,69,1,5.9,,1,0,1,47.67187500000001
38,1,3.7,352.5,3.5,3,17.0,85,0,3.1,Mild,0,0,0,97.91666666666666
28,0,4.7,450.8,5.6,1,20.4,79,2,2.3,Mild,3,0,1,79.08771929824563
45,0,3.7,352.2,8.2,0,24.1,83,1,10.5,,4,0,0,42.43373493975904
18,1,3.5,335.2,6.7,2,23.2,82,1,1.1,,2,0,0,49.294117647058826
24,0,3.0,286.3,5.7,1,19.3,80,2,1.1,Mild,1,0,0,49.362068965517246
23,0,2.7,254.7,5.4,1,20.8,74,2,14.4,Mild,1,0,0,46.309090909090905
47,0,1.9,184.6,7.2,2,23.0,64,1,10.0,,3,1,0,25.28767123287671
46,0,3.2,308.5,5.7,1,25.4,76,2,2.8,Mild,4,0,0,53.189655172413794
40,0,2.1,203.8,6.7,2,26.3,68,1,9.5,,0,1,1,29.97058823529412
47,0,3.5,336.7,5.5,1,23.5,55,2,8.7,Mild,4,0,1,60.125
24,1,3.6,340.4,5.4,1,29.2,88,2,11.7,Mild,3,1,1,61.89090909090908
39,0,3.2,304.5,6.1,2,22.1,61,1,6.4,,0,1,1,49.112903225806456
33,0,1.6,148.8,6.6,2,19.8,67,1,0.3,,0,0,0,22.2089552238806
45,1,2.4,224.9,6.6,2,16.8,62,1,6.6,,1,0,1,33.56716417910448
33,0,4.1,391.9,6.0,2,26.5,63,1,10.4,,1,1,1,64.24590163934427
30,1,0.0,0.0,8.3,0,23.6,59,1,14.4,,4,0,0,0.0
41,1,2.8,264.6,6.1,2,18.1,66,1,12.6,,0,0,1,42.67741935483872
45,1,3.6,345.4,8.2,0,25.0,74,1,0.3,,1,0,1,41.6144578313253
26,0,3.2,299.4,6.3,2,27.5,74,1,3.7,,0,0,0,46.78125
34,0,5.6,532.4,5.4,1,25.0,81,2,8.2,Mild,0,0,0,96.8
22,1,0.1,7.8,7.3,2,21.4,65,1,0.8,,2,0,0,1.0540540540540542
18,0,0.7,68.8,7.8,2,19.5,50,1,8.9,,1,0,0,8.708860759493671
37,1,2.8,263.5,5.6,1,25.0,82,2,6.4,Mild,1,0,1,46.2280701754386
42,0,3.9,370.3,4.7,3,24.1,81,0,10.0,Mild,1,0,0,77.14583333333334
38,0,2.6,245.7,7.8,2,33.7,65,1,3.3,Mild,2,0,0,31.10126582278481
18,0,4.5,425.3,7.9,2,20.0,80,1,2.8,,3,0,0,53.1625
30,0,1.6,155.2,7.4,2,25.6,73,1,13.7,,2,1,1,20.69333333333333
18,1,2.1,198.6,5.8,1,21.8,73,2,5.2,Mild,3,0,0,33.66101694915255
51,0,3.6,346.2,6.3,2,21.3,75,1,14.6,Mild,4,1,1,54.09375
21,0,2.0,187.1,5.3,1,19.6,60,2,2.4,Mild,1,1,0,34.64814814814815
50,1,3.9,371.0,7.7,2,28.1,65,1,11.3,,3,0,0,47.56410256410256
46,0,3.5,336.5,6.7,2,28.0,75,1,3.0,,0,1,0,49.48529411764706
24,0,1.9,178.2,7.3,2,27.5,70,1,10.7,,3,0,0,24.08108108108108
21,1,2.9,280.2,6.7,2,22.2,71,1,3.9,,3,1,1,41.205882352941174
39,0,1.8,169.4,6.7,2,26.0,81,1,5.0,,0,1,0,24.911764705882355
24,0,1.2,110.4,7.1,2,29.0,50,1,9.6,,4,1,0,15.333333333333336
36,0,1.9,181.7,6.7,2,15.0,82,1,0.5,,1,0,1,26.720588235294116
29,1,2.2,211.9,8.1,0,26.0,72,1,3.7,,2,0,0,25.84146341463415
18,1,2.7,253.4,4.9,3,27.6,70,0,12.9,Mild,4,0,1,50.68
18,1,2.3,222.0,5.6,1,26.7,74,2,4.7,Mild,2,0,1,38.94736842105264
37,0,0.0,0.0,6.6,2,20.7,66,1,14.3,,2,1,0,0.0
28,0,4.0,378.7,6.2,2,20.5,61,1,2.1,,4,0,0,60.111111111111114
28,0,0.0,0.0,8.2,0,25.2,76,1,10.8,,3,1,0,0.0
43,1,2.8,264.4,4.9,3,24.2,87,0,2.4,Mild,4,0,0,52.879999999999995
49,1,1.4,131.9,7.4,2,27.5,81,1,11.5,,2,0,0,17.586666666666666
31,0,2.7,258.3,6.4,2,27.4,82,1,3.2,,4,0,0,39.73846153846154
30,0,2.2,205.6,7.7,2,21.9,55,1,13.0,,0,1,0,26.358974358974358
41,0,3.0,287.1,7.0,2,17.8,79,1,9.4,,3,0,0,40.43661971830986
18,0,3.3,311.7,6.4,2,18.8,66,1,13.2,,3,0,0,47.95384615384615
37,0,4.1,385.4,5.2,1,19.9,66,2,9.4,Mild,2,1,0,72.71698113207547
41,0,3.7,347.7,6.9,2,22.1,71,1,12.1,,3,1,0,49.67142857142857
43,0,2.6,243.4,6.1,2,25.1,85,1,13.0,,2,0,0,39.25806451612904
18,1,3.9,371.9,6.3,2,22.8,62,1,7.0,,0,0,0,58.109375
25,0,1.7,165.0,7.7,2,19.3,67,1,10.1,,2,0,0,21.153846153846153
24,0,5.0,477.0,8.0,0,26.4,58,1,0.4,,0,0,0,58.88888888888889
36,1,1.6,152.8,4.8,3,22.8,52,0,7.4,Mild,0,0,1,31.18367346938776
40,1,1.8,170.6,7.7,2,21.5,67,1,3.2,,3,0,1,21.871794871794872
52,1,0.0,0.0,8.6,0,21.0,81,1,1.7,Mild,3,0,1,0.0
29,0,1.5,142.3,6.6,2,25.1,82,1,14.9,,2,0,0,21.238805970149258
29,1,2.1,199.4,5.3,1,23.0,73,2,15.0,Mild,2,0,0,36.92592592592593
48,1,2.1,198.7,7.1,2,21.7,71,1,3.2,,3,1,0,27.597222222222225
38,0,5.0,477.3,6.0,2,19.4,66,1,13.5,,2,0,1,78.24590163934427
50,1,3.4,320.9,10.0,0,21.7,55,1,13.5,,4,0,1,31.77227722772277
38,0,3.9,371.3,6.8,2,24.9,57,1,14.6,,2,0,1,53.811594202898554
21,1,2.5,237.5,6.0,2,26.3,84,1,5.9,,4,0,0,38.9344262295082
19,0,1.4,137.6,5.0,1,27.5,56,2,14.0,Mild,2,0,1,26.980392156862745
18,1,5.8,548.0,5.0,3,21.3,55,0,11.7,Mild,4,0,0,107.45098039215686
42,1,2.3,223.1,7.7,2,18.1,63,1,11.0,,0,0,1,28.602564102564102
49,1,3.5,329.3,4.4,3,26.2,51,0,3.7,Mild,1,0,1,73.17777777777778
57,0,1.1,102.5,4.8,3,24.6,80,0,7.4,Moderate,2,1,1,20.918367346938776
45,0,0.7,70.7,8.1,0,18.6,69,1,11.8,,2,0,0,8.621951219512196
48,1,4.7,450.7,5.8,1,26.8,67,2,12.7,Mild,0,0,0,76.38983050847457
28,0,3.1,299.1,6.2,2,15.0,75,1,3.0,,3,0,1,47.47619047619048
21,1,2.2,205.8,7.4,2,20.1,78,1,4.7,,3,0,0,27.44
45,2,2.2,210.6,6.4,2,30.5,71,1,2.4,Mild,3,0,0,32.4
40,0,0.9,90.0,4.9,3,35.1,70,0,2.3,Moderate,0,0,0,18.0
36,0,1.7,157.5,6.0,1,27.6,57,2,3.2,Mild,1,0,0,25.81967213114754
39,0,3.1,298.2,7.1,2,22.7,64,1,13.6,,3,1,1,41.41666666666667
38,0,2.6,244.0,6.7,2,25.4,78,1,5.4,,3,1,0,35.88235294117647
50,0,3.6,344.8,8.3,0,15.9,71,1,7.5,,2,0,0,41.047619047619044
50,0,0.0,0.0,7.5,2,22.2,82,1,0.2,,0,0,1,0.0
41,0,2.8,262.3,5.6,1,17.5,80,2,11.3,Mild,0,0,0,46.01754385964913
45,0,3.7,348.6,8.1,0,28.4,51,1,4.3,,4,0,0,42.51219512195122
41,0,0.0,0.0,8.8,0,27.1,74,1,10.6,,2,1,1,0.0
29,0,0.9,90.2,6.0,2,26.5,70,1,3.0,,4,0,0,14.78688524590164
44,0,0.3,31.4,7.6,2,27.2,51,1,5.7,,4,0,0,4.077922077922078
18,0,4.4,422.3,7.1,2,21.8,51,1,7.8,,1,0,1,58.652777777777786
47,1,2.6,247.8,7.0,2,23.8,63,1,9.5,,3,0,0,34.90140845070423
20,1,2.7,257.6,4.9,3,21.3,67,0,2.5,Mild,0,0,1,51.52
38,1,4.2,399.2,10.0,0,24.1,79,1,6.5,,4,1,0,39.524752475247524
24,0,2.3,221.7,6.1,2,23.6,60,1,0.2,,2,0,0,35.75806451612903
41,1,1.5,144.9,7.2,2,25.5,87,1,2.0,,0,0,0,19.84931506849315
34,2,2.8,261.9,7.7,2,19.6,77,1,4.9,,3,0,0,33.57692307692307
18,0,3.1,298.8,6.0,2,24.0,69,1,14.1,,0,0,0,48.98360655737705
40,0,0.8,76.4,8.4,0,24.0,74,1,13.2,,1,0,0,8.988235294117647
28,1,4.8,460.7,6.3,2,24.7,91,1,7.9,,3,0,1,71.984375
45,0,0.0,0.0,6.2,2,20.3,67,1,9.1,,3,0,0,0.0
35,0,3.0,284.0,4.8,3,21.6,69,0,4.3,Mild,0,0,1,57.9591836734694
39,0,5.0,476.0,5.8,1,20.7,77,2,10.0,Mild,2,0,0,80.67796610169492
23,1,2.7,254.7,7.0,2,31.8,59,1,3.6,Mild,4,1,0,35.87323943661972
27,0,0.0,0.0,6.6,2,28.8,69,1,0.0,,4,0,1,0.0
29,0,4.7,449.3,7.1,2,23.7,65,1,14.4,,4,1,0,62.402777777777786
45,0,1.8,168.9,8.7,0,25.8,79,1,5.7,,0,0,0,19.19318181818182
55,0,3.7,348.8,6.1,2,30.1,71,1,7.8,Moderate,2,0,1,56.25806451612904
25,0,3.1,297.2,7.9,2,30.4,79,1,1.5,Mild,0,0,0,37.15
47,0,2.5,235.2,6.8,2,25.6,68,1,7.9,,4,0,1,34.08695652173913
18,0,0.0,0.0,7.4,2,20.7,55,1,13.5,,4,0,1,0.0
20,0,3.1,295.5,6.5,2,28.8,87,1,13.2,,4,0,0,44.77272727272727
23,0,3.6,342.7,6.9,2,24.9,62,1,8.7,,2,0,0,48.957142857142856
18,1,0.1,9.4,6.0,2,22.6,70,1,12.9,,1,0,0,1.5409836065573772
18,1,5.0,476.1,5.4,1,26.7,75,2,5.5,Mild,4,0,0,86.56363636363636
39,1,1.9,182.5,6.0,1,21.4,79,2,2.9,Mild,4,1,0,29.91803278688525
32,1,5.2,496.3,4.1,3,17.9,87,0,6.3,Mild,2,0,0,118.16666666666669
39,1,3.5,332.6,5.0,1,29.1,68,2,12.1,Mild,0,1,1,65.2156862745098
43,1,2.5,240.9,6.5,2,25.8,61,1,10.6,,3,0,1,36.5
38,0,2.7,252.4,5.9,1,27.3,50,2,5.8,Mild,3,1,0,42.06666666666667
42,1,4.0,377.8,6.3,2,16.6,70,1,5.1,,2,0,0,59.03125000000001
34,1,4.8,455.2,7.0,2,25.7,50,1,14.5,,1,1,1,64.11267605633803
20,0,1.0,99.0,7.1,2,25.2,59,1,4.0,,0,1,0,13.750000000000002
47,0,1.6,152.2,6.6,2,22.6,69,1,4.6,,4,0,0,22.716417910447763
27,0,5.0,473.8,4.0,3,22.7,86,0,5.2,Mild,0,0,0,115.56097560975611
23,0,1.2,111.8,6.9,2,22.0,68,1,11.7,,1,0,0,15.971428571428572
32,1,2.5,240.7,5.8,1,30.3,78,2,12.8,Moderate,4,0,0,40.79661016949153
24,1,1.5,139.6,7.6,2,27.4,70,1,3.3,,2,0,0,18.12987012987013
29,1,3.6,342.8,5.5,1,23.0,71,2,6.1,Mild,2,0,1,61.21428571428572
39,1,0.0,0.0,5.6,1,21.4,79,2,13.0,Mild,4,0,0,0.0
39,1,3.6,342.2,8.2,0,23.9,74,1,4.7,,4,0,1,41.22891566265061
24,2,4.2,402.9,4.2,3,24.0,67,0,6.1,Mild,2,0,0,93.69767441860465
29,1,3.5,331.2,8.5,0,19.8,83,1,8.3,,1,0,0,38.51162790697674
47,1,1.3,119.0,6.9,2,28.4,64,1,9.6,,1,1,0,17.0
40,1,0.0,0.0,6.6,2,23.0,59,1,4.6,,2,0,0,0.0
59,0,1.5,141.0,6.3,2,24.3,58,1,8.6,Mild,0,0,1,22.031250000000004
49,1,3.5,330.4,7.5,2,27.2,67,1,10.9,,1,0,1,43.473684210526315
48,1,2.5,234.0,6.9,2,30.3,71,1,1.4,Mild,1,0,0,33.42857142857143
18,1,3.8,362.7,6.6,2,24.4,74,1,15.0,,1,0,0,54.13432835820896
44,1,2.2,206.0,6.6,2,18.3,68,1,14.0,,3,0,1,30.74626865671642
34,1,2.1,198.8,6.1,2,26.4,67,1,2.3,,3,0,0,32.06451612903226
28,0,4.9,465.5,7.8,2,24.6,75,1,5.0,,4,0,0,58.924050632911396
37,1,1.5,139.1,6.2,2,21.9,80,1,4.2,,1,0,0,22.07936507936508
46,0,3.5,329.6,4.9,3,25.5,50,0,0.3,Mild,3,1,1,65.92
41,0,3.7,349.2,6.8,2,21.4,52,1,7.5,,1,0,0,50.608695652173914
24,0,6.1,575.4,4.4,3,17.8,82,0,2.4,Mild,1,0,0,127.86666666666666
43,1,5.0,473.4,8.0,0,24.5,68,1,2.1,,4,0,1,58.44444444444444
27,1,3.3,315.7,7.0,2,20.2,79,1,3.2,,2,1,0,44.46478873239437
37,1,3.6,338.6,3.9,3,22.9,57,0,11.4,Mild,2,0,1,84.65
31,0,4.4,417.3,6.8,2,26.3,71,1,1.9,,1,1,1,60.478260869565226
32,0,1.5,146.1,6.3,2,15.6,57,1,9.4,,4,0,0,22.828125
44,1,5.1,488.5,7.8,2,22.5,75,1,4.4,,3,1,0,61.835443037974684
22,0,2.5,233.1,6.5,2,20.2,67,1,1.0,,0,0,0,35.31818181818182
58,0,3.5,334.6,6.3,2,18.0,56,1,14.7,Mild,4,0,0,52.28125000000001
18,0,3.0,289.0,6.1,2,24.1,76,1,9.7,,1,0,0,46.612903225806456
27,1,1.4,129.6,6.4,2,22.0,75,1,3.1,,2,0,0,19.93846153846154
39,0,1.9,183.2,4.2,3,26.5,67,0,7.6,Mild,3,0,0,42.604651162790695
42,1,1.3,123.9,6.1,2,25.6,64,1,5.8,,4,0,0,19.98387096774194
33,0,2.8,268.7,5.4,1,26.2,80,2,2.6,Mild,2,0,0,48.85454545454545
34,1,0.2,19.2,6.5,2,16.3,73,1,14.4,,4,0,1,2.909090909090909
39,1,1.0,96.6,8.2,0,24.5,69,1,12.9,,0,0,1,11.63855421686747
32,0,1.8,174.3,8.7,0,24.7,58,1,5.5,,4,1,0,19.806818181818187
51,0,2.3,215.0,6.9,2,19.0,90,1,12.2,Mild,0,0,0,30.714285714285715
45,1,4.7,445.0,5.6,1,23.5,71,2,2.8,Mild,3,0,0,78.07017543859651
45,1,4.0,379.3,4.7,3,24.9,88,0,1.1,Mild,1,1,0,79.02083333333334
23,0,2.3,220.8,6.1,2,24.1,65,1,7.9,,1,0,0,35.612903225806456
34,0,5.2,496.1,4.7,3,26.4,68,0,5.9,Mild,0,0,1,103.35416666666667
31,0,3.0,285.3,6.3,2,25.8,66,1,1.0,,3,0,0,44.57812500000001
22,0,3.5,333.6,6.4,2,26.5,73,1,9.5,,4,0,1,51.323076923076925
39,1,0.0,0.0,7.2,2,18.6,69,1,12.3,,4,0,1,0.0
28,0,1.1,103.3,7.0,2,21.1,77,1,7.9,,3,0,1,14.549295774647888
42,0,4.1,386.8,4.1,3,22.3,69,0,0.8,Mild,0,0,0,92.09523809523812
22,0,3.5,330.8,5.3,1,23.3,75,2,5.7,Mild,0,0,0,61.25925925925927
55,1,5.2,493.3,5.1,1,17.5,77,2,3.8,Moderate,1,0,0,94.86538461538463
24,0,5.1,482.2,5.7,1,23.2,57,2,2.2,Mild,1,0,1,83.13793103448276
37,0,1.7,161.9,6.9,2,26.9,59,1,7.5,,3,0,1,23.12857142857143
44,0,4.2,401.5,5.4,1,18.5,59,2,1.0,Mild,4,0,1,73.0
28,0,1.0,97.5,10.0,0,17.9,77,1,0.9,,2,1,0,9.653465346534654
45,0,0.1,11.2,8.5,0,28.9,81,1,11.7,,0,0,1,1.3023255813953487
20,0,3.0,283.0,5.3,1,25.5,66,2,6.4,Mild,3,0,1,52.40740740740741
52,1,3.6,346.6,8.0,0,31.7,77,1,11.2,Moderate,2,0,1,42.79012345679013
35,1,3.0,285.2,8.5,0,24.5,66,1,4.9,,3,0,0,33.16279069767442
27,0,3.9,373.8,4.9,3,23.5,78,0,5.3,Mild,4,1,0,74.76
31,0,1.6,154.6,5.3,1,21.0,100,2,6.4,Mild,2,0,0,28.62962962962963
44,1,4.0,382.7,6.5,2,33.3,87,1,4.6,Mild,0,0,0,57.984848484848484
27,0,1.7,163.4,8.0,0,28.7,84,1,8.4,,3,0,0,20.172839506172842
26,1,6.1,577.9,6.5,2,25.9,90,1,1.1,,3,0,0,87.56060606060606
32,1,3.8,359.5,4.4,3,25.1,77,0,8.4,Mild,1,0,0,79.88888888888889
20,0,4.9,462.3,5.3,1,19.3,83,2,10.7,Mild,4,0,0,85.61111111111113
56,0,0.6,60.2,6.2,2,24.0,65,1,14.9,Mild,3,0,1,9.555555555555557
28,1,1.9,177.6,7.7,2,19.5,78,1,9.6,,0,0,0,22.76923076923077
44,0,2.4,225.3,4.9,3,22.8,61,0,10.6,Mild,2,1,0,45.06
37,0,0.8,72.0,5.4,1,24.4,85,2,8.9,Mild,1,0,0,13.090909090909092
23,0,4.9,467.6,6.3,2,24.7,63,1,14.3,,2,1,1,73.06250000000001
34,1,2.6,245.6,6.6,2,19.9,70,1,12.1,,2,1,0,36.65671641791045
44,0,0.2,22.4,8.0,0,26.0,66,1,9.2,,1,1,1,2.765432098765432
32,1,1.8,166.7,6.0,1,23.6,71,2,5.0,Mild,3,1,0,27.327868852459016
49,1,0.8,77.4,8.2,0,27.0,75,1,4.9,,4,0,1,9.32530120481928
47,0,3.6,343.7,7.6,2,26.3,55,1,11.3,,4,1,1,44.63636363636364
46,0,3.4,324.0,6.4,2,28.9,71,1,13.9,,2,0,0,49.84615384615385
29,1,3.5,329.8,5.8,1,20.8,84,2,14.8,Mild,2,1,0,55.89830508474577
22,0,4.0,377.2,8.4,0,31.9,71,1,3.9,Mild,4,0,1,44.37647058823529
27,0,5.8,550.6,6.7,2,19.5,80,1,8.9,,0,0,0,80.97058823529413
37,0,5.2,496.1,5.9,1,22.6,53,2,10.5,Mild,0,1,0,82.68333333333334
41,0,1.8,173.7,5.6,1,24.7,61,2,6.2,Mild,2,0,0,30.47368421052632
18,1,5.7,540.9,7.7,2,26.2,89,1,1.6,,4,1,0,69.34615384615384
34,0,2.2,209.0,5.9,1,22.8,63,2,4.3,Mild,1,1,1,34.833333333333336
36,1,2.7,252.5,6.0,1,23.7,66,2,7.7,Mild,3,0,1,41.39344262295082
31,0,2.6,247.6,5.7,1,31.9,68,2,1.7,Moderate,1,0,0,42.689655172413794
50,1,3.5,332.2,6.0,2,21.4,67,1,4.7,,0,0,0,54.459016393442624
40,1,0.0,0.0,7.5,2,19.9,50,1,3.9,,0,1,0,0.0
50,0,2.5,241.0,6.0,2,18.8,78,1,5.3,,0,0,0,39.50819672131148
32,1,2.9,279.6,6.4,2,21.5,75,1,10.3,,2,1,0,43.01538461538462
46,1,0.0,0.0,6.2,2,15.0,78,1,7.1,,2,0,1,0.0
54,0,0.0,0.0,7.6,2,24.0,72,1,5.6,Mild,1,0,0,0.0
50,0,1.3,119.8,6.7,2,30.8,64,1,4.1,Mild,1,0,0,17.61764705882353
21,0,1.4,132.0,5.3,1,23.8,74,2,10.3,Mild,1,0,0,24.444444444444446
31,1,2.6,243.6,6.5,2,28.9,65,1,10.1,,0,0,0,36.909090909090914
30,1,2.3,218.5,6.9,2,22.5,75,1,6.7,,3,0,1,31.214285714285715
40,1,4.3,404.8,5.9,1,31.0,83,2,4.2,Moderate,3,1,0,67.46666666666667
43,0,1.9,183.4,4.2,3,25.6,80,0,12.1,Mild,4,0,0,42.651162790697676
24,0,2.0,186.0,8.2,0,23.9,68,1,12.8,,4,1,0,22.40963855421687
35,1,4.0,380.6,5.2,1,20.1,58,2,12.7,Mild,0,0,0,71.81132075471699
18,1,0.0,0.0,7.7,2,24.7,73,1,5.9,,4,0,0,0.0
52,1,5.2,490.2,5.8,1,31.1,73,2,3.8,Severe,3,0,0,83.08474576271188
28,1,0.2,20.5,6.9,2,16.3,63,1,12.7,,2,0,0,2.9285714285714284
35,1,4.0,383.0,6.2,2,23.6,82,1,14.7,,0,0,0,60.7936507936508
31,0,3.8,357.8,7.6,2,22.5,73,1,2.9,,2,0,1,46.46753246753247
48,1,4.8,460.5,6.6,2,18.5,79,1,9.5,,4,0,0,68.73134328358209
18,0,1.4,135.7,7.0,2,21.0,50,1,4.9,,2,0,1,19.112676056338028
34,0,2.6,243.5,5.2,1,27.3,50,2,7.3,Mild,1,0,1,45.943396226415096
33,1,0.8,73.4,8.7,0,21.8,76,1,8.6,,0,0,0,8.340909090909092
29,0,2.4,228.8,4.8,3,28.5,77,0,8.1,Mild,0,0,1,46.693877551020414
55,0,2.3,222.9,8.2,0,22.7,62,1,11.4,Mild,4,0,1,26.855421686746993
24,1,4.8,458.9,4.1,3,23.7,83,0,14.6,Mild,3,1,0,109.26190476190477
44,0,3.3,314.1,8.7,0,27.5,83,1,1.3,,2,1,0,35.69318181818183
39,1,2.4,232.7,7.1,2,23.5,70,1,10.3,,2,0,1,32.31944444444444
50,0,2.4,230.8,6.0,2,25.1,80,1,7.8,,2,1,0,37.8360655737705
26,0,1.8,172.1,5.1,1,22.0,78,2,6.0,Mild,2,0,0,33.09615384615385
26,0,2.1,203.4,6.7,2,22.8,82,1,9.9,,4,0,0,29.911764705882355
48,0,2.6,249.2,7.2,2,27.2,73,1,13.3,,2,0,1,34.13698630136986
40,0,5.4,513.8,6.3,2,21.0,77,1,9.2,,1,0,1,80.28125
18,0,3.1,294.8,6.0,2,19.7,77,1,12.3,,2,0,1,48.32786885245902
28,0,0.9,90.0,6.0,1,22.8,63,2,4.4,Mild,1,0,0,14.754098360655739
39,1,6.4,609.1,7.5,2,23.9,60,1,6.6,,2,1,0,80.14473684210527
45,0,4.1,384.9,6.0,2,20.1,64,1,2.6,,3,0,1,63.09836065573771
26,1,4.0,376.0,6.9,2,29.7,80,1,8.6,,2,0,1,53.714285714285715
18,1,2.2,206.7,7.3,2,24.8,65,1,11.1,,0,0,0,27.93243243243243
41,0,3.7,351.1,5.0,3,20.8,55,0,8.7,Mild,2,1,0,68.84313725490198
20,1,3.0,280.9,6.4,2,26.1,50,1,13.7,,3,0,0,43.215384615384615
18,1,0.5,43.8,8.5,0,27.8,70,1,12.9,,2,0,1,5.093023255813954
18,0,3.2,302.1,6.9,2,19.6,81,1,6.4,,3,0,0,43.15714285714286
44,1,0.6,58.7,7.4,2,26.0,62,1,8.6,,1,1,1,7.826666666666667
36,1,2.9,280.0,6.0,2,21.9,70,1,9.7,,4,0,0,45.9016393442623
32,0,3.1,293.3,7.8,2,25.9,64,1,12.1,,4,0,0,37.12658227848102
51,0,1.1,107.5,9.2,0,32.3,66,1,1.1,Moderate,1,0,0,11.559139784946238
42,0,2.7,254.3,5.7,1,21.0,66,2,12.1,Mild,2,0,0,43.8448275862069
54,0,3.4,322.2,7.4,2,25.1,61,1,1.0,Mild,0,1,0,42.96
18,0,1.7,164.5,5.1,1,16.0,83,2,10.8,Mild,0,0,0,31.63461538461539
34,0,3.2,302.6,7.3,2,31.9,76,1,7.0,Mild,3,0,0,40.891891891891895
18,0,4.4,418.8,6.9,2,15.6,60,1,3.6,,2,0,0,59.82857142857143
32,0,3.8,357.5,5.1,1,24.7,65,2,10.6,Mild,3,0,0,68.75000000000001
32,0,2.0,193.3,7.8,2,28.1,67,1,13.1,,2,0,0,24.46835443037975
42,1,4.7,444.6,5.1,1,23.7,72,2,12.4,Mild,2,0,0,85.50000000000001
35,1,3.6,344.8,8.8,0,22.5,74,1,2.9,,2,0,1,38.741573033707866
42,1,2.2,213.4,6.8,2,23.5,67,1,9.1,,0,0,1,30.927536231884062
43,0,1.6,149.6,6.6,2,22.8,68,1,9.9,,3,0,0,22.328358208955226
60,1,3.4,325.7,5.7,1,17.4,74,2,0.8,Moderate,1,0,1,56.1551724137931
31,0,4.1,392.2,7.1,2,15.0,66,1,4.9,,1,1,0,54.47222222222223
23,0,4.2,399.1,6.8,2,28.5,84,1,1.6,,4,0,0,57.84057971014494
37,0,3.4,325.3,6.7,2,20.8,81,1,6.3,,0,0,0,47.83823529411765
25,1,2.0,188.9,5.8,1,23.9,68,2,10.9,Mild,1,0,1,32.016949152542374
52,0,3.4,318.5,6.2,2,19.0,83,1,12.1,Mild,1,1,0,50.55555555555556
31,1,1.2,114.8,5.9,1,22.8,75,2,11.4,Mild,3,0,1,19.133333333333333
28,0,2.9,278.8,4.5,3,27.2,75,0,4.1,Mild,4,0,0,60.60869565217392
29,0,5.2,493.8,6.1,2,21.9,87,1,2.2,,3,0,0,79.64516129032259
43,1,1.0,93.9,5.5,1,29.1,78,2,13.1,Mild,0,0,1,16.767857142857146
33,0,1.7,158.6,9.2,0,24.5,80,1,11.1,,3,0,0,17.053763440860216
27,1,3.9,372.4,8.7,0,24.1,59,1,11.3,,2,0,0,42.31818181818182
54,2,1.2,112.6,7.2,2,25.3,69,1,4.1,Mild,3,0,0,15.424657534246576
24,1,4.8,456.2,4.1,3,25.0,64,0,8.6,Mild,0,1,1,108.61904761904763
35,1,4.0,376.6,7.0,2,26.3,57,1,13.5,,4,0,1,53.04225352112677
42,1,4.0,382.5,6.1,2,23.3,55,1,12.5,,3,0,1,61.69354838709678
18,1,4.2,399.6,7.7,2,20.4,79,1,4.0,,1,0,0,51.23076923076923
40,0,0.6,53.3,8.1,0,29.1,72,1,14.3,,0,1,0,6.5
22,0,0.9,83.4,6.0,1,28.0,55,2,5.7,Mild,1,0,0,13.672131147540986
44,0,4.5,425.6,5.9,1,25.4,71,2,8.6,Mild,3,1,0,70.93333333333334
23,1,2.0,193.8,6.2,2,27.8,65,1,11.0,,4,0,0,30.761904761904766
43,1,2.4,227.2,6.1,2,19.1,60,1,3.8,,4,0,0,36.645161290322584
48,0,3.6,338.4,4.6,3,20.0,78,0,5.9,Mild,3,0,0,72.0
45,1,2.7,259.1,7.0,2,26.2,68,1,13.9,,0,1,1,36.49295774647888
38,0,4.1,391.5,6.5,2,18.8,81,1,1.1,,2,1,0,59.31818181818182
32,0,3.4,319.9,6.1,2,31.2,66,1,0.3,Mild,3,0,1,51.59677419354839
28,1,2.2,209.3,7.0,2,21.3,50,1,14.5,,3,0,0,29.478873239436624
52,0,2.4,224.0,7.0,2,18.1,71,1,13.1,Mild,4,0,0,31.549295774647888
26,0,2.9,274.3,8.0,2,21.0,74,1,12.0,,3,0,0,33.8641975308642
22,0,3.1,293.1,7.6,2,20.4,69,1,5.0,,3,0,0,38.06493506493507
42,1,3.7,352.2,7.7,2,24.5,74,1,5.6,,4,0,0,45.15384615384615
25,1,2.7,261.1,5.5,1,25.2,66,2,13.5,Mild,4,0,0,46.62500000000001
23,1,2.4,225.4,5.3,1,20.3,69,2,14.6,Mild,0,0,0,41.74074074074075
18,1,2.2,211.8,7.8,2,24.0,71,1,0.9,,1,1,0,26.810126582278485
29,1,1.9,175.9,8.8,0,20.8,79,1,7.0,,3,1,0,19.764044943820224
34,0,4.9,466.2,7.3,2,28.1,70,1,6.0,,2,1,0,63.0
37,0,1.2,113.1,7.2,2,19.7,62,1,11.1,,2,0,0,15.493150684931507
46,0,0.6,57.9,6.9,2,30.0,65,1,7.4,,3,0,1,8.27142857142857
41,1,3.8,364.5,9.9,0,23.7,70,1,1.2,,3,0,1,36.45
32,0,3.2,306.1,7.5,2,26.7,58,1,2.5,,4,0,0,40.27631578947369
32,1,5.6,531.7,5.9,1,19.2,63,2,4.6,Mild,0,0,1,88.61666666666667
41,0,2.4,225.6,9.0,0,23.1,70,1,11.8,,0,0,0,24.791208791208792
50,0,2.5,233.4,8.7,0,31.8,88,1,11.6,Mild,4,1,0,26.522727272727277
36,0,1.3,120.1,5.1,1,21.9,78,2,11.6,Mild,2,0,1,23.096153846153847
29,2,2.7,251.9,5.1,1,25.5,70,2,11.7,Mild,1,1,0,48.4423076923077
23,0,0.0,0.0,6.8,2,22.4,60,1,6.2,,2,0,0,0.0
18,1,0.0,0.0,8.5,0,22.1,55,1,9.2,,2,1,1,0.0
42,1,1.7,160.1,6.1,2,28.8,81,1,2.2,,1,0,1,25.822580645161292
41,1,2.6,247.0,5.4,1,29.6,79,2,3.4,Mild,1,0,0,44.90909090909091
41,1,1.6,153.9,7.7,2,16.5,76,1,4.9,,0,0,0,19.730769230769234
33,0,1.6,155.1,4.4,3,21.8,68,0,7.7,Mild,1,0,1,34.46666666666667
51,1,0.2,22.6,6.5,2,19.9,62,1,2.8,Mild,4,0,1,3.4242424242424248
29,0,3.4,327.5,5.2,1,25.3,59,2,13.1,Mild,1,0,0,61.79245283018868
46,1,1.4,135.9,6.8,2,25.8,72,1,9.3,,2,0,0,19.695652173913047
34,1,5.0,474.0,5.1,1,21.0,58,2,8.1,Mild,4,0,0,91.15384615384616
27,0,2.4,227.6,6.5,2,21.8,74,1,0.2,,1,0,0,34.484848484848484
42,1,0.9,87.7,7.4,2,24.7,70,1,8.4,,0,1,0,11.693333333333333
39,0,0.0,0.0,7.2,2,22.9,69,1,13.7,,0,0,0,0.0
39,0,0.7,62.5,6.3,2,27.8,69,1,3.4,,2,0,1,9.765625
35,1,2.4,228.5,6.2,2,21.1,72,1,3.3,,3,0,0,36.26984126984127
34,0,0.0,0.0,9.7,0,26.2,82,1,13.7,,2,1,0,0.0
63,1,1.3,124.6,7.9,2,23.1,70,1,12.5,Mild,1,0,1,15.575
49,0,1.7,161.7,6.5,2,28.3,69,1,10.2,,2,0,0,24.5
43,0,1.4,132.0,7.0,2,25.4,71,1,11.0,,4,0,1,18.591549295774648
36,1,1.6,154.2,7.3,2,18.5,67,1,0.9,,2,0,1,20.83783783783784
47,0,1.8,171.2,5.8,1,20.0,58,2,11.4,Mild,0,1,0,29.016949152542374
41,1,1.3,125.6,6.8,2,20.0,75,1,11.2,,4,0,0,18.202898550724637
35,0,4.7,447.0,5.0,1,23.0,53,2,0.7,Mild,0,1,0,87.64705882352942
31,0,1.6,149.6,5.6,1,22.7,67,2,11.8,Mild,2,0,0,26.245614035087723
34,0,0.0,0.0,8.1,0,24.5,63,1,9.6,,1,0,0,0.0
18,0,0.0,4.3,8.2,0,29.7,55,1,8.6,,2,1,0,0.5180722891566265
37,1,3.4,323.3,7.9,2,26.4,82,1,7.7,,4,0,1,40.4125
29,2,3.2,301.7,6.4,2,23.2,69,1,7.7,,0,1,1,46.41538461538461
54,1,1.7,162.7,6.2,2,21.5,74,1,3.5,Mild,2,1,0,25.825396825396826
35,0,0.4,36.4,7.0,2,28.0,75,1,0.0,,1,1,0,5.126760563380282
20,1,3.6,338.9,4.3,3,26.7,71,0,14.4,Mild,1,0,0,77.02272727272728
34,2,0.1,11.3,8.6,0,31.5,85,1,6.9,Mild,3,0,0,1.2988505747126438
22,0,3.1,290.7,3.3,3,27.2,75,0,0.7,Mild,1,0,0,85.5
40,0,1.9,176.3,7.9,2,23.4,74,1,5.0,,2,0,0,22.0375
38,1,3.2,308.7,5.3,1,27.8,81,2,5.6,Mild,1,0,0,57.16666666666667
46,0,1.7,165.3,6.7,2,31.2,70,1,13.1,Mild,1,0,0,24.308823529411768
25,0,4.7,445.6,5.3,1,21.9,71,2,5.1,Mild,4,0,0,82.51851851851853
35,0,0.0,0.0,6.0,1,21.0,78,2,13.2,Mild,1,0,0,0.0
18,1,3.4,319.5,3.6,3,19.8,67,0,6.6,Mild,2,0,0,86.35135135135134
43,1,2.0,188.2,5.2,1,23.5,65,2,2.5,Mild,1,0,0,35.50943396226415
41,1,1.4,137.2,7.9,2,21.9,60,1,4.3,,0,0,0,17.15
40,1,4.4,416.4,4.9,3,23.7,63,0,12.7,Mild,3,1,0,83.28
35,1,1.0,92.5,5.3,1,23.1,71,2,2.4,Mild,3,0,0,17.12962962962963
39,1,2.9,270.9,6.4,2,26.1,91,1,9.2,,4,0,1,41.676923076923075
54,1,2.7,254.9,3.8,3,27.7,63,0,10.9,Moderate,2,0,0,65.35897435897436
31,1,0.7,62.2,6.5,2,25.3,71,1,4.7,,2,0,0,9.424242424242426
36,1,3.7,355.1,6.7,2,24.8,76,1,12.1,,4,0,1,52.22058823529412
21,0,5.5,525.5,6.6,2,24.7,66,1,4.7,,3,1,1,78.43283582089553
24,0,4.9,468.3,5.0,1,20.6,78,2,4.1,Mild,0,0,0,91.82352941176471
36,1,3.1,294.1,8.0,2,26.5,60,1,1.1,,3,1,0,36.308641975308646
48,0,2.2,205.0,7.9,2,24.8,61,1,8.8,,3,0,0,25.625
31,0,3.7,353.8,4.4,3,15.0,70,0,8.0,Mild,0,0,1,78.62222222222222
32,0,4.0,375.4,7.3,2,25.4,60,1,9.9,,3,0,0,50.72972972972973
30,1,2.6,250.5,6.8,2,23.5,56,1,7.0,,1,0,0,36.30434782608696
28,1,0.0,0.0,7.6,2,26.2,51,1,3.1,,2,0,1,0.0
38,0,0.2,15.7,6.2,2,26.3,66,1,1.6,,3,1,1,2.492063492063492
18,1,3.2,303.0,5.0,3,29.2,93,0,7.5,Mild,0,0,0,59.411764705882355
50,1,3.0,283.8,6.4,2,21.2,82,1,8.1,,2,0,0,43.66153846153846
27,1,1.8,171.7,7.2,2,17.9,53,1,14.0,,2,0,1,23.52054794520548
43,1,2.9,276.6,7.0,2,29.6,59,1,7.4,,3,0,1,38.95774647887325
19,2,0.3,28.8,7.4,2,28.0,65,1,14.0,,3,0,0,3.8400000000000003
43,1,2.2,212.0,5.4,1,21.3,72,2,9.5,Mild,3,0,1,38.54545454545455
43,0,2.0,189.6,8.3,0,22.2,72,1,2.3,,4,0,0,22.57142857142857
39,2,0.0,0.0,8.4,0,24.4,67,1,1.3,,2,0,0,0.0
23,0,2.6,249.9,6.9,2,24.2,66,1,14.4,,4,0,1,35.7
37,1,0.2,20.1,5.8,1,20.5,54,2,3.1,Mild,3,0,0,3.40677966101695
20,1,3.8,362.3,6.7,2,27.0,63,1,5.2,,0,0,0,53.279411764705884
31,1,3.0,285.2,6.0,2,24.8,64,1,0.5,,3,0,0,46.75409836065574
47,1,1.5,142.3,6.4,2,18.4,50,1,4.1,,3,0,0,21.892307692307693
44,0,1.0,92.5,7.7,2,24.3,61,1,14.3,,1,1,1,11.85897435897436
35,1,0.4,39.2,6.4,2,26.5,83,1,1.4,,1,1,0,6.0307692307692315
23,0,1.8,169.7,8.4,0,21.8,67,1,13.5,,2,0,0,19.96470588235294
42,0,3.7,347.6,7.2,2,23.1,75,1,1.0,,2,1,1,47.61643835616439
35,0,2.0,189.3,7.9,2,24.6,87,1,9.8,,2,0,0,23.6625
18,0,2.2,213.0,5.6,1,16.4,85,2,7.4,Mild,4,0,1,37.36842105263158
44,1,0.8,80.0,6.1,2,23.2,58,1,11.0,,2,0,1,12.903225806451614
34,1,1.7,165.5,5.2,1,25.3,74,2,11.7,Mild,1,0,1,31.226415094339625
49,1,2.2,205.3,8.3,0,24.4,79,1,10.2,,2,0,0,24.44047619047619
21,1,2.7,255.2,10.0,0,29.4,63,1,2.9,,3,0,0,25.26732673267327
18,0,2.2,212.4,7.3,2,26.9,75,1,9.5,,1,0,0,28.702702702702705
38,1,3.2,301.4,6.8,2,22.4,70,1,9.3,,4,0,1,43.68115942028985
38,1,3.5,330.8,5.9,1,23.6,76,2,12.8,Mild,4,1,0,55.13333333333333
18,2,4.8,455.3,8.2,0,25.4,74,1,1.7,,2,0,0,54.85542168674699
23,1,2.8,268.8,6.5,2,15.0,80,1,9.1,,4,0,1,40.727272727272734
68,0,3.1,297.5,5.8,1,17.7,63,2,3.1,Moderate,4,1,0,50.42372881355933
31,1,1.7,163.0,5.0,3,23.8,73,0,10.0,Mild,1,0,0,31.960784313725494
43,1,4.8,456.8,5.0,1,31.2,89,2,7.8,Moderate,2,0,0,89.5686274509804
27,0,1.8,170.5,6.8,2,23.2,76,1,2.8,,2,0,0,24.710144927536234
18,0,3.4,323.3,4.3,3,28.1,79,0,1.8,Mild,3,1,0,73.47727272727273
32,1,1.8,167.3,5.3,1,18.3,59,2,10.5,Mild,2,0,0,30.981481481481488
31,1,2.3,216.9,8.7,0,22.1,51,1,12.3,,2,0,0,24.647727272727277
30,1,2.5,240.3,7.6,2,21.0,70,1,5.6,,1,0,1,31.207792207792213
33,1,0.0,0.0,6.6,2,25.2,81,1,9.3,,3,1,0,0.0
38,1,2.8,265.8,7.7,2,27.5,67,1,12.1,,3,0,0,34.07692307692308
33,0,2.4,226.1,5.7,1,23.1,67,2,10.9,Mild,2,0,0,38.98275862068966
19,1,1.5,141.5,7.7,2,22.5,62,1,10.9,,0,0,0,18.141025641025642
40,1,1.0,94.3,6.4,2,29.5,64,1,8.4,,3,0,1,14.507692307692308
18,0,1.5,146.2,9.1,0,32.7,67,1,2.1,Mild,2,0,0,15.891304347826088
18,1,0.9,86.1,5.5,1,22.3,80,2,14.2,Mild,2,0,0,15.375
43,1,1.7,166.2,8.6,0,23.6,84,1,4.6,,1,0,0,19.103448275862068
41,2,1.5,142.1,6.6,2,25.1,63,1,1.7,,3,0,0,21.208955223880597
34,1,2.0,187.9,4.4,3,25.6,57,0,13.0,Mild,3,0,0,41.75555555555556
18,0,3.6,346.0,6.8,2,24.9,65,1,13.2,,0,0,0,50.14492753623189
26,1,1.1,108.0,7.7,2,15.9,70,1,13.1,,2,1,0,13.846153846153847
31,1,1.6,154.4,8.6,0,25.7,75,1,7.7,,3,0,0,17.74712643678161
18,1,2.7,254.1,7.5,2,31.8,61,1,4.6,Mild,4,0,0,33.43421052631579
26,1,1.0,97.8,5.7,1,17.5,95,2,12.2,Mild,3,0,0,16.862068965517242
42,1,3.6,346.1,7.7,2,17.6,68,1,13.9,,2,0,0,44.371794871794876
52,1,1.1,100.0,6.9,2,18.9,71,1,0.2,Mild,4,0,0,14.285714285714286
29,0,2.7,256.7,4.7,3,26.5,75,0,13.6,Mild,0,1,1,53.479166666666664
44,0,4.1,388.8,6.3,2,16.8,61,1,3.5,,4,0,0,60.75000000000001
18,1,1.0,97.3,5.4,1,28.6,81,2,11.9,Mild,1,0,0,17.69090909090909
42,0,1.3,123.5,6.6,2,19.8,88,1,12.2,,4,0,0,18.432835820895523
25,0,1.8,173.2,7.6,2,27.3,62,1,8.4,,4,0,1,22.493506493506494
38,0,2.5,240.2,5.3,1,21.7,79,2,6.6,Mild,4,0,0,44.48148148148148
32,1,2.3,218.9,7.0,2,21.1,67,1,3.4,,2,1,1,30.83098591549296
50,0,2.5,235.1,7.9,2,26.0,66,1,3.6,,0,0,0,29.3875
24,1,3.3,309.6,5.8,1,26.3,70,2,7.5,Mild,4,1,0,52.47457627118645
42,1,2.2,210.8,6.3,2,20.9,71,1,2.1,,1,0,1,32.93750000000001
31,0,0.3,28.7,8.2,0,25.0,73,1,10.2,,3,0,0,3.457831325301205
33,0,4.4,419.0,7.7,2,26.6,79,1,0.5,,4,0,0,53.71794871794872
32,0,3.1,299.0,5.1,1,16.5,68,2,0.4,Mild,3,0,0,57.50000000000001
24,0,0.6,56.0,5.7,1,23.7,69,2,7.7,Mild,3,1,0,9.655172413793103
34,1,2.2,211.2,7.6,2,23.7,84,1,4.0,,3,0,0,27.42857142857143
34,0,3.7,349.4,6.2,2,16.6,63,1,7.2,,4,0,0,55.460317460317455
37,1,1.1,108.0,6.6,2,24.0,74,1,8.4,,2,0,0,16.11940298507463
36,1,3.9,369.2,4.3,3,23.8,60,0,4.7,Mild,4,0,0,83.90909090909092
44,0,1.0,99.5,6.3,2,27.3,77,1,13.2,,4,0,0,15.546875000000002
46,1,3.1,298.7,6.3,2,25.9,70,1,7.4,,2,0,0,46.671875
22,0,0.0,0.0,7.9,2,29.6,65,1,12.3,,0,0,0,0.0
45,1,3.9,371.9,6.0,1,25.5,57,2,13.4,Mild,2,1,0,60.967213114754095
20,0,0.0,0.0,7.9,2,20.1,71,1,13.3,,4,0,0,0.0
42,1,4.3,407.2,6.2,2,22.2,71,1,1.0,,4,0,1,64.63492063492063
42,1,0.8,71.4,8.4,0,28.0,75,1,0.7,,2,0,0,8.4
18,0,5.3,505.9,6.2,2,27.3,62,1,8.9,,1,0,0,80.3015873015873
36,1,2.7,252.2,6.0,1,26.9,85,2,6.2,Mild,2,1,0,41.34426229508197
29,0,4.0,382.4,5.5,1,27.4,65,2,11.6,Mild,3,1,1,68.28571428571429
25,0,2.2,210.9,5.4,1,25.3,61,2,14.3,Mild,2,0,1,38.345454545454544
51,0,0.2,20.6,7.3,2,24.6,77,1,1.0,Mild,1,1,1,2.783783783783784
27,0,1.1,104.3,9.2,0,23.4,65,1,9.5,,3,0,0,11.215053763440862
25,1,3.2,303.9,7.5,2,28.1,87,1,9.1,,4,1,0,39.98684210526316
35,0,6.9,650.8,6.5,2,25.3,58,1,13.0,,0,1,0,98.60606060606061
43,1,4.7,443.0,4.8,3,15.9,70,0,4.7,Mild,2,0,0,90.40816326530613
33,1,2.6,250.1,5.2,1,25.5,85,2,7.7,Mild,2,0,1,47.18867924528302
48,1,3.9,372.1,7.6,2,27.6,72,1,14.1,,2,0,0,48.32467532467533
41,0,2.8,268.5,7.1,2,20.5,62,1,14.9,,2,0,1,37.29166666666667
18,0,2.2,204.4,5.9,1,21.8,71,2,8.5,Mild,1,0,0,34.06666666666667
28,0,2.6,245.7,4.6,3,24.1,70,0,3.1,Mild,3,0,0,52.276595744680854
28,0,1.6,156.5,6.5,2,29.6,81,1,11.9,,1,1,0,23.712121212121215
40,0,2.6,247.5,5.5,1,22.7,88,2,5.6,Mild,0,0,0,44.19642857142858
18,0,3.0,288.7,5.9,1,22.8,69,2,13.7,Mild,1,0,0,48.11666666666667
65,1,2.4,227.9,5.1,1,25.9,68,2,11.9,Moderate,2,0,1,43.82692307692309
41,0,1.8,169.3,7.7,2,24.8,66,1,14.1,,0,1,0,21.705128205128208
36,0,1.7,161.6,6.0,2,21.3,73,1,3.2,,0,0,0,26.491803278688526
49,1,2.1,197.7,7.3,2,24.2,76,1,6.2,,0,0,1,26.716216216216218
63,0,2.7,252.9,7.1,2,24.2,74,1,3.7,Mild,4,0,0,35.12500000000001
45,1,1.8,167.6,6.0,2,29.1,57,1,14.1,,1,0,1,27.475409836065573
46,0,3.3,311.9,6.3,2,20.2,60,1,11.0,,0,0,1,48.734375
36,0,0.0,4.2,9.1,0,24.3,83,1,0.4,,3,0,0,0.4565217391304348
33,0,2.8,266.8,5.3,1,26.2,58,2,4.2,Mild,0,0,0,49.40740740740741
29,0,4.0,375.7,5.4,1,28.3,67,2,11.1,Mild,3,1,1,68.30909090909091
25,0,5.1,489.2,3.7,3,21.6,91,0,10.2,Mild,1,0,0,128.73684210526315
26,0,2.4,226.3,6.5,2,31.4,72,1,0.6,Mild,3,0,0,34.28787878787879
18,1,3.5,329.6,4.0,3,17.3,72,0,5.8,Mild,1,0,0,80.39024390243904
34,1,2.8,266.7,6.0,1,18.1,67,2,11.9,Mild,1,0,0,43.721311475409834
18,0,4.0,382.1,4.2,3,24.9,76,0,5.1,Mild,2,0,0,88.86046511627907
37,0,2.1,202.4,7.6,2,17.5,80,1,3.6,,2,0,1,26.28571428571429
34,0,3.2,307.3,6.3,2,21.5,75,1,10.7,,4,0,1,48.01562500000001
36,1,0.0,0.0,3.0,3,26.0,67,0,9.8,Mild,2,0,1,0.0
28,0,4.0,377.6,5.2,1,29.7,68,2,0.4,Mild,3,0,1,71.24528301886794
71,0,2.7,254.6,6.0,2,25.1,71,1,13.6,Mild,0,0,0,41.73770491803279
51,1,1.4,137.4,7.4,2,25.5,74,1,7.3,Mild,1,0,0,18.32
20,0,2.9,275.8,7.6,2,26.7,50,1,12.9,,2,0,0,35.81818181818182
37,0,4.6,437.9,6.8,2,17.6,76,1,5.9,,1,1,0,63.46376811594203
27,0,1.1,99.9,7.2,2,26.5,79,1,5.6,,3,0,0,13.684931506849317
22,2,1.1,109.0,7.3,2,24.0,68,1,1.8,,2,0,0,14.729729729729732
18,1,0.0,4.3,7.8,2,20.8,63,1,12.0,,2,0,0,0.5443037974683544
40,0,1.1,109.2,6.8,2,20.2,61,1,0.1,,0,0,1,15.82608695652174
26,0,1.1,100.5,6.6,2,23.7,50,1,4.3,,0,0,0,15.000000000000002
46,0,2.2,208.4,6.9,2,27.3,71,1,1.1,,2,0,0,29.771428571428572
46,0,2.6,243.4,8.0,0,28.3,74,1,10.7,,1,1,0,30.049382716049386
51,0,0.4,36.6,4.1,3,23.5,78,0,10.8,Moderate,3,1,0,8.714285714285715
24,1,3.0,281.9,3.8,3,28.2,96,0,4.7,Mild,3,0,0,72.28205128205128
40,1,2.9,272.7,7.2,2,19.7,72,1,10.5,,0,0,1,37.35616438356164
42,1,2.8,269.5,5.5,1,22.2,82,2,3.7,Mild,1,0,1,48.125
29,0,1.2,112.2,6.9,2,30.8,54,1,4.7,Mild,1,1,0,16.02857142857143
25,0,5.4,511.1,6.2,2,28.8,67,1,12.1,,4,1,0,81.12698412698413
54,1,3.4,327.2,9.1,0,20.8,81,1,11.1,Mild,4,0,0,35.56521739130435
37,1,0.5,46.2,7.7,2,27.0,71,1,11.6,,4,0,0,5.923076923076923
42,1,0.1,10.0,8.2,0,21.7,81,1,1.7,,3,0,0,1.2048192771084338
25,0,1.3,122.0,6.4,2,22.8,81,1,2.0,,3,1,0,18.76923076923077
20,0,2.6,250.0,5.6,1,23.8,88,2,4.5,Mild,2,0,1,43.85964912280702
28,0,4.7,443.2,5.3,1,18.7,79,2,1.6,Mild,2,0,0,82.07407407407408
33,0,1.5,140.8,8.2,0,25.2,69,1,7.8,,3,0,1,16.963855421686752
22,0,0.2,16.5,7.6,2,29.5,78,1,8.0,,1,0,1,2.1428571428571432
34,1,2.9,278.4,6.7,2,23.4,61,1,5.2,,1,1,1,40.94117647058823
18,0,1.8,170.3,8.8,0,21.8,92,1,6.2,,0,0,0,19.134831460674157
21,0,2.7,252.8,6.4,2,21.7,66,1,1.5,,4,0,0,38.892307692307696
43,0,2.3,213.9,5.7,1,15.3,70,2,10.2,Mild,0,0,0,36.87931034482759
42,0,2.1,198.7,6.3,2,15.0,74,1,4.0,,3,0,0,31.046875
30,0,4.0,383.4,7.7,2,31.5,78,1,11.7,Mild,1,0,0,49.15384615384615
22,0,3.4,321.2,4.8,3,22.2,84,0,11.6,Mild,1,1,0,65.55102040816327
22,0,2.8,267.9,6.5,2,20.3,63,1,8.9,,2,0,1,40.590909090909086
30,2,0.0,0.0,8.9,0,20.5,58,1,6.6,,1,0,1,0.0
42,0,2.1,201.2,7.2,2,23.8,62,1,3.1,,3,0,0,27.561643835616437
46,1,3.8,360.4,6.2,2,23.0,73,1,14.1,,4,1,0,57.2063492063492
29,1,1.0,98.5,9.2,0,25.6,77,1,13.4,,0,0,0,10.591397849462366
21,0,2.2,204.7,7.1,2,18.8,77,1,11.3,,1,0,0,28.430555555555557
38,1,2.4,229.5,4.7,3,25.8,74,0,13.8,Mild,1,0,1,47.8125
25,1,2.8,269.5,6.4,2,26.3,74,1,13.5,,3,0,0,41.46153846153846
28,1,1.9,178.8,8.2,0,22.8,81,1,7.8,,3,0,0,21.5421686746988
50,0,3.1,296.6,6.7,2,27.3,80,1,3.1,,3,0,0,43.617647058823536
44,0,3.1,291.5,8.4,0,29.3,57,1,3.1,,2,0,0,34.294117647058826
36,1,1.1,106.8,5.5,1,22.9,75,2,7.5,Mild,1,0,0,19.071428571428573
19,1,1.3,124.8,6.7,2,23.8,76,1,10.9,,0,1,0,18.352941176470587
37,0,2.8,261.7,7.0,2,25.3,64,1,6.1,,0,0,0,36.859154929577464
47,1,4.7,445.9,4.8,3,26.6,80,0,6.1,Mild,0,1,0,91.0
30,1,4.0,380.0,6.4,2,27.1,71,1,1.1,,2,0,0,58.46153846153846
51,0,1.6,156.5,7.3,2,26.7,78,1,11.7,Mild,4,0,1,21.14864864864865
50,0,1.3,122.7,5.3,1,26.9,57,2,2.6,Mild,2,0,0,22.722222222222225
54,1,1.9,183.2,4.9,3,24.7,60,0,13.5,Moderate,1,1,0,36.64
38,0,4.8,456.1,7.7,2,27.2,82,1,2.6,,2,1,1,58.47435897435898
42,1,2.5,235.1,6.8,2,27.0,79,1,11.1,,3,0,1,34.072463768115945
51,0,2.8,263.3,3.8,3,23.5,50,0,11.2,Moderate,0,0,0,67.51282051282051
40,1,1.3,119.9,6.0,1,29.3,68,2,12.9,Mild,1,0,0,19.655737704918035
28,1,2.5,240.8,6.7,2,18.2,50,1,7.8,,1,0,0,35.411764705882355
29,0,0.2,20.9,4.2,3,24.6,90,0,6.0,Mild,1,0,0,4.8604651162790695
37,0,0.4,39.9,5.8,1,25.6,64,2,1.5,Mild,1,0,0,6.76271186440678
19,1,2.6,248.8,6.2,2,23.9,68,1,12.5,,4,0,0,39.492063492063494
33,1,2.8,270.3,6.2,2,31.2,64,1,6.3,Mild,2,0,0,42.904761904761905
48,0,1.9,177.9,5.5,1,23.6,67,2,14.8,Mild,1,0,0,31.767857142857146
18,0,3.0,282.8,6.4,2,29.6,65,1,4.5,,4,1,1,43.50769230769231
53,1,0.6,53.3,6.4,2,21.9,82,1,6.6,Mild,2,0,0,8.2
48,0,2.0,187.9,6.5,2,23.2,69,1,6.2,,2,0,1,28.469696969696972
29,1,1.5,146.3,7.1,2,25.0,65,1,7.2,,4,0,0,20.319444444444446
41,0,2.4,225.0,4.4,3,23.5,75,0,3.3,Mild,3,0,1,50.0
35,1,2.0,194.1,7.6,2,19.3,51,1,4.1,,3,0,1,25.20779220779221
49,1,5.9,560.2,6.7,2,25.5,66,1,6.9,,1,0,0,82.38235294117648
46,1,1.1,101.7,7.4,2,24.3,68,1,11.6,,4,0,0,13.56
18,1,2.5,236.8,6.4,2,21.7,59,1,11.2,,4,0,1,36.43076923076923
42,1,6.7,634.7,5.8,1,15.2,78,2,2.8,Mild,3,1,1,107.57627118644069
32,1,3.4,324.6,6.3,2,17.9,71,1,8.0,,4,0,0,50.71875000000001
35,1,2.4,231.9,6.7,2,18.0,76,1,7.8,,4,0,0,34.10294117647059
26,1,3.7,353.7,7.4,2,23.8,77,1,8.6,,1,0,0,47.16
55,0,3.4,327.3,7.4,2,28.4,86,1,4.7,Mild,1,0,0,43.64
47,1,0.8,80.2,6.5,2,21.0,60,1,10.8,,4,0,0,12.151515151515152
26,0,0.2,16.7,7.7,2,26.4,79,1,4.2,,0,0,0,2.141025641025641
18,1,2.6,251.3,7.2,2,19.9,66,1,4.9,,0,0,0,34.42465753424658
30,1,1.8,169.2,7.6,2,23.0,71,1,2.9,,4,1,1,21.974025974025974
40,0,5.9,561.5,5.7,1,22.8,77,2,2.4,Mild,3,1,0,96.8103448275862
37,0,4.2,397.0,7.9,2,24.2,82,1,13.2,,1,0,1,49.625
50,1,4.2,396.9,7.3,2,23.2,72,1,5.9,,0,0,0,53.63513513513514
44,1,0.0,0.0,5.7,1,24.2,79,2,11.3,Mild,1,0,1,0.0
46,0,1.6,153.4,5.8,1,27.2,85,2,11.4,Mild,4,0,0,26.000000000000004
38,0,2.5,236.0,8.5,0,26.1,67,1,8.6,,1,0,0,27.44186046511628
18,2,1.4,132.7,4.6,3,24.9,67,0,12.4,Mild,0,0,1,28.23404255319149
32,1,1.6,148.4,6.7,2,24.7,62,1,0.0,,4,0,0,21.823529411764707
47,1,2.1,200.9,9.2,0,20.9,65,1,2.4,,4,0,0,21.60215053763441
34,0,2.7,255.2,7.9,2,22.1,73,1,12.8,,4,0,0,31.9
41,0,6.6,623.1,7.2,2,24.3,71,1,14.1,,1,0,0,85.35616438356165
31,0,1.5,141.7,5.3,1,24.7,68,2,7.7,Mild,3,0,0,26.24074074074074
22,0,3.8,358.0,7.4,2,19.2,75,1,10.4,,0,0,1,47.733333333333334
33,0,4.7,446.1,8.1,0,15.4,70,1,2.3,,2,0,0,54.402439024390254
38,0,1.0,95.7,6.5,2,23.9,56,1,10.1,,0,1,1,14.500000000000002
27,1,5.5,524.3,6.2,2,20.1,64,1,9.7,,0,0,1,83.22222222222221
32,0,2.9,271.1,7.8,2,29.6,75,1,1.6,,2,0,1,34.31645569620254
23,1,0.0,0.0,6.7,2,26.7,72,1,11.7,,0,1,0,0.0
48,1,4.3,411.6,4.5,3,26.3,63,0,0.5,Mild,4,0,1,89.47826086956523
31,1,0.1,7.0,3.7,3,18.7,63,0,14.7,Mild,4,0,0,1.8421052631578947
52,1,4.7,445.3,6.7,2,27.5,65,1,14.5,Mild,1,0,1,65.48529411764706
53,1,4.0,376.2,5.8,1,21.5,68,2,11.8,Moderate,2,0,0,63.76271186440678
34,0,0.9,89.3,3.6,3,27.1,79,0,7.3,Mild,4,0,0,24.135135135135133
22,1,1.9,181.9,5.8,1,27.5,86,2,4.5,Mild,2,1,0,30.830508474576273
18,0,3.5,335.0,6.0,2,17.7,74,1,5.1,,4,0,0,54.91803278688525
18,1,1.7,158.4,6.2,2,20.0,85,1,1.5,,0,0,0,25.142857142857146
18,1,5.1,485.5,7.6,2,29.8,68,1,10.9,,2,1,0,63.05194805194806
51,0,3.9,367.8,7.2,2,18.1,75,1,14.4,Mild,4,0,1,50.38356164383562
36,0,0.3,24.5,6.8,2,26.2,67,1,3.6,,3,0,0,3.5507246376811596
39,1,2.2,212.5,5.1,1,19.8,77,2,14.7,Mild,2,0,0,40.86538461538462
18,0,3.3,311.6,7.4,2,28.7,80,1,6.8,,2,0,0,41.54666666666667
20,1,1.3,126.4,8.6,0,23.1,65,1,2.1,,3,1,0,14.52873563218391
45,2,4.1,393.1,8.5,0,23.7,83,1,11.6,,2,0,1,45.7093023255814
38,1,3.4,325.1,6.2,2,28.6,66,1,12.5,,1,0,1,51.60317460317461
33,1,3.6,339.8,7.2,2,30.7,60,1,5.1,Mild,0,0,1,46.54794520547946
41,0,2.0,192.6,5.9,1,23.5,81,2,14.5,Mild,0,0,0,32.1
54,0,1.0,92.3,5.9,1,26.1,73,2,8.0,Moderate,4,0,0,15.383333333333333
32,1,4.3,411.0,7.2,2,23.9,73,1,0.5,,1,0,0,56.3013698630137
35,0,5.1,488.4,4.7,3,31.1,75,0,5.2,Moderate,3,0,0,101.75
37,1,4.0,384.7,5.8,1,29.9,68,2,11.5,Mild,3,0,0,65.20338983050848
63,0,3.8,364.5,7.8,2,24.4,78,1,3.0,Mild,0,0,1,46.139240506329116
18,1,2.6,246.4,6.0,2,26.6,58,1,2.0,,3,0,0,40.39344262295082
43,0,1.4,136.5,5.5,1,28.3,90,2,9.2,Mild,0,1,0,24.375
33,0,3.6,343.2,8.9,0,21.4,63,1,4.5,,1,0,1,38.13333333333333
41,1,1.6,148.2,7.4,2,23.4,59,1,9.2,,1,0,1,19.759999999999998
27,0,4.0,380.3,4.4,3,28.0,78,0,4.7,Mild,1,0,0,84.51111111111112
34,2,2.9,276.3,7.0,2,18.7,61,1,11.6,,4,0,1,38.91549295774648
43,0,0.3,27.1,6.8,2,26.6,79,1,6.3,,3,0,1,3.9275362318840585
72,1,2.6,245.5,7.6,2,26.2,78,1,14.8,Mild,4,0,0,31.883116883116887
44,0,0.6,60.4,7.5,2,21.2,59,1,5.6,,2,0,0,7.947368421052632
24,0,0.4,39.3,6.9,2,28.4,69,1,2.2,,3,1,0,5.614285714285714
29,0,0.0,0.0,7.3,2,25.7,85,1,9.5,,2,0,1,0.0
29,0,0.5,45.3,7.3,2,21.4,65,1,10.9,,1,0,1,6.121621621621622
18,1,0.7,68.0,7.4,2,18.4,62,1,5.2,,4,1,0,9.066666666666666
31,0,4.4,418.7,5.9,1,22.2,71,2,11.2,Mild,4,0,1,69.78333333333333
43,0,3.4,319.3,4.8,3,20.3,76,0,5.1,Mild,0,0,0,65.16326530612245
19,1,5.5,522.4,5.9,1,22.0,68,2,1.5,Mild,1,0,0,87.06666666666666
47,0,2.2,209.7,6.1,2,22.3,63,1,1.2,,0,0,0,33.822580645161295
40,0,0.6,53.0,6.8,2,28.8,77,1,7.1,,1,0,0,7.681159420289855
26,0,2.5,236.2,8.0,2,18.7,90,1,14.8,,0,0,1,29.160493827160494
33,1,1.9,177.0,8.5,0,19.7,70,1,8.0,,4,1,0,20.58139534883721
54,0,3.1,297.8,7.4,2,22.3,65,1,8.0,Mild,4,1,0,39.70666666666667
43,1,0.4,34.6,7.9,2,34.3,67,1,12.9,Mild,0,0,1,4.325
35,0,2.6,244.3,6.5,2,17.7,56,1,14.2,,0,0,0,37.015151515151516
32,0,4.5,429.6,5.9,1,15.9,71,2,2.6,Mild,3,0,1,71.60000000000001
35,0,4.5,431.8,7.2,2,29.1,77,1,2.0,,4,0,0,59.15068493150685
28,1,4.3,407.1,7.5,2,22.0,65,1,10.2,,2,0,0,53.56578947368422
18,0,3.3,316.0,7.7,2,20.7,55,1,9.2,,2,0,0,40.51282051282051
59,0,3.9,371.5,6.2,2,25.5,81,1,5.2,Mild,1,0,0,58.96825396825397
36,1,2.4,232.0,6.7,2,26.8,56,1,13.4,,3,0,1,34.11764705882353
39,0,3.1,297.4,8.9,0,27.3,69,1,8.1,,0,1,0,33.044444444444444
34,0,2.3,219.1,3.7,3,26.3,86,0,2.6,Mild,2,0,1,57.6578947368421
26,0,1.7,159.6,7.9,2,21.2,74,1,5.8,,1,0,0,19.95
32,1,2.9,274.1,6.2,2,26.6,52,1,13.2,,4,0,0,43.50793650793651
18,1,5.1,479.9,5.8,1,25.6,60,2,0.3,Mild,4,0,0,81.33898305084746
62,0,2.9,277.2,6.2,2,29.4,63,1,12.6,Mild,2,0,0,44.0
20,1,3.2,306.3,4.3,3,29.9,60,0,14.3,Mild,1,0,0,69.61363636363637
22,1,3.7,348.3,6.2,2,20.4,57,1,5.5,,4,0,1,55.28571428571429
29,0,3.0,283.5,8.1,0,30.8,61,1,4.3,Mild,1,0,0,34.57317073170732
50,1,2.2,206.1,6.3,2,22.2,77,1,2.5,,4,0,1,32.203125
35,0,3.7,348.8,6.3,2,18.3,80,1,0.6,,4,0,1,54.50000000000001
20,0,1.4,133.1,5.7,1,30.7,54,2,10.1,Moderate,4,0,1,22.948275862068964
50,0,4.3,405.2,6.4,2,27.3,93,1,2.6,,0,0,0,62.33846153846154
43,0,4.4,417.1,3.3,3,16.1,81,0,13.4,Mild,0,0,0,122.6764705882353
41,1,2.4,230.8,5.7,1,22.0,88,2,6.8,Mild,1,0,1,39.793103448275865
43,1,1.5,143.2,7.2,2,21.1,59,1,14.6,,4,0,0,19.616438356164384
63,0,5.7,541.6,4.6,3,21.7,60,0,14.7,Moderate,1,0,0,115.23404255319151
61,1,1.4,137.5,5.3,1,31.4,79,2,12.0,Severe,2,0,1,25.462962962962965
26,0,2.1,195.5,6.1,2,23.1,75,1,6.6,,4,0,0,31.53225806451613
54,0,0.0,0.0,7.6,2,22.1,73,1,6.9,Mild,4,1,1,0.0
39,1,4.6,433.5,7.5,2,28.1,69,1,14.3,,1,0,1,57.03947368421053
40,0,0.3,32.9,6.9,2,22.1,67,1,10.9,,1,0,0,4.7
18,1,3.2,307.0,6.1,2,33.6,80,1,6.0,Mild,2,1,0,49.51612903225807
32,1,3.0,280.8,7.0,2,24.8,65,1,12.9,,2,0,1,39.54929577464789
25,0,2.4,226.4,6.4,2,27.9,56,1,4.1,,1,0,0,34.830769230769235
44,0,1.7,160.2,7.6,2,31.8,74,1,14.1,Mild,0,0,1,20.805194805194805
47,0,3.2,300.3,8.3,0,20.8,85,1,3.6,,3,1,0,35.75
18,1,5.1,485.8,6.0,2,27.1,57,1,11.0,,2,0,0,79.63934426229508
34,1,2.1,201.5,5.3,1,21.8,70,2,9.7,Mild,3,0,1,37.31481481481482
48,1,0.0,1.6,6.9,2,24.8,50,1,8.8,,2,1,0,0.2285714285714286
32,1,0.0,0.0,9.4,0,16.4,81,1,7.0,,2,0,0,0.0
43,1,2.2,210.7,7.0,2,21.9,62,1,8.4,,2,0,0,29.676056338028168
39,0,1.8,172.5,5.5,1,29.5,71,2,10.4,Mild,2,0,0,30.80357142857143
39,0,2.2,213.1,6.7,2,27.3,71,1,9.5,,0,1,0,31.33823529411765
31,1,2.9,278.3,6.5,2,22.8,72,1,4.1,,0,1,0,42.16666666666667
20,1,1.8,168.6,5.7,1,24.4,76,2,4.1,Mild,3,0,0,29.06896551724138
21,0,6.6,630.8,7.5,2,27.0,88,1,9.7,,1,1,1,83.0
43,0,3.1,292.0,7.3,2,27.1,68,1,2.3,,3,1,0,39.45945945945946
35,0,3.9,366.0,7.8,2,25.7,69,1,14.6,,0,0,1,46.32911392405064
33,1,2.3,215.2,3.0,3,28.0,59,0,12.7,Mild,0,0,0,69.41935483870967
29,1,2.3,216.2,7.0,2,23.3,53,1,6.8,,4,0,0,30.450704225352112
31,0,1.6,152.9,6.9,2,18.1,64,1,7.9,,4,0,0,21.842857142857145
47,0,2.6,248.2,5.4,1,20.1,75,2,5.3,Mild,2,0,1,45.127272727272725
30,1,0.2,20.3,7.5,2,22.2,67,1,2.3,,4,1,0,2.671052631578948
18,0,0.1,8.6,5.8,1,16.2,83,2,8.9,Mild,1,0,0,1.457627118644068
43,1,1.6,149.1,4.8,3,19.5,70,0,14.8,Mild,3,1,0,30.42857142857143
32,1,1.1,102.6,7.7,2,20.1,84,1,2.4,,3,1,0,13.153846153846153
35,0,1.6,149.2,6.6,2,18.8,72,1,8.0,,0,0,0,22.26865671641791
54,1,2.0,189.5,4.7,3,17.4,65,0,14.4,Moderate,3,1,1,39.47916666666667
34,0,2.1,196.3,8.4,0,30.9,57,1,14.7,Mild,1,0,1,23.094117647058823
38,1,3.7,353.3,6.5,2,27.7,50,1,7.3,,4,0,1,53.53030303030304
20,1,3.7,347.6,5.5,1,22.9,65,2,1.1,Mild,4,0,1,62.07142857142858
32,1,2.5,233.4,4.7,3,24.7,78,0,3.8,Mild,1,0,0,48.625
42,1,5.5,520.4,4.9,3,22.3,68,0,10.6,Mild,4,0,0,104.08
18,1,1.8,171.0,4.8,3,22.3,61,0,1.0,Mild,2,0,0,34.89795918367347
37,0,3.7,356.1,8.5,0,27.7,70,1,9.6,,3,0,0,41.40697674418605
36,0,3.3,309.6,8.9,0,24.9,70,1,6.8,,4,0,0,34.400000000000006
35,1,2.2,206.5,8.1,0,19.9,66,1,2.7,,3,1,0,25.182926829268293
47,1,2.3,219.0,4.7,3,28.6,76,0,1.5,Mild,1,0,0,45.625
39,2,1.8,174.6,7.4,2,25.7,68,1,10.2,,4,0,1,23.279999999999998
52,1,3.6,345.6,9.3,0,27.6,87,1,2.6,Mild,2,0,0,36.765957446808514
23,1,4.4,415.5,5.4,1,24.8,67,2,7.8,Mild,2,1,0,75.54545454545455
36,1,2.6,242.7,6.5,2,24.3,64,1,7.4,,1,0,1,36.77272727272727
36,0,0.0,0.0,9.2,0,23.5,66,1,10.1,,2,0,0,0.0
22,1,3.3,315.3,6.9,2,26.1,79,1,6.5,,1,1,0,45.042857142857144
46,0,2.2,212.0,7.5,2,19.3,76,1,13.7,,2,0,0,27.894736842105264
62,1,0.9,87.2,6.0,2,26.2,65,1,12.8,Mild,4,1,0,14.295081967213116
34,1,2.6,248.2,4.9,3,17.7,61,0,12.3,Mild,3,0,0,49.64
41,1,2.0,187.9,7.3,2,21.5,57,1,4.2,,3,0,0,25.391891891891895
36,0,0.9,81.3,6.3,2,29.8,58,1,14.8,,0,0,0,12.703125
26,0,2.2,206.0,5.9,1,19.6,86,2,7.9,Mild,3,0,0,34.333333333333336
18,1,4.6,438.6,5.4,1,21.7,64,2,14.6,Mild,2,0,0,79.74545454545455
26,1,2.7,257.7,7.6,2,21.9,63,1,12.6,,0,0,1,33.46753246753247
18,0,2.5,241.2,7.2,2,20.8,78,1,13.0,,0,0,0,33.04109589041096
55,0,3.2,301.2,8.8,0,23.0,71,1,10.6,Mild,4,0,0,33.84269662921348
33,1,2.9,271.1,8.0,2,24.6,81,1,2.6,,4,0,0,33.46913580246914
30,0,2.1,197.5,6.9,2,29.6,83,1,14.4,,4,0,0,28.214285714285715
45,1,2.8,265.3,6.7,2,28.1,82,1,6.0,,2,0,1,39.01470588235294
21,1,2.6,249.5,7.9,2,26.3,66,1,14.2,,2,0,0,31.1875
25,1,0.0,0.0,7.2,2,23.5,50,1,13.2,,2,0,1,0.0
35,0,3.3,312.9,8.0,2,21.2,55,1,12.3,,3,0,0,38.629629629629626
47,1,2.6,243.9,6.8,2,26.3,72,1,0.1,,1,0,0,35.34782608695652
41,0,3.3,314.7,7.3,2,25.6,82,1,8.6,,4,0,0,42.52702702702703
37,0,2.5,234.8,8.4,0,26.0,61,1,3.7,,0,0,0,27.623529411764707
35,0,2.0,187.5,4.8,3,22.5,75,0,13.2,Mild,0,0,1,38.26530612244898
39,1,1.1,101.6,8.5,0,24.6,66,1,10.5,,0,0,0,11.813953488372093
37,1,2.7,260.5,8.4,0,24.9,87,1,9.7,,1,0,1,30.647058823529413
22,0,2.7,259.9,6.3,2,21.6,65,1,13.6,,2,1,0,40.609375
35,0,4.5,429.8,6.5,2,28.5,80,1,4.4,,2,0,0,65.12121212121212
22,0,1.8,168.7,6.4,2,17.6,69,1,1.6,,2,0,1,25.95384615384615
35,1,4.1,390.9,5.7,1,21.3,75,2,4.6,Mild,0,0,0,67.39655172413794
29,1,3.7,350.7,8.0,2,20.5,66,1,2.8,,1,0,0,43.2962962962963
65,0,1.3,127.9,5.1,1,22.5,74,2,3.8,Moderate,3,1,1,24.59615384615385
34,1,0.4,40.4,7.1,2,21.8,50,1,8.5,,1,0,0,5.611111111111112
18,0,4.0,382.1,4.9,3,21.7,58,0,6.8,Mild,1,0,1,76.42
33,1,3.2,302.9,5.9,1,27.2,61,2,14.7,Mild,4,0,0,50.48333333333333
41,1,3.7,354.4,5.1,1,24.9,78,2,6.3,Mild,3,0,0,68.15384615384616
55,1,2.7,258.7,6.7,2,20.7,67,1,2.3,Mild,1,0,0,38.044117647058826
27,1,1.0,91.8,7.5,2,26.1,50,1,13.1,,3,0,0,12.078947368421053
18,1,2.8,263.2,8.0,0,25.7,71,1,4.1,,1,0,0,32.49382716049383
44,0,3.5,330.3,6.5,2,16.4,56,1,1.6,,3,0,0,50.04545454545455
18,1,0.0,0.0,9.4,0,22.1,78,1,9.9,,3,0,1,0.0
29,1,3.2,305.9,6.0,2,26.4,76,1,3.8,,3,0,0,50.147540983606554
31,0,3.7,355.6,7.4,2,25.5,57,1,0.2,,4,0,0,47.413333333333334
34,1,3.9,370.3,8.1,0,26.4,75,1,10.0,,2,0,1,45.15853658536586
43,1,3.2,302.6,6.1,2,20.7,87,1,1.1,,1,0,0,48.80645161290324
26,0,1.9,177.5,7.4,2,25.6,57,1,0.0,,4,0,1,23.666666666666668
31,0,2.4,228.2,3.7,3,16.9,72,0,10.2,Mild,1,1,1,60.05263157894736
34,1,0.3,27.0,8.3,0,23.2,72,1,6.8,,1,0,0,3.214285714285714
36,1,4.1,387.2,5.4,1,30.9,65,2,12.1,Moderate,0,0,0,70.39999999999999
36,0,3.7,350.3,8.3,0,27.5,74,1,2.5,,0,1,1,41.70238095238095
40,1,2.0,189.9,6.7,2,24.7,65,1,7.7,,4,0,0,27.926470588235297
45,0,3.4,322.5,7.7,2,21.7,57,1,1.7,,1,0,0,41.34615384615385
39,0,3.4,326.0,5.8,1,29.0,77,2,6.1,Mild,4,0,0,55.2542372881356
40,0,0.9,81.1,10.0,0,24.0,64,1,5.3,,2,0,1,8.029702970297029
18,1,5.6,527.5,6.4,2,22.4,60,1,9.6,,2,0,0,81.15384615384616
35,1,1.2,117.9,9.6,0,29.4,75,1,9.4,,0,0,0,12.154639175257733
40,0,0.0,0.0,7.0,2,24.3,72,1,3.9,,0,0,0,0.0
43,1,3.1,294.8,6.1,2,25.4,86,1,0.8,,4,0,0,47.5483870967742
26,1,3.0,285.5,7.4,2,18.3,76,1,1.6,,2,0,0,38.06666666666667
27,0,1.9,181.2,8.2,0,22.0,66,1,13.7,,2,0,1,21.83132530120482
28,1,2.8,267.4,7.7,2,26.9,78,1,10.9,,4,0,0,34.28205128205128
41,1,1.3,125.7,7.5,2,23.8,60,1,14.1,,2,0,0,16.539473684210527
47,0,0.0,0.0,7.1,2,23.5,84,1,9.3,,0,0,1,0.0
30,1,4.0,376.5,7.5,2,19.7,66,1,13.2,,4,0,0,49.53947368421053
45,1,3.0,281.0,7.1,2,27.5,54,1,11.6,,3,0,0,39.02777777777778
36,1,1.9,184.6,6.6,2,22.5,64,1,3.7,,3,0,0,27.552238805970152
33,0,5.1,486.2,6.1,2,24.9,67,1,11.2,,3,0,0,78.41935483870968
32,1,2.1,195.5,8.4,0,29.5,80,1,9.1,,2,0,0,23.0
43,1,3.4,321.9,4.9,3,30.9,61,0,2.5,Moderate,0,0,1,64.38
38,0,1.0,97.9,7.9,2,20.8,65,1,1.4,,0,0,0,12.2375
62,0,0.0,0.0,7.9,2,22.8,70,1,5.5,Mild,2,1,0,0.0
24,1,3.4,325.1,9.2,0,26.3,71,1,8.8,,0,0,0,34.95698924731183
41,0,3.4,320.8,3.0,3,21.3,87,0,8.4,Mild,4,1,1,103.48387096774194
28,1,5.4,510.3,4.4,3,28.0,79,0,7.2,Mild,4,0,0,113.4
24,0,0.8,77.2,5.8,1,26.6,62,2,7.2,Mild,2,1,1,13.084745762711867
34,1,0.0,0.0,6.2,2,26.5,76,1,0.2,,0,0,0,0.0
36,1,1.6,150.0,7.9,2,23.1,67,1,0.3,,2,0,0,18.75
70,0,3.3,316.4,4.9,3,24.3,89,0,6.1,Moderate,0,1,0,63.279999999999994
32,1,0.0,0.0,6.7,2,26.0,67,1,7.7,,0,0,0,0.0
21,1,2.6,248.9,5.8,1,24.8,78,2,10.1,Mild,4,0,0,42.186440677966104
38,1,1.8,171.6,6.4,2,18.0,81,1,10.0,,4,0,1,26.4
18,0,1.9,180.6,8.4,0,29.4,67,1,14.8,,4,0,1,21.24705882352941
33,1,1.2,112.5,7.5,2,24.6,69,1,5.9,,1,0,1,14.80263157894737
35,1,4.2,395.7,5.6,1,24.1,67,2,1.9,Mild,2,0,0,69.42105263157896
44,1,0.1,10.3,5.3,1,28.9,76,2,4.5,Mild,3,0,0,1.9074074074074077
46,1,3.9,372.6,7.1,2,23.6,96,1,11.5,,0,0,0,51.75000000000001
28,1,3.2,306.4,5.7,1,20.0,77,2,3.7,Mild,1,0,0,52.82758620689655
33,1,1.8,169.4,6.4,2,22.8,74,1,12.3,,4,1,0,26.06153846153846
25,1,4.8,457.1,6.0,1,28.9,64,2,12.1,Mild,2,0,0,74.9344262295082
21,1,0.0,0.0,8.3,0,20.2,80,1,7.0,,0,0,0,0.0
38,0,4.0,379.8,6.0,1,16.4,73,2,11.0,Mild,0,0,1,62.26229508196722
19,0,0.8,80.6,6.4,2,21.7,93,1,12.0,,1,0,1,12.399999999999999
30,0,1.8,172.2,5.6,1,25.8,88,2,10.9,Mild,4,0,0,30.210526315789476
23,1,3.0,281.9,5.6,1,28.7,72,2,4.7,Mild,3,0,0,49.45614035087719
41,0,4.1,386.6,7.5,2,24.8,75,1,2.5,,0,0,0,50.86842105263158
56,1,1.1,101.3,6.8,2,22.5,70,1,1.8,Mild,4,0,0,14.681159420289855
19,2,3.4,318.8,6.3,2,18.3,61,1,14.5,,1,0,0,49.81250000000001
18,1,1.8,175.0,5.1,1,21.9,78,2,1.4,Mild,2,0,1,33.65384615384616
33,1,1.2,115.8,5.6,1,16.4,68,2,6.6,Mild,2,0,0,20.315789473684212
35,1,0.0,3.2,7.6,2,28.3,91,1,1.5,,1,0,0,0.41558441558441567
37,1,1.9,183.4,6.5,2,19.7,71,1,11.9,,3,1,0,27.78787878787879
29,0,0.6,55.1,6.7,2,20.9,57,1,8.3,,2,1,1,8.102941176470589
32,0,0.7,63.3,7.3,2,18.9,74,1,2.6,,1,0,0,8.554054054054054
39,2,1.8,168.1,7.5,2,23.4,79,1,14.4,,2,0,1,22.11842105263158
47,0,2.1,203.6,7.5,2,25.1,76,1,12.7,,1,0,0,26.789473684210527
18,1,1.7,159.3,6.4,2,28.4,73,1,1.9,,2,0,1,24.50769230769231
30,1,2.6,247.4,6.5,2,23.7,70,1,12.2,,3,1,0,37.484848484848484
37,2,5.0,477.6,6.9,2,21.1,75,1,12.7,,1,0,0,68.22857142857143
23,0,1.5,141.9,4.1,3,27.9,72,0,11.6,Mild,3,1,0,33.78571428571429
55,0,1.2,110.2,7.0,2,25.4,59,1,5.3,Mild,3,0,0,15.521126760563382
27,1,1.1,104.1,7.7,2,23.8,90,1,3.8,,0,0,0,13.346153846153845
34,0,0.0,0.0,6.2,2,22.3,73,1,7.9,,1,0,0,0.0
41,0,1.5,147.0,5.2,1,20.3,71,2,7.1,Mild,3,0,0,27.735849056603776
27,1,5.2,491.3,7.9,2,26.5,89,1,8.8,,0,0,0,61.4125
18,1,2.6,247.5,5.7,1,23.8,57,2,6.3,Mild,0,0,1,42.67241379310345
29,1,1.9,179.9,6.7,2,17.9,93,1,3.2,,3,0,0,26.455882352941178
47,0,3.3,312.4,6.9,2,23.0,63,1,8.6,,4,0,0,44.628571428571426
30,1,1.9,176.3,5.6,1,27.7,85,2,8.1,Mild,1,0,0,30.929824561403514
24,1,4.4,414.0,4.5,3,33.1,62,0,13.6,Moderate,1,0,1,90.0
46,1,2.3,219.7,7.0,2,23.0,62,1,9.5,,4,0,0,30.943661971830984
31,0,4.6,436.8,4.6,3,27.1,78,0,11.5,Mild,1,0,1,92.93617021276597
28,1,2.9,274.9,7.4,2,22.4,73,1,6.4,,3,1,0,36.65333333333333
36,1,3.3,312.9,6.3,2,24.4,62,1,12.3,,0,0,0,48.890625
44,0,2.3,215.8,9.2,0,25.3,62,1,4.6,,0,1,0,23.20430107526882
63,0,4.0,375.6,6.6,2,29.6,68,1,14.7,Mild,4,0,0,56.05970149253732
44,1,5.0,479.3,5.4,1,28.5,83,2,12.2,Mild,3,0,1,87.14545454545454
48,0,3.3,314.0,7.5,2,26.5,74,1,0.1,,3,1,1,41.31578947368421
28,0,2.2,211.7,8.0,2,20.7,76,1,12.3,,0,1,0,26.135802469135804
22,1,4.0,376.4,4.8,3,26.0,66,0,8.1,Mild,2,0,1,76.81632653061224
35,1,1.8,170.4,7.2,2,30.0,75,1,8.7,Mild,2,0,1,23.34246575342466
36,0,4.6,439.4,6.7,2,26.3,58,1,15.0,,1,0,0,64.61764705882352
22,1,1.7,165.2,7.9,2,26.8,62,1,10.8,,1,0,0,20.65
32,1,2.4,227.2,5.4,1,24.6,80,2,2.0,Mild,1,0,0,41.309090909090905
39,0,3.8,361.4,7.3,2,22.7,75,1,11.3,,3,0,0,48.83783783783784
39,1,0.0,0.0,7.5,2,26.2,88,1,3.0,,0,1,0,0.0
41,0,3.0,282.4,6.3,2,23.2,77,1,14.0,,3,0,0,44.125
38,1,2.7,260.2,9.8,0,17.7,58,1,4.0,,4,1,0,26.28282828282828
28,0,1.8,171.2,5.3,1,29.4,79,2,6.9,Mild,0,1,1,31.703703703703706
28,1,2.0,191.3,6.4,2,26.7,57,1,12.2,,0,0,1,29.430769230769233
20,0,1.2,117.1,5.7,1,16.1,77,2,14.5,Mild,0,0,0,20.189655172413794
56,0,1.1,100.4,7.2,2,15.0,68,1,2.4,Mild,0,0,0,13.753424657534248
35,0,1.9,178.4,8.8,0,23.2,63,1,1.0,,1,0,1,20.04494382022472
32,1,1.0,95.6,8.6,0,26.4,70,1,11.9,,0,0,0,10.988505747126437
23,0,3.3,310.2,3.4,3,21.6,59,0,12.9,Mild,3,0,0,88.62857142857142
70,0,1.4,135.0,8.7,0,20.4,67,1,9.0,Mild,0,1,0,15.340909090909093
22,0,3.7,351.3,5.8,1,23.4,51,2,2.6,Mild,4,1,1,59.54237288135594
29,1,1.1,102.6,6.0,1,23.4,81,2,2.4,Mild,2,1,0,16.81967213114754
39,0,0.6,53.9,7.1,2,23.1,73,1,6.9,,3,0,0,7.486111111111112
42,1,2.2,206.3,6.3,2,19.4,69,1,2.9,,3,0,0,32.23437500000001
46,0,0.8,72.6,6.5,2,24.7,75,1,5.2,,3,0,1,11.0
56,0,2.3,218.0,5.8,1,24.0,59,2,11.9,Moderate,1,0,1,36.949152542372886
41,1,1.3,125.1,7.2,2,18.0,68,1,1.6,,4,0,0,17.136986301369863
22,1,0.6,57.8,8.4,0,25.9,76,1,4.6,,0,0,1,6.8
31,1,0.6,59.6,7.1,2,22.5,61,1,5.9,,4,1,0,8.277777777777779
38,0,4.3,404.8,6.2,2,20.8,83,1,3.4,,0,0,1,64.25396825396825
59,1,3.6,337.4,7.2,2,24.7,69,1,10.6,Mild,1,0,1,46.21917808219178
18,1,0.5,50.8,8.4,0,22.8,52,1,7.0,,2,0,0,5.976470588235294
49,0,1.3,124.5,7.0,2,22.5,73,1,14.2,,1,1,0,17.535211267605636
37,1,4.7,449.3,6.1,2,20.7,69,1,5.1,,4,0,1,72.46774193548389
45,1,2.5,233.3,7.4,2,25.1,91,1,13.9,,1,0,0,31.10666666666667
33,0,2.0,188.6,5.9,1,28.8,68,2,8.5,Mild,4,0,0,31.433333333333334
24,1,2.7,252.8,4.1,3,23.7,79,0,8.1,Mild,4,0,1,60.190476190476204
44,1,2.9,275.1,7.3,2,21.3,67,1,3.5,,4,0,0,37.175675675675684
42,1,2.5,236.0,6.1,2,27.5,55,1,14.2,,1,0,1,38.06451612903226
46,0,1.3,123.1,6.2,2,24.3,73,1,4.8,,2,0,1,19.539682539682538
34,0,0.0,0.0,4.7,3,18.4,73,0,8.2,Mild,0,0,1,0.0
27,1,2.5,234.6,5.7,1,24.9,80,2,14.1,Mild,2,0,0,40.44827586206897
18,1,0.0,0.0,6.6,2,21.3,52,1,12.8,,0,0,0,0.0
44,1,1.8,167.8,8.5,0,27.1,75,1,4.6,,1,0,0,19.511627906976745
40,0,1.5,144.1,8.9,0,16.2,75,1,12.1,,4,0,0,16.01111111111111
23,1,1.4,134.2,6.6,2,23.5,74,1,10.2,,0,0,1,20.029850746268657
28,0,3.1,298.0,7.2,2,28.5,50,1,0.5,,0,1,0,40.821917808219176
29,1,2.2,207.1,5.3,1,22.6,81,2,7.4,Mild,1,0,0,38.351851851851855
18,0,3.2,305.0,6.7,2,23.5,60,1,6.3,,3,0,0,44.85294117647059
25,0,0.0,0.0,6.5,2,21.1,79,1,9.9,,0,0,0,0.0
21,0,3.6,345.3,4.6,3,23.3,89,0,10.5,Mild,1,0,0,73.46808510638299
30,1,3.9,368.6,7.8,2,18.4,79,1,10.6,,2,1,0,46.65822784810127
26,0,2.4,230.4,6.9,2,19.1,73,1,6.9,,3,0,0,32.91428571428572
18,1,5.4,513.4,7.0,2,18.8,70,1,14.2,,2,1,1,72.30985915492958
59,1,3.5,333.7,6.0,2,29.7,73,1,1.1,Mild,4,1,0,54.704918032786885
50,1,2.4,232.6,3.9,3,18.0,60,0,9.7,Mild,4,0,1,58.15
25,0,4.6,441.6,4.6,3,20.8,76,0,6.6,Mild,0,0,1,93.95744680851065
38,0,2.6,249.5,7.7,2,17.8,69,1,3.5,,2,0,1,31.98717948717949
40,0,1.1,105.9,6.5,2,30.1,58,1,2.1,Mild,3,0,0,16.045454545454547
49,0,3.7,353.1,7.2,2,21.9,62,1,6.9,,2,0,0,48.369863013698634
25,1,4.8,453.2,5.8,1,18.3,72,2,4.6,Mild,1,0,0,76.81355932203391
48,0,0.2,18.9,7.1,2,21.0,56,1,3.3,,2,0,0,2.625
28,0,1.8,171.5,6.7,2,20.2,71,1,0.5,,0,1,1,25.22058823529412
18,0,1.7,164.9,5.6,1,27.6,83,2,4.7,Mild,2,0,0,28.929824561403514
43,1,0.6,55.8,7.2,2,23.1,72,1,14.0,,1,0,1,7.643835616438356
50,0,2.1,197.3,8.5,0,19.3,69,1,8.1,,3,0,0,22.94186046511628
66,0,1.3,126.0,6.2,2,29.7,62,1,3.6,Mild,4,0,1,20.0
20,0,3.1,297.5,4.5,3,26.2,75,0,14.6,Mild,1,0,1,64.67391304347827
43,1,3.2,307.9,7.4,2,20.5,56,1,9.8,,1,1,0,41.05333333333333
30,0,2.7,257.3,4.9,3,25.6,70,0,7.6,Mild,4,0,0,51.46
44,0,2.8,267.6,5.4,1,17.8,72,2,14.0,Mild,2,0,0,48.654545454545456
18,1,4.8,451.9,6.0,1,17.0,66,2,11.7,Mild,0,0,0,74.08196721311475
19,1,5.5,524.6,6.9,2,19.4,75,1,8.0,,3,0,1,74.94285714285715
25,1,3.4,324.2,7.1,2,27.1,91,1,0.1,,2,0,1,45.02777777777778
35,0,1.7,165.4,6.4,2,30.0,75,1,6.2,,4,0,0,25.446153846153848
27,1,2.9,277.3,5.0,3,19.7,83,0,12.0,Mild,0,0,0,54.37254901960785
42,1,2.5,241.9,9.8,0,24.2,79,1,4.3,,3,0,0,24.434343434343432
47,0,3.5,334.8,6.7,2,30.8,86,1,0.8,Mild,0,1,1,49.235294117647065
42,0,1.2,111.4,7.8,2,27.0,65,1,9.1,,4,1,0,14.101265822784812
54,1,3.6,343.7,7.0,2,21.7,51,1,13.5,Mild,0,0,0,48.40845070422535
39,1,2.6,249.2,8.4,0,27.6,68,1,14.8,,3,0,1,29.31764705882353
20,0,2.4,225.4,5.4,1,27.6,61,2,1.7,Mild,2,0,0,40.981818181818184
51,0,2.4,231.1,7.1,2,20.6,65,1,14.4,Mild,4,1,1,32.09722222222222
27,1,4.5,429.6,5.9,1,15.0,64,2,5.8,Mild,0,0,0,71.60000000000001
45,0,6.6,627.3,4.7,3,20.7,78,0,11.2,Mild,4,0,1,130.6875
53,1,2.7,254.3,8.2,0,23.1,85,1,3.1,Mild,3,0,1,30.638554216867476
40,0,1.4,133.3,5.7,1,19.2,82,2,10.1,Mild,3,0,0,22.98275862068966
18,1,2.5,235.8,7.2,2,22.5,70,1,10.1,,2,1,0,32.301369863013704
23,1,3.0,281.5,8.6,0,30.9,53,1,4.2,Mild,3,0,0,32.356321839080465
50,1,2.7,260.5,8.6,0,25.7,63,1,6.7,,2,0,0,29.942528735632187
32,1,2.8,261.7,5.5,1,19.3,56,2,6.2,Mild,1,0,0,46.73214285714286
35,0,2.2,212.3,7.8,2,19.2,70,1,9.8,,2,0,0,26.87341772151899
44,0,4.5,429.6,7.0,2,27.7,79,1,14.7,,0,0,0,60.507042253521135
43,0,2.1,199.1,5.3,1,23.3,92,2,8.6,Mild,1,1,1,36.870370370370374
38,1,3.7,352.2,4.2,3,25.8,72,0,8.2,Mild,3,0,0,81.90697674418605
32,1,0.2,22.3,7.0,2,25.4,50,1,5.1,,0,0,0,3.1408450704225355
31,1,1.7,156.8,8.2,0,23.7,55,1,10.2,,0,0,0,18.891566265060245
45,1,2.9,279.3,10.0,0,33.5,69,1,12.7,Mild,0,0,1,27.653465346534656
41,0,2.5,233.0,5.9,1,22.2,90,2,1.5,Mild,3,0,0,38.833333333333336
31,1,4.3,410.9,6.6,2,18.8,82,1,3.6,,3,0,0,61.32835820895523
47,0,2.9,275.9,5.3,1,24.6,54,2,8.9,Mild,0,1,0,51.092592592592595
33,0,4.5,426.3,8.2,0,23.9,57,1,1.3,,1,0,0,51.36144578313254
24,1,3.2,306.9,6.9,2,25.4,50,1,5.2,,0,1,1,43.84285714285714
25,0,1.3,121.1,7.3,2,22.2,77,1,7.2,,3,1,1,16.364864864864867
23,1,2.2,210.1,6.8,2,22.3,64,1,12.1,,3,0,0,30.449275362318843
31,1,2.3,219.0,5.7,1,29.2,64,2,7.9,Mild,2,0,1,37.758620689655174
49,0,4.4,419.5,7.4,2,27.8,81,1,5.7,,4,0,1,55.93333333333333
25,1,2.1,202.2,7.9,2,23.1,60,1,2.2,,1,1,0,25.275
37,1,2.3,218.0,8.2,0,25.4,61,1,3.0,,2,0,1,26.26506024096386
27,0,1.9,180.6,8.0,2,25.8,72,1,7.8,,4,1,1,22.296296296296298
31,1,2.7,254.9,5.5,1,23.8,69,2,12.1,Mild,3,0,0,45.517857142857146
18,0,3.5,330.4,6.2,2,18.7,80,1,6.0,,4,0,1,52.44444444444444
32,1,3.6,337.4,7.0,2,15.0,61,1,3.4,,3,0,1,47.52112676056338
32,1,2.0,192.9,5.9,1,26.8,73,2,5.7,Mild,0,0,0,32.15
41,0,0.0,0.0,5.6,1,22.4,65,2,0.8,Mild,1,0,0,0.0
37,0,2.9,276.8,6.2,2,29.6,69,1,8.0,,3,1,0,43.93650793650794
20,1,2.7,252.0,6.8,2,18.5,69,1,1.1,,3,0,1,36.52173913043479
48,1,2.7,259.3,10.0,0,25.7,66,1,12.7,,3,1,0,25.673267326732674
37,0,2.5,238.4,8.2,0,19.3,79,1,11.4,,4,0,0,28.722891566265066
37,1,3.0,281.0,5.7,1,24.7,72,2,10.5,Mild,3,0,1,48.44827586206897
34,0,0.0,0.0,6.1,2,21.6,57,1,14.2,,0,0,1,0.0
28,0,2.7,258.3,5.3,1,16.2,73,2,13.3,Mild,2,0,1,47.83333333333334
37,0,1.0,95.9,7.8,2,26.8,66,1,0.0,,2,0,1,12.139240506329115
40,0,4.3,406.3,5.9,1,25.7,67,2,11.7,Mild,2,0,1,67.71666666666667
18,0,2.7,255.1,6.4,2,26.0,77,1,8.8,,3,0,1,39.246153846153845
28,0,1.4,134.3,6.2,2,29.1,67,1,6.5,,0,0,0,21.31746031746032
31,0,0.7,69.1,9.6,0,27.1,71,1,4.3,,4,0,1,7.123711340206185
38,0,1.2,115.5,8.4,0,22.4,76,1,2.9,,1,1,0,13.588235294117647
49,1,1.5,146.0,5.6,1,32.1,70,2,13.2,Moderate,4,0,1,25.6140350877193
25,1,2.6,243.2,5.2,1,26.4,50,2,5.4,Mild,3,0,1,45.886792452830186
29,0,0.7,67.4,8.3,0,20.0,80,1,6.7,,0,0,0,8.023809523809524
28,0,2.9,272.0,5.4,1,22.9,52,2,10.7,Mild,1,0,1,49.45454545454545
25,1,4.0,380.4,8.0,2,21.4,60,1,11.8,,3,0,0,46.96296296296296
30,1,4.2,394.7,7.3,2,31.5,68,1,9.4,Mild,0,0,1,53.33783783783784
44,0,1.9,182.8,5.6,1,27.8,70,2,6.3,Mild,4,0,0,32.0701754385965
22,0,2.5,233.5,7.4,2,25.1,54,1,1.0,,0,0,0,31.133333333333333
40,1,1.5,143.2,7.3,2,22.4,72,1,9.2,,0,0,0,19.35135135135135
18,0,0.7,65.6,5.0,3,32.0,79,0,12.7,Moderate,4,0,0,12.862745098039216
28,2,1.7,160.8,6.8,2,28.9,68,1,0.7,,2,0,0,23.30434782608696
31,0,0.0,0.0,6.6,2,22.2,66,1,5.3,,1,0,0,0.0
55,0,0.0,0.0,7.4,2,24.4,81,1,3.7,Mild,4,0,1,0.0
31,1,3.0,280.6,6.4,2,26.2,66,1,8.1,,1,0,0,43.16923076923077
18,0,2.9,273.6,7.0,2,20.9,50,1,0.2,,3,1,1,38.53521126760564
18,0,4.3,411.3,5.6,1,21.0,74,2,13.2,Mild,3,0,0,72.15789473684211
35,0,4.7,442.0,6.2,2,32.1,66,1,11.9,Mild,2,0,0,70.15873015873017
42,1,2.8,263.4,5.0,3,23.8,64,0,1.6,Mild,2,0,0,51.64705882352941
39,1,1.1,103.1,6.4,2,22.7,86,1,13.4,,4,0,0,15.86153846153846
37,1,1.1,102.6,6.3,2,27.3,60,1,11.5,,4,0,0,16.03125
48,1,0.9,89.3,5.1,1,19.8,63,2,14.3,Mild,1,0,0,17.173076923076923
28,0,2.9,273.4,6.6,2,24.1,61,1,3.9,,4,0,0,40.80597014925373
45,0,1.4,130.5,8.7,0,29.3,77,1,12.8,,2,0,1,14.829545454545457
18,0,0.4,37.3,6.1,2,17.8,79,1,2.2,,2,0,0,6.016129032258065
24,0,3.1,297.5,7.9,2,21.4,78,1,10.4,,2,1,0,37.1875
18,1,3.8,360.1,6.8,2,23.0,73,1,1.1,,1,1,0,52.18840579710146
31,0,1.4,131.1,4.4,3,21.0,74,0,10.7,Mild,4,1,1,29.133333333333333
34,0,2.4,232.6,9.6,0,28.6,76,1,2.3,,4,0,0,23.97938144329897
36,0,4.7,445.8,5.2,1,29.0,83,2,11.0,Mild,1,0,1,84.11320754716982
35,0,3.9,370.5,6.4,2,25.8,93,1,6.6,,1,1,0,57.0
23,0,1.1,106.0,7.3,2,23.7,74,1,2.0,,0,0,0,14.324324324324325
32,0,4.8,459.0,6.2,2,30.4,66,1,8.6,Mild,1,0,0,72.85714285714286
18,1,3.6,339.9,7.4,2,22.3,50,1,0.4,,4,0,0,45.32
51,0,4.9,469.1,7.7,2,24.5,82,1,3.6,Mild,4,0,1,60.14102564102564
31,0,2.2,211.8,5.6,1,25.0,83,2,4.4,Mild,2,0,0,37.15789473684211
29,1,1.2,115.7,6.6,2,22.2,64,1,14.9,,2,0,0,17.26865671641791
54,0,2.4,231.9,5.8,1,23.2,72,2,11.9,Moderate,0,0,0,39.30508474576271
20,0,0.4,36.5,6.1,2,19.6,77,1,4.7,,1,0,0,5.887096774193549
21,0,3.7,355.5,6.6,2,28.6,56,1,5.5,,3,0,0,53.05970149253732
21,0,1.7,158.7,7.9,2,16.1,50,1,6.6,,0,0,0,19.8375
34,0,3.1,293.1,4.6,3,24.3,66,0,11.8,Mild,1,0,1,62.36170212765959
40,1,5.7,545.8,6.0,1,21.1,65,2,10.2,Mild,4,0,0,89.47540983606557
43,1,1.8,168.0,5.7,1,23.4,85,2,8.1,Mild,0,0,0,28.96551724137931
65,0,2.5,237.5,7.4,2,16.0,71,1,6.7,Mild,0,0,1,31.666666666666668
18,0,1.8,170.9,7.4,2,28.3,79,1,3.8,,1,1,0,22.78666666666667
42,0,2.3,216.8,7.8,2,22.6,50,1,6.8,,4,1,1,27.44303797468355
28,1,2.1,204.1,5.2,1,26.4,68,2,11.6,Mild,1,0,1,38.509433962264154
27,1,4.0,380.0,6.8,2,24.1,67,1,6.7,,4,1,1,55.072463768115945
27,0,3.8,364.2,6.3,2,23.2,73,1,7.9,,4,1,0,56.90625
24,1,2.2,205.1,4.7,3,25.6,78,0,5.1,Mild,2,0,0,42.729166666666664
55,0,2.7,254.6,4.8,3,19.3,67,0,7.3,Moderate,3,0,0,51.95918367346939
45,0,2.0,189.8,6.2,2,24.0,81,1,11.4,,2,0,0,30.12698412698413
35,0,4.6,439.2,6.3,2,18.3,71,1,13.8,,0,0,0,68.625
51,1,0.0,0.0,8.5,0,19.9,63,1,7.4,Mild,0,1,0,0.0
18,0,1.3,125.6,6.4,2,21.9,67,1,2.2,,1,0,0,19.323076923076922
19,0,3.1,298.2,7.0,2,21.0,50,1,11.6,,1,0,1,42.0
18,1,3.8,357.8,6.5,2,24.8,83,1,11.4,,1,0,0,54.21212121212122
26,1,4.4,418.3,5.2,1,18.5,71,2,10.1,Mild,2,0,0,78.9245283018868
36,1,2.5,237.5,6.1,2,26.5,76,1,8.7,,4,0,0,38.30645161290323
36,1,1.6,153.4,6.8,2,32.7,82,1,4.8,Mild,3,0,0,22.231884057971016
36,0,2.5,233.6,5.1,1,28.1,53,2,11.2,Mild,0,0,0,44.92307692307693
18,0,4.0,375.5,7.1,2,25.7,50,1,14.8,,0,0,0,52.152777777777786
44,2,1.6,149.9,8.5,0,21.7,85,1,7.0,,1,0,0,17.430232558139537
37,0,2.4,228.8,8.6,0,24.7,61,1,2.4,,2,0,0,26.29885057471265
43,0,2.1,194.8,7.5,2,26.2,71,1,3.4,,1,0,1,25.631578947368425
18,1,4.4,415.2,6.8,2,28.5,67,1,3.9,,2,0,0,60.173913043478265
38,0,0.8,71.9,4.7,3,30.8,71,0,9.5,Moderate,4,0,1,14.979166666666668
20,0,0.0,0.0,5.8,1,21.6,80,2,11.5,Mild,1,0,1,0.0
30,0,2.3,219.9,5.0,1,17.8,59,2,5.2,Mild,4,0,0,43.117647058823536
41,0,3.4,325.9,5.9,1,25.9,88,2,11.0,Mild,0,0,0,54.31666666666666
36,0,1.7,164.7,7.7,2,23.4,67,1,1.3,,0,0,0,21.115384615384613
24,0,0.0,0.0,7.3,2,20.1,86,1,13.5,,0,0,0,0.0
35,0,3.5,330.0,6.9,2,21.6,50,1,1.0,,4,0,0,47.142857142857146
18,1,1.8,174.1,7.3,2,19.9,62,1,12.0,,1,0,0,23.527027027027028
48,0,2.8,269.6,5.7,1,24.7,59,2,10.7,Mild,2,0,0,46.48275862068966
32,0,2.1,195.5,6.4,2,31.9,58,1,9.7,Mild,2,0,1,30.076923076923077
48,1,0.0,0.0,7.3,2,24.3,82,1,0.9,,1,0,1,0.0
28,1,3.0,283.8,7.9,2,22.6,61,1,7.8,,3,1,1,35.475
28,0,3.4,318.6,6.3,2,28.4,81,1,1.8,,2,0,0,49.78125000000001
25,1,2.2,209.7,6.4,2,25.3,78,1,6.6,,2,0,0,32.26153846153846
45,1,0.8,76.8,5.2,1,26.3,81,2,2.5,Mild,1,0,0,14.49056603773585
26,0,5.3,499.6,5.2,1,31.8,55,2,2.3,Moderate,1,0,0,94.26415094339623
42,0,3.1,293.1,6.8,2,16.9,78,1,8.6,,1,0,0,42.478260869565226
30,0,0.5,42.8,6.7,2,18.6,83,1,4.3,,3,0,0,6.294117647058823
18,1,6.0,565.3,4.3,3,22.9,83,0,11.6,Mild,4,0,0,128.47727272727272
28,1,1.6,150.3,5.0,3,29.4,70,0,3.8,Mild,0,0,0,29.470588235294123
20,1,4.5,427.3,5.0,1,23.1,55,2,5.0,Mild,4,0,0,83.78431372549021
35,1,3.5,330.9,6.1,2,27.2,72,1,8.9,,4,0,0,53.37096774193549
20,1,3.0,288.1,7.7,2,18.7,77,1,0.1,,1,1,0,36.93589743589744
46,0,4.6,435.6,6.6,2,27.2,67,1,12.6,,1,0,1,65.01492537313433
33,0,0.0,0.0,5.8,1,24.4,69,2,1.4,Mild,1,0,0,0.0
32,1,3.4,319.1,5.6,1,21.0,81,2,0.4,Mild,0,0,0,55.98245614035089
42,1,2.0,189.4,7.3,2,29.3,73,1,11.6,,4,0,0,25.594594594594597
46,0,6.1,580.5,6.5,2,27.4,87,1,12.0,,0,0,0,87.95454545454545
34,0,0.0,0.0,6.2,2,24.5,72,1,9.6,,2,0,1,0.0
25,1,3.0,282.0,3.8,3,23.4,69,0,12.5,Mild,4,0,0,72.3076923076923
18,0,3.1,292.1,6.9,2,17.8,80,1,13.8,,0,0,0,41.728571428571435
26,1,1.6,152.1,6.4,2,22.3,78,1,3.4,,0,1,0,23.4
27,1,2.1,200.6,8.8,0,18.3,69,1,6.7,,3,1,0,22.539325842696627
36,1,1.8,171.6,6.3,2,24.2,83,1,6.1,,0,0,1,26.8125
30,0,1.0,99.0,6.8,2,25.5,58,1,2.5,,0,0,0,14.347826086956523
43,1,1.1,104.8,6.6,2,26.3,67,1,4.0,,3,0,0,15.64179104477612
27,1,2.3,214.6,7.2,2,24.3,94,1,6.1,,0,1,0,29.397260273972602
34,1,3.5,333.7,6.9,2,30.4,85,1,1.5,Mild,4,1,0,47.67142857142857
49,0,1.5,144.1,5.4,1,18.4,80,2,11.4,Mild,1,0,1,26.2
39,1,0.0,0.0,5.4,1,24.1,60,2,9.1,Mild,4,1,0,0.0
34,1,2.4,224.1,8.0,2,29.0,51,1,13.8,,1,0,0,27.666666666666668
27,1,2.9,277.9,6.0,1,26.5,68,2,0.5,Mild,3,0,0,45.557377049180324
27,1,2.1,202.8,7.3,2,21.8,75,1,9.8,,0,0,0,27.40540540540541
24,0,2.6,243.6,6.2,2,26.9,83,1,11.8,,3,0,0,38.666666666666664
28,1,3.9,368.9,4.2,3,22.1,60,0,7.7,Mild,3,0,0,85.79069767441861
44,1,2.4,227.8,8.3,0,24.3,73,1,14.5,,3,1,0,27.11904761904762
32,0,3.7,353.9,7.4,2,26.7,68,1,0.6,,4,0,0,47.18666666666666
18,1,3.0,281.7,7.2,2,18.2,72,1,7.9,,3,0,0,38.58904109589041
56,1,1.1,103.5,5.7,1,28.1,75,2,4.7,Moderate,0,0,1,17.844827586206897
38,1,4.2,396.5,7.2,2,27.4,69,1,14.6,,2,0,1,54.31506849315068
18,0,0.5,45.4,7.3,2,16.8,64,1,14.4,,3,0,0,6.135135135135135
29,0,0.0,0.0,6.1,2,15.0,68,1,1.5,,1,0,1,0.0
36,0,2.6,251.7,6.3,2,15.6,76,1,5.9,,0,0,0,39.328125
55,0,3.4,322.9,6.4,2,24.2,77,1,3.3,Mild,0,0,0,49.676923076923075
21,0,3.3,313.1,5.8,1,31.4,61,2,12.4,Moderate,2,1,0,53.0677966101695
46,0,0.7,65.4,7.3,2,27.4,58,1,13.7,,0,0,0,8.837837837837839
51,0,2.7,258.3,7.6,2,28.6,81,1,13.3,Mild,0,0,0,33.54545454545455
27,1,0.0,0.8,6.4,2,27.6,56,1,5.4,,3,0,1,0.12307692307692308
31,1,3.0,287.3,6.4,2,25.7,65,1,4.5,,2,1,0,44.2
22,0,2.6,250.2,6.5,2,15.3,69,1,10.1,,3,0,0,37.90909090909091
32,2,3.3,314.9,7.5,2,28.8,72,1,14.0,,2,1,0,41.43421052631579
34,1,3.7,349.9,6.7,2,21.7,71,1,0.9,,2,0,1,51.455882352941174
42,0,3.3,313.4,7.7,2,19.6,78,1,0.9,,3,0,0,40.179487179487175
48,0,0.5,47.8,6.1,2,22.5,85,1,6.1,,0,0,1,7.709677419354839
26,1,1.7,164.9,6.7,2,27.4,70,1,6.3,,4,1,0,24.25
18,1,0.8,75.2,7.6,2,24.1,61,1,7.4,,3,0,1,9.766233766233768
34,0,0.0,0.0,7.8,2,24.6,72,1,7.5,,2,0,0,0.0
38,1,3.6,343.5,6.0,2,23.9,68,1,7.0,,3,1,1,56.31147540983607
37,0,3.5,328.2,6.4,2,29.4,67,1,11.7,,0,0,1,50.49230769230769
31,0,1.1,105.6,5.8,1,17.1,77,2,11.5,Mild,4,1,0,17.898305084745765
36,0,1.3,125.7,4.5,3,24.0,58,0,11.3,Mild,0,0,0,27.326086956521742
53,1,2.5,232.8,6.3,2,26.6,65,1,4.9,Mild,2,0,1,36.37500000000001
39,0,1.7,159.1,6.4,2,24.9,68,1,0.3,,2,0,0,24.476923076923075
30,1,4.2,394.4,5.9,1,29.6,80,2,12.3,Mild,2,0,1,65.73333333333333
28,1,1.9,182.6,5.4,1,24.8,77,2,13.9,Mild,2,0,0,33.199999999999996
32,0,1.2,117.3,7.5,2,22.6,80,1,8.6,,4,0,0,15.43421052631579
54,1,3.1,299.0,7.4,2,21.4,64,1,1.8,Mild,4,0,0,39.86666666666667
32,1,1.1,107.9,6.8,2,17.6,87,1,2.4,,2,0,0,15.637681159420293
34,1,3.6,338.2,5.5,1,21.4,68,2,12.9,Mild,3,1,0,60.392857142857146
29,0,2.4,229.1,5.9,1,19.1,77,2,9.9,Mild,1,0,0,38.18333333333333
48,1,3.9,367.3,6.4,2,23.5,73,1,3.7,,3,0,0,56.50769230769231
58,0,4.0,379.7,7.4,2,16.4,64,1,2.8,Mild,3,0,0,50.626666666666665
40,0,0.5,51.7,5.3,1,24.3,67,2,4.4,Mild,2,0,0,9.574074074074076
35,0,2.6,246.8,5.9,1,22.3,77,2,4.6,Mild,4,1,0,41.13333333333333
35,0,2.4,230.9,6.8,2,28.8,76,1,12.3,,4,0,1,33.46376811594203
18,1,2.3,221.1,7.6,2,26.3,74,1,13.5,,3,0,0,28.714285714285715
43,1,4.2,402.7,4.8,3,28.7,83,0,3.8,Mild,3,0,0,82.18367346938776
36,1,2.5,235.3,5.7,1,24.2,83,2,2.9,Mild,3,0,0,40.56896551724138
40,1,0.4,40.0,4.1,3,27.7,68,0,8.3,Mild,2,0,0,9.523809523809526
26,0,1.8,172.1,8.3,0,24.2,63,1,8.5,,0,1,0,20.488095238095237
30,1,1.4,137.7,5.5,1,20.6,59,2,3.4,Mild,1,0,0,24.589285714285715
30,1,1.9,178.7,7.3,2,22.0,75,1,12.3,,2,1,1,24.14864864864865
47,0,2.5,235.4,8.3,0,26.2,85,1,13.8,,1,1,1,28.023809523809522
30,0,1.5,138.0,8.5,0,25.9,72,1,1.2,,0,0,1,16.046511627906977
59,0,3.4,324.7,4.3,3,25.0,70,0,11.4,Moderate,0,0,1,73.79545454545455
40,0,4.8,454.1,7.5,2,24.3,82,1,7.5,,2,0,0,59.75000000000001
19,0,2.8,262.7,7.6,2,24.9,62,1,2.9,,4,1,1,34.116883116883116
33,0,3.7,349.8,7.6,2,20.6,70,1,6.4,,4,0,0,45.42857142857144
27,1,1.0,95.7,4.2,3,24.6,59,0,7.6,Mild,1,0,1,22.255813953488374
18,2,3.8,359.4,5.7,1,22.7,78,2,8.8,Mild,4,0,1,61.96551724137931
54,0,4.6,432.8,4.3,3,23.3,60,0,0.5,Moderate,3,1,0,98.36363636363637
43,1,4.3,412.0,5.8,1,16.3,82,2,10.4,Mild,3,0,1,69.83050847457628
41,1,1.6,154.4,7.7,2,25.6,66,1,7.6,,0,1,0,19.794871794871796
36,0,4.4,414.0,8.7,0,18.6,91,1,9.6,,2,0,0,47.045454545454554
18,0,5.1,488.3,7.3,2,18.7,50,1,12.7,,4,0,1,65.9864864864865
29,1,1.7,157.6,7.2,2,25.6,73,1,8.5,,0,0,1,21.589041095890412
45,1,3.6,337.4,5.9,1,17.4,75,2,13.4,Mild,3,0,1,56.23333333333333
22,0,1.6,155.5,6.1,2,27.1,66,1,11.9,,4,0,0,25.080645161290324
18,0,0.5,44.3,7.4,2,20.9,91,1,9.4,,4,1,0,5.906666666666666
32,1,2.2,207.0,6.5,2,26.3,86,1,8.7,,2,0,1,31.363636363636367
33,1,1.7,157.4,7.4,2,18.6,77,1,6.5,,4,0,0,20.986666666666668
36,0,2.3,218.1,6.5,2,21.9,66,1,13.2,,4,0,0,33.04545454545455
43,1,0.0,0.0,8.8,0,27.0,65,1,6.2,,2,0,1,0.0
42,0,3.1,292.3,7.7,2,23.0,62,1,0.3,,1,1,0,37.47435897435898
38,1,2.2,204.4,5.7,1,20.3,76,2,0.5,Mild,4,0,1,35.24137931034483
49,1,3.6,344.5,7.4,2,25.8,54,1,13.9,,2,0,0,45.93333333333333
18,1,1.8,172.1,7.0,2,15.0,71,1,1.8,,0,0,1,24.23943661971831
41,1,5.1,484.4,5.4,1,28.5,73,2,11.8,Mild,0,0,1,88.07272727272726
42,1,1.8,175.2,9.2,0,19.5,60,1,12.7,,3,0,0,18.838709677419356
20,1,2.7,253.6,7.0,2,30.0,76,1,8.3,Mild,2,0,0,35.71830985915493
18,0,1.0,97.6,7.3,2,26.9,66,1,12.6,,4,0,1,13.18918918918919
26,1,2.6,251.3,7.6,2,22.8,71,1,1.6,,0,0,1,32.63636363636364
27,0,2.9,275.8,7.2,2,25.7,70,1,15.0,,4,0,0,37.78082191780822
44,1,1.7,156.8,7.9,2,16.7,65,1,9.0,,2,0,0,19.6
27,0,3.6,345.7,5.0,3,20.8,68,0,12.8,Mild,0,0,0,67.7843137254902
24,1,1.7,157.4,8.4,0,22.0,76,1,4.1,,3,0,0,18.51764705882353
27,1,4.2,399.1,6.8,2,25.4,83,1,4.7,,0,0,0,57.84057971014494
48,0,0.4,42.3,7.2,2,23.8,78,1,2.3,,3,1,0,5.794520547945205
35,0,2.4,228.2,5.7,1,22.8,81,2,10.7,Mild,2,0,0,39.3448275862069
32,0,6.4,612.0,5.0,3,22.1,58,0,0.4,Mild,1,0,1,120.00000000000001
33,0,0.0,0.0,5.9,1,23.2,61,2,1.6,Mild,2,1,1,0.0
50,0,3.9,373.4,5.8,1,23.9,61,2,2.6,Mild,3,0,0,63.28813559322034
26,1,3.0,282.6,6.6,2,26.9,60,1,10.4,,4,1,1,42.17910447761195
50,0,2.0,193.8,5.1,1,25.5,66,2,9.8,Mild,0,0,0,37.269230769230774
37,0,4.1,394.2,8.5,0,25.8,59,1,9.3,,0,0,0,45.83720930232558
33,2,3.1,298.4,7.1,2,30.1,68,1,6.2,Mild,3,1,0,41.44444444444444
65,0,2.1,195.4,5.4,1,25.9,64,2,14.0,Moderate,0,1,0,35.52727272727273
22,1,1.4,132.6,8.0,2,24.5,83,1,14.4,,3,0,0,16.37037037037037
30,1,1.9,177.2,6.1,2,26.9,69,1,5.5,,4,1,1,28.580645161290324
20,0,2.1,202.4,5.8,1,23.3,88,2,7.9,Mild,1,0,0,34.30508474576271
46,0,2.2,212.5,8.2,0,24.0,86,1,10.4,,2,0,0,25.60240963855422
55,0,1.3,124.2,6.0,2,29.3,68,1,4.0,Mild,4,1,0,20.36065573770492
55,0,2.7,258.8,6.7,2,24.7,70,1,11.4,Mild,4,0,0,38.05882352941177
49,1,1.5,144.7,7.9,2,26.8,78,1,11.5,,0,0,0,18.0875
32,1,2.7,256.9,8.0,0,29.0,56,1,7.5,,0,1,1,31.716049382716047
30,1,5.4,509.9,6.5,2,31.2,80,1,6.2,Mild,1,0,0,77.25757575757576
18,0,3.8,359.2,4.4,3,16.9,87,0,9.6,Mild,3,0,0,79.82222222222222
59,0,2.4,232.0,5.4,1,17.3,63,2,0.2,Moderate,3,1,0,42.18181818181818
40,1,0.7,69.2,8.6,0,19.5,71,1,12.8,,4,0,0,7.9540229885057485
29,0,2.7,257.7,7.6,2,17.1,65,1,13.0,,4,0,0,33.46753246753247
50,1,5.2,492.0,7.0,2,37.8,82,1,7.6,Mild,0,1,0,69.29577464788733
23,1,1.0,93.9,6.0,1,28.6,87,2,0.2,Mild,3,0,0,15.393442622950822
39,0,0.0,0.0,5.8,1,21.8,56,2,5.6,Mild,1,0,0,0.0
32,1,3.0,282.5,4.9,3,24.5,72,0,6.8,Mild,4,0,0,56.5
42,0,4.8,456.6,5.6,1,20.8,76,2,12.6,Mild,0,0,0,80.10526315789475
34,0,4.3,410.6,6.8,2,19.1,79,1,0.5,,2,0,0,59.5072463768116
18,0,5.0,473.4,8.0,2,15.1,65,1,7.6,,2,0,0,58.44444444444444
35,1,0.6,54.0,6.8,2,16.8,65,1,6.9,,2,1,1,7.82608695652174
47,1,1.9,180.7,6.7,2,27.1,86,1,3.3,,2,0,0,26.573529411764707
34,0,3.1,290.1,7.7,2,21.7,55,1,3.7,,4,1,0,37.19230769230769
44,0,0.0,0.0,6.4,2,20.3,71,1,8.7,,3,0,0,0.0
22,0,2.5,233.6,6.5,2,31.4,65,1,14.5,Mild,3,0,1,35.3939393939394
34,1,1.7,161.7,6.8,2,25.6,67,1,11.9,,3,0,0,23.434782608695652
27,1,2.1,202.4,6.1,2,28.9,88,1,7.5,,1,1,0,32.645161290322584
43,0,2.9,275.6,7.2,2,21.3,71,1,8.6,,1,1,1,37.753424657534254
35,0,2.0,189.5,6.9,2,28.4,85,1,8.6,,3,0,0,27.071428571428573
43,1,0.9,82.2,7.1,2,26.3,84,1,10.5,,4,0,1,11.416666666666668
48,1,3.6,338.0,5.3,1,18.4,82,2,5.1,Mild,2,0,0,62.592592592592595
43,0,0.8,80.7,7.9,2,24.0,56,1,10.1,,2,0,0,10.0875
38,1,2.3,221.4,8.7,0,16.2,71,1,3.8,,3,0,0,25.159090909090914
23,1,1.3,119.0,7.7,2,23.0,82,1,12.0,,0,1,0,15.256410256410257
34,1,3.5,334.9,5.6,1,20.9,84,2,14.1,Mild,4,1,0,58.75438596491228
28,1,0.1,13.2,5.1,1,25.7,71,2,8.4,Mild,0,0,1,2.5384615384615388
30,0,2.4,223.4,6.5,2,22.5,73,1,1.1,,0,0,1,33.84848484848485
30,1,3.0,281.3,7.3,2,29.0,61,1,10.7,,4,1,0,38.013513513513516
23,1,2.9,277.1,5.7,1,23.0,50,2,13.9,Mild,4,1,0,47.77586206896552
18,1,4.1,390.6,6.0,1,24.7,64,2,14.2,Mild,1,0,0,64.03278688524591
26,1,3.7,355.4,7.8,2,25.6,89,1,13.7,,1,0,0,44.9873417721519
37,0,3.2,302.0,4.6,3,22.6,59,0,8.5,Mild,2,0,0,64.25531914893618
18,1,0.0,0.0,7.4,2,29.0,72,1,13.8,,1,1,0,0.0
35,0,3.4,319.5,5.2,1,27.5,79,2,4.0,Mild,0,0,0,60.28301886792453
57,1,4.3,409.8,7.4,2,25.5,65,1,2.2,Mild,4,0,1,54.64
47,1,1.3,126.8,7.7,2,22.0,66,1,7.1,,2,0,1,16.256410256410255
54,1,4.2,403.0,6.3,2,19.4,68,1,0.5,Mild,1,0,1,62.96875000000001
39,1,3.9,366.4,6.8,2,24.1,71,1,1.2,,2,0,0,53.10144927536232
49,0,1.4,137.2,5.7,1,23.5,76,2,9.0,Mild,3,1,0,23.655172413793103
26,1,1.7,162.4,7.8,2,20.6,76,1,10.6,,1,1,0,20.55696202531646
27,0,1.1,100.4,7.3,2,22.8,60,1,2.1,,2,0,0,13.567567567567568
18,1,4.1,388.4,6.3,2,19.2,85,1,5.1,,4,0,0,60.6875
49,1,1.5,140.0,5.8,1,30.5,69,2,12.1,Moderate,0,0,1,23.728813559322035
53,1,1.5,142.6,6.9,2,27.9,50,1,3.0,Mild,4,0,0,20.37142857142857
28,0,2.1,204.1,6.2,2,18.9,59,1,13.4,,3,0,0,32.3968253968254
31,1,0.8,77.0,7.8,2,25.0,66,1,8.4,,1,0,1,9.746835443037975
25,1,3.2,307.2,8.5,0,16.0,64,1,8.9,,3,0,0,35.72093023255814
39,1,2.1,195.2,7.5,2,22.7,59,1,2.3,,0,0,1,25.684210526315788
48,1,4.1,393.9,6.0,1,23.2,70,2,0.9,Mild,1,0,1,64.57377049180327
18,0,3.8,358.8,8.2,0,20.9,85,1,5.4,,1,1,0,43.22891566265061
39,0,4.9,469.9,5.8,1,20.6,78,2,1.4,Mild,0,0,1,79.64406779661017
31,0,0.1,14.0,7.3,2,24.9,60,1,1.5,,3,1,0,1.891891891891892
36,0,0.6,55.5,6.4,2,22.1,88,1,14.2,,4,1,0,8.538461538461538
40,0,2.5,237.9,6.7,2,26.4,79,1,1.0,,0,0,0,34.98529411764706
32,1,2.7,254.2,4.5,3,29.3,60,0,6.6,Mild,2,1,0,55.26086956521739
33,0,2.1,196.3,5.2,1,25.4,61,2,11.3,Mild,4,0,0,37.03773584905661
32,1,5.0,471.3,6.2,2,29.4,71,1,4.3,,1,1,0,74.80952380952381
46,1,1.9,180.4,7.1,2,21.0,75,1,7.5,,0,0,0,25.055555555555557
40,0,3.2,304.1,6.4,2,24.0,82,1,5.4,,0,0,1,46.784615384615385
37,0,3.0,285.5,7.6,2,28.4,56,1,10.7,,2,0,0,37.07792207792208
19,0,1.6,151.2,4.2,3,23.1,70,0,9.1,Mild,3,0,1,35.16279069767442
30,0,3.2,303.8,7.1,2,25.1,73,1,4.6,,2,0,1,42.19444444444445
45,1,2.5,237.0,8.2,0,19.9,73,1,9.5,,2,1,0,28.554216867469883
35,1,4.4,414.0,7.3,2,30.7,67,1,0.0,Mild,3,0,0,55.94594594594595
42,1,4.2,403.3,7.2,2,21.0,75,1,10.1,,1,0,0,55.24657534246575
56,0,0.0,0.0,8.2,0,24.8,76,1,11.7,Mild,0,0,1,0.0
47,0,0.2,18.3,5.5,1,21.2,53,2,0.1,Mild,4,1,1,3.2678571428571432
36,1,2.3,216.8,5.2,1,19.1,70,2,9.9,Mild,1,0,0,40.905660377358494
28,1,3.8,360.5,6.1,2,25.7,50,1,8.2,,1,0,0,58.14516129032259
18,1,2.7,255.0,6.5,2,31.0,56,1,4.2,Mild,1,0,1,38.63636363636364
32,0,3.1,296.6,6.8,2,20.9,57,1,3.0,,4,1,0,42.98550724637682
31,0,6.7,635.0,4.6,3,19.8,63,0,14.4,Mild,0,1,0,135.10638297872342
39,1,1.6,148.7,6.5,2,21.6,75,1,7.2,,1,1,0,22.53030303030303
33,0,3.2,300.5,7.7,2,22.6,66,1,6.9,,2,0,0,38.52564102564103
31,0,2.7,260.9,6.2,2,25.6,80,1,12.7,,4,0,1,41.41269841269841
18,1,3.8,359.9,4.5,3,16.3,73,0,5.7,Mild,3,0,0,78.23913043478261
23,0,3.9,372.9,4.5,3,28.5,74,0,12.1,Mild,0,0,0,81.06521739130434
40,1,3.3,316.6,7.7,2,29.5,81,1,8.5,,2,0,0,40.58974358974359
55,1,4.6,437.2,8.1,0,25.5,60,1,3.2,Mild,4,1,0,53.31707317073171
33,1,4.5,428.4,5.4,1,19.6,74,2,5.3,Mild,4,0,0,77.89090909090909
38,0,3.1,296.5,7.6,2,28.3,72,1,0.3,,3,0,0,38.50649350649351
46,0,2.3,222.5,7.4,2,22.1,69,1,6.6,,4,0,0,29.666666666666668
25,1,2.9,278.8,4.8,3,24.7,84,0,14.0,Mild,0,0,0,56.89795918367348
39,0,0.0,0.9,7.6,2,23.8,74,1,9.5,,2,1,1,0.1168831168831169
26,1,1.7,162.6,7.6,2,19.2,64,1,8.7,,4,0,0,21.11688311688312
45,0,1.1,99.9,6.5,2,31.8,62,1,13.0,Mild,3,0,0,15.136363636363638
36,0,3.8,364.3,5.9,1,18.7,70,2,1.8,Mild,0,0,1,60.71666666666667
38,1,4.5,429.9,6.6,2,24.1,82,1,11.9,,4,0,0,64.16417910447761
25,1,3.5,331.7,5.5,1,24.6,77,2,10.5,Mild,1,1,1,59.23214285714286
43,0,2.3,219.1,8.1,0,24.2,74,1,7.9,,1,1,0,26.719512195121954
60,1,1.4,132.1,6.8,2,25.0,63,1,5.8,Mild,3,0,0,19.144927536231886
22,0,3.8,362.4,5.9,1,24.0,67,2,0.5,Mild,1,0,1,60.4
30,0,4.1,386.5,6.2,2,25.6,50,1,9.3,,1,0,0,61.34920634920635
37,0,2.4,223.9,7.8,2,20.0,79,1,8.5,,0,0,0,28.341772151898738
44,1,2.6,246.0,6.4,2,19.3,76,1,4.3,,0,0,0,37.84615384615385
28,1,2.0,187.5,6.2,2,28.5,97,1,4.1,,2,0,1,29.761904761904763
18,1,3.1,296.8,4.6,3,25.9,74,0,5.4,Mild,2,0,1,63.14893617021278
51,0,1.9,182.1,6.9,2,23.4,82,1,6.5,Mild,2,0,1,26.014285714285712
44,1,2.4,226.3,6.3,2,29.3,75,1,11.1,,0,0,1,35.35937500000001
18,1,0.7,70.7,5.5,1,26.1,70,2,7.7,Mild,0,0,0,12.625000000000002
27,0,2.9,274.9,7.1,2,26.9,75,1,2.3,,0,0,1,38.18055555555556
53,0,5.1,487.1,4.9,3,29.9,77,0,13.4,Moderate,1,0,0,97.42
52,1,3.0,287.0,5.8,1,24.5,71,2,7.2,Moderate,2,0,1,48.64406779661017
46,2,4.1,386.0,7.0,2,22.5,77,1,13.5,,1,0,0,54.36619718309859
32,0,3.6,346.3,7.0,2,22.3,86,1,9.2,,2,0,0,48.77464788732395
35,1,2.3,220.1,6.7,2,15.6,72,1,8.5,,3,1,0,32.36764705882353
33,1,2.5,235.5,6.3,2,19.8,82,1,5.0,,1,0,1,36.796875
48,0,1.7,159.5,6.2,2,27.0,82,1,14.6,,2,0,0,25.31746031746032
24,0,4.0,377.0,5.4,1,20.7,75,2,14.7,Mild,4,0,0,68.54545454545455
25,1,3.2,304.2,6.2,2,22.3,80,1,5.4,,3,0,0,48.285714285714285
47,1,4.0,380.4,7.7,2,26.9,52,1,11.8,,1,0,1,48.76923076923077
34,1,2.7,252.8,5.3,1,24.5,67,2,4.0,Mild,1,0,1,46.814814814814824
51,0,0.0,0.0,3.9,3,24.8,69,0,9.2,Moderate,4,0,1,0.0
26,1,1.4,134.7,5.9,1,29.4,72,2,10.1,Mild,0,0,0,22.45
34,1,4.0,380.2,8.2,0,27.0,79,1,14.8,,4,0,0,45.807228915662655
23,0,2.2,209.5,6.2,2,15.7,64,1,4.3,,0,1,0,33.25396825396825
35,0,4.1,389.0,6.4,2,30.4,58,1,10.6,Mild,1,0,0,59.84615384615385
18,0,4.6,438.5,6.4,2,22.7,72,1,3.7,,0,0,0,67.46153846153847
29,1,3.9,370.0,5.6,1,26.5,60,2,0.5,Mild,4,0,1,64.9122807017544
18,1,3.8,364.6,8.0,0,24.8,66,1,4.3,,2,1,1,45.01234567901235
43,1,0.0,0.0,6.7,2,20.7,57,1,11.8,,3,0,1,0.0
43,0,2.1,204.2,8.0,2,25.7,85,1,14.1,,1,0,0,25.209876543209877
18,0,2.5,236.6,6.7,2,21.6,72,1,0.4,,3,0,1,34.794117647058826
51,1,3.8,365.0,6.5,2,22.5,66,1,1.7,Mild,4,1,0,55.303030303030305
64,1,2.7,253.7,5.4,1,26.9,62,2,5.5,Moderate,3,0,0,46.127272727272725
35,0,0.3,24.4,8.2,0,21.0,65,1,6.8,,2,0,0,2.9397590361445785
27,0,0.3,27.7,6.7,2,16.1,85,1,13.9,,2,0,0,4.073529411764706
68,1,1.8,168.4,6.9,2,20.6,56,1,0.3,Mild,2,0,0,24.057142857142857
19,0,6.5,620.6,8.1,0,29.1,70,1,12.7,,4,1,0,75.6829268292683
35,0,2.9,277.5,6.9,2,27.8,73,1,7.7,,2,0,1,39.642857142857146
37,0,3.3,310.5,6.7,2,26.0,61,1,3.2,,1,0,0,45.661764705882355
51,0,0.3,27.4,8.1,0,25.5,60,1,2.9,Mild,2,1,0,3.3414634146341466
39,0,4.2,394.8,7.2,2,32.0,61,1,0.7,Mild,4,0,0,54.08219178082192
29,0,2.0,192.3,6.1,2,29.1,71,1,3.7,,2,1,1,31.01612903225807
23,0,4.8,451.9,5.6,1,20.9,77,2,14.6,Mild,3,0,1,79.28070175438597
30,1,0.6,60.4,7.4,2,25.8,80,1,12.0,,2,0,0,8.053333333333333
22,1,2.4,224.1,6.0,1,26.5,67,2,14.4,Mild,4,0,1,36.73770491803279
35,0,1.7,164.6,6.8,2,21.2,75,1,2.3,,3,1,1,23.855072463768117
28,0,3.5,328.0,5.0,3,25.6,82,0,8.2,Mild,0,1,1,64.31372549019608
18,0,4.0,377.1,8.4,0,20.8,75,1,14.0,,1,0,0,44.36470588235294
50,1,1.6,147.8,6.0,2,23.7,71,1,9.9,,2,0,0,24.229508196721316
29,0,3.7,352.2,7.2,2,23.2,65,1,0.3,,4,0,0,48.24657534246575
19,1,4.6,439.7,7.1,2,29.0,64,1,1.0,,1,0,1,61.06944444444445
32,0,4.0,377.3,8.5,0,28.0,86,1,6.3,,3,1,1,43.872093023255815
35,1,1.6,155.7,7.1,2,20.3,68,1,5.8,,4,0,0,21.625
18,1,1.9,177.1,6.2,2,32.2,70,1,13.3,Mild,2,0,0,28.11111111111111
38,1,2.2,207.2,6.6,2,26.6,96,1,11.7,,2,0,1,30.92537313432836
22,0,3.9,372.4,5.4,1,18.3,69,2,2.0,Mild,0,0,0,67.7090909090909
55,1,3.1,298.6,8.1,0,20.2,67,1,1.3,Mild,1,1,0,36.41463414634147
41,1,0.6,58.2,6.5,2,18.8,72,1,13.0,,2,0,0,8.818181818181818
30,1,2.5,235.2,8.7,0,22.1,55,1,6.7,,3,1,1,26.72727272727273
26,1,5.0,470.6,5.5,1,31.0,67,2,2.5,Moderate,3,1,0,84.03571428571429
33,0,4.0,378.0,9.5,0,23.8,65,1,13.5,,3,0,0,39.375
42,1,1.6,151.9,5.9,1,25.1,63,2,10.8,Mild,3,0,0,25.316666666666666
34,1,0.2,18.6,6.1,2,31.9,83,1,2.5,Mild,1,0,0,3.0000000000000004
32,0,1.8,166.4,6.0,1,20.4,62,2,9.1,Mild,0,0,0,27.278688524590166
35,0,2.5,237.0,5.8,1,25.4,64,2,7.0,Mild,0,1,0,40.16949152542373
27,0,1.9,178.9,7.2,2,28.4,69,1,3.8,,4,0,1,24.506849315068493
30,0,1.0,97.6,5.9,1,20.5,62,2,8.9,Mild,1,1,0,16.266666666666666
18,0,3.4,321.0,5.1,1,27.3,68,2,6.6,Mild,4,0,0,61.73076923076924
46,1,0.0,0.0,5.9,1,25.0,66,2,8.4,Mild,2,1,0,0.0
38,2,4.2,397.3,8.8,0,18.6,69,1,4.4,,4,0,0,44.640449438202246
25,0,3.6,345.1,5.1,1,27.6,58,2,10.9,Mild,3,0,1,66.36538461538463
57,0,3.1,298.3,6.8,2,25.3,78,1,6.4,Mild,0,0,1,43.23188405797102
36,0,3.4,322.4,5.4,1,24.4,75,2,12.2,Mild,0,0,0,58.61818181818182
22,0,2.1,197.0,7.2,2,25.5,67,1,9.1,,0,1,0,26.986301369863014
45,1,2.5,233.6,6.8,2,30.5,73,1,3.7,Mild,1,0,0,33.85507246376812
39,1,4.7,447.0,8.3,0,24.1,67,1,5.1,,3,0,1,53.214285714285715
39,0,2.3,215.8,6.1,2,20.8,70,1,4.3,,4,1,0,34.80645161290323
29,0,3.1,292.2,7.1,2,18.8,52,1,5.4,,2,1,0,40.583333333333336
40,1,3.3,312.6,7.8,2,20.9,76,1,2.6,,1,1,0,39.569620253164565
31,0,2.7,252.5,6.2,2,20.4,60,1,7.1,,2,0,1,40.07936507936508
41,0,2.2,207.0,6.9,2,21.4,69,1,0.7,,1,0,1,29.571428571428573
18,1,0.0,0.0,5.2,1,23.3,73,2,5.2,Mild,3,0,0,0.0
29,0,3.7,353.7,7.0,2,27.0,89,1,6.4,,1,0,1,49.816901408450704
55,0,4.1,391.1,6.6,2,20.2,80,1,11.5,Mild,2,0,0,58.37313432835822
25,1,2.6,247.9,5.7,1,20.4,50,2,12.9,Mild,1,0,1,42.74137931034483
27,0,4.4,414.7,4.9,3,23.3,65,0,11.6,Mild,3,0,0,82.94
29,1,3.1,291.6,6.2,2,24.0,68,1,1.2,,0,0,0,46.28571428571429
20,1,0.0,0.0,5.6,1,27.2,66,2,9.9,Mild,1,0,0,0.0
18,1,0.9,87.2,7.0,2,24.9,53,1,12.8,,2,0,0,12.281690140845072
32,0,1.8,167.8,7.5,2,25.8,79,1,7.9,,2,0,0,22.078947368421055
36,1,1.6,150.6,4.7,3,24.6,74,0,14.0,Mild,1,0,0,31.375
34,1,2.6,248.1,5.6,1,18.4,64,2,13.3,Mild,3,1,0,43.52631578947369
33,0,1.1,106.7,8.8,0,17.7,64,1,13.2,,4,0,1,11.98876404494382
35,1,5.1,480.2,7.0,2,15.3,72,1,14.5,,0,0,0,67.63380281690141
47,0,0.0,0.0,5.3,1,19.1,78,2,11.5,Mild,3,0,0,0.0
32,0,2.4,226.0,6.1,2,22.7,75,1,10.3,,4,0,0,36.45161290322581
28,2,1.4,130.7,4.6,3,25.1,64,0,11.3,Mild,2,0,0,27.808510638297875
31,0,0.5,51.8,8.3,0,15.0,67,1,5.4,,1,1,0,6.166666666666666
41,1,3.4,321.5,6.5,2,20.6,77,1,0.1,,2,1,0,48.71212121212122
51,1,1.0,93.4,7.0,2,21.8,73,1,0.7,Mild,1,1,0,13.15492957746479
27,0,2.6,243.3,8.0,0,21.8,59,1,12.8,,0,0,0,30.037037037037038
36,0,1.1,102.0,6.6,2,21.8,61,1,6.2,,1,0,0,15.223880597014928
39,1,0.0,0.0,7.3,2,18.3,79,1,5.4,,2,0,1,0.0
23,0,2.2,205.8,8.0,2,23.0,80,1,9.2,,4,0,0,25.40740740740741
35,1,3.0,281.1,5.6,1,20.2,76,2,2.1,Mild,4,1,0,49.31578947368422
18,0,1.6,152.3,5.3,1,29.0,77,2,8.2,Mild,4,1,1,28.20370370370371
18,0,4.5,425.1,8.5,0,28.4,57,1,12.5,,1,0,1,49.43023255813954
39,2,2.9,279.7,5.7,1,20.5,52,2,6.4,Mild,3,0,0,48.224137931034484
30,0,3.6,340.7,3.6,3,21.0,65,0,7.8,Mild,2,0,0,92.08108108108107
37,0,1.5,143.9,5.9,1,31.0,78,2,2.5,Moderate,2,0,1,23.983333333333334
34,1,1.6,147.5,6.0,1,18.3,68,2,11.1,Mild,3,0,0,24.180327868852462
23,0,2.0,189.2,9.1,0,24.2,67,1,8.4,,4,0,1,20.565217391304348
34,0,2.0,187.2,7.4,2,29.9,98,1,8.3,,4,0,0,24.959999999999997
20,0,1.8,171.6,6.5,2,20.3,73,1,3.4,,2,1,0,26.0
51,0,0.8,79.4,6.0,2,17.6,68,1,13.8,Mild,1,0,1,13.016393442622952
18,1,3.7,350.2,7.3,2,21.8,67,1,5.2,,1,0,1,47.32432432432432
32,0,0.3,28.4,8.2,0,22.9,76,1,14.4,,0,0,0,3.421686746987952
22,0,3.4,326.7,7.1,2,24.6,75,1,5.1,,4,0,0,45.375
41,1,3.7,355.7,7.5,2,24.4,72,1,13.5,,2,0,0,46.80263157894737
31,1,2.1,196.6,8.5,0,25.5,60,1,8.4,,1,1,0,22.86046511627907
28,0,6.3,598.8,6.2,2,15.0,77,1,1.0,,0,0,0,95.04761904761904
45,1,2.5,238.8,6.0,2,24.2,63,1,14.3,,3,0,0,39.14754098360656
35,1,2.1,195.8,6.2,2,21.0,62,1,5.0,,1,0,0,31.079365079365083
41,1,2.1,202.3,8.2,0,29.2,69,1,12.2,,1,0,0,24.373493975903617
23,0,4.1,392.2,7.3,2,26.9,76,1,8.5,,2,0,0,53.0
18,0,2.1,199.7,6.9,2,27.8,75,1,3.7,,4,0,0,28.52857142857143
36,1,3.5,328.0,5.8,1,27.9,99,2,2.1,Mild,2,1,0,55.59322033898306
31,0,0.5,44.8,6.0,1,24.5,74,2,3.5,Mild,3,0,1,7.344262295081967
42,0,2.7,258.4,6.6,2,22.1,67,1,8.2,,4,0,1,38.56716417910448
34,1,4.0,378.1,5.2,1,23.3,65,2,7.6,Mild,2,1,0,71.33962264150944
37,1,2.4,231.7,6.4,2,27.7,68,1,4.0,,1,1,1,35.646153846153844
18,0,1.4,129.7,8.2,0,22.8,67,1,2.4,,2,0,1,15.626506024096386
57,1,2.1,196.9,6.5,2,24.3,87,1,5.3,Mild,4,0,1,29.833333333333336
33,0,0.4,34.5,6.7,2,23.6,60,1,2.4,,0,0,0,5.073529411764706
43,1,3.9,367.5,6.6,2,22.9,67,1,7.6,,0,0,0,54.85074626865672
24,1,4.3,411.4,7.5,2,29.0,89,1,6.5,,3,0,1,54.13157894736842
38,0,2.3,219.4,8.8,0,21.9,80,1,6.7,,2,0,0,24.651685393258425
19,1,4.8,453.1,4.9,3,19.5,66,0,3.9,Mild,1,0,0,90.62
40,0,3.6,343.1,7.9,2,26.7,90,1,1.4,,3,0,0,42.8875
30,1,2.5,240.1,7.6,2,23.4,52,1,8.8,,3,0,1,31.181818181818183
35,1,4.5,429.2,4.8,3,21.7,70,0,14.6,Mild,3,0,0,87.59183673469389
43,1,3.6,339.1,5.3,1,22.0,70,2,10.0,Mild,4,0,0,62.796296296296305
20,1,4.3,406.9,7.5,2,22.6,77,1,13.3,,0,0,1,53.53947368421053
26,1,4.6,435.9,7.0,2,21.0,64,1,1.4,,4,0,0,61.394366197183096
40,1,2.1,203.4,4.6,3,30.2,64,0,0.9,Moderate,0,0,1,43.27659574468086
60,0,3.5,335.7,5.5,1,28.4,67,2,11.5,Moderate,2,0,1,59.94642857142858
33,0,0.0,0.0,7.6,2,18.8,66,1,6.8,,4,0,0,0.0
42,1,0.8,71.9,8.0,0,21.5,92,1,12.4,,1,0,0,8.876543209876544
33,0,3.3,309.4,7.0,2,22.5,87,1,7.2,,2,0,0,43.57746478873239
58,1,3.0,289.3,4.0,3,15.0,59,0,1.1,Moderate,4,1,0,70.56097560975611
18,1,1.1,102.1,6.0,1,21.3,69,2,6.8,Mild,1,0,1,16.737704918032787
36,0,1.9,183.6,5.5,1,25.9,51,2,10.0,Mild,2,0,0,32.785714285714285
18,1,3.0,288.3,7.4,2,23.1,65,1,7.7,,2,0,0,38.440000000000005
18,0,2.5,236.9,6.1,2,29.1,68,1,3.3,,1,0,0,38.20967741935485
38,1,2.2,204.9,7.3,2,25.6,62,1,13.9,,1,0,1,27.689189189189193
36,0,0.4,36.5,7.1,2,29.6,58,1,10.0,,3,0,0,5.069444444444445
31,0,3.0,287.4,5.1,1,26.6,68,2,7.9,Mild,4,1,0,55.269230769230774
33,1,2.2,210.5,7.7,2,23.4,59,1,7.1,,0,0,0,26.98717948717949
72,1,5.8,547.1,7.5,2,19.9,75,1,9.2,Mild,1,0,0,71.98684210526316
31,0,4.6,437.7,7.4,2,19.3,73,1,7.0,,0,0,0,58.36
41,0,2.7,256.7,6.9,2,25.2,52,1,4.6,,3,0,0,36.67142857142857
27,1,0.0,0.0,6.9,2,27.7,73,1,5.8,,0,0,0,0.0
38,1,6.1,583.0,5.3,1,24.6,62,2,2.9,Mild,1,0,0,107.96296296296298
32,1,3.7,353.9,8.0,2,25.8,72,1,11.4,,4,0,0,43.691358024691354
30,0,1.7,159.0,8.7,0,26.7,59,1,12.1,,0,1,0,18.06818181818182
56,0,3.8,363.7,5.6,1,22.4,83,2,11.0,Moderate,2,0,0,63.80701754385966
49,1,3.7,350.8,5.1,1,25.9,73,2,6.9,Mild,0,0,0,67.46153846153847
36,1,1.5,144.1,5.5,1,26.1,75,2,3.2,Mild,3,0,0,25.732142857142858
18,0,1.1,104.9,5.7,1,19.6,54,2,14.4,Mild,3,0,0,18.086206896551726
30,0,3.6,343.2,6.9,2,24.7,70,1,11.6,,1,0,1,49.028571428571425
67,0,4.1,390.8,4.8,3,25.7,79,0,11.6,Moderate,4,0,0,79.75510204081634
32,1,3.0,283.3,5.9,1,25.5,98,2,9.4,Mild,0,0,0,47.21666666666667
48,0,2.9,274.0,5.9,1,25.1,80,2,4.2,Mild,1,0,0,45.666666666666664
52,0,4.5,430.4,6.5,2,27.1,85,1,2.7,Mild,4,0,0,65.21212121212122
37,1,2.3,216.1,6.4,2,32.8,77,1,1.7,Mild,3,0,1,33.246153846153845
24,2,0.0,0.0,7.5,2,24.8,58,1,9.3,,0,0,1,0.0
18,0,3.3,313.6,6.4,2,30.3,70,1,2.7,Mild,1,1,0,48.24615384615385
43,0,4.2,401.8,6.6,2,17.2,88,1,5.6,,0,1,0,59.97014925373135
25,0,3.2,305.2,8.8,0,24.6,71,1,12.3,,0,0,0,34.29213483146067
37,1,0.6,55.3,7.1,2,17.7,81,1,4.3,,2,0,1,7.680555555555556
20,1,1.5,146.1,7.1,2,22.0,65,1,4.0,,3,0,1,20.291666666666668
31,1,2.3,217.6,9.6,0,30.8,67,1,10.8,Mild,4,0,1,22.43298969072165
35,0,0.5,49.0,6.7,2,27.2,55,1,7.8,,3,0,0,7.205882352941177
38,1,1.6,155.4,8.5,0,24.4,87,1,8.4,,1,0,1,18.069767441860467
21,0,4.6,436.3,7.8,2,28.6,61,1,1.9,,3,1,0,55.22784810126583
49,1,1.0,95.8,5.7,1,25.0,69,2,4.3,Mild,1,0,0,16.517241379310345
27,0,2.1,195.2,6.9,2,22.4,66,1,5.5,,3,0,0,27.885714285714283
18,0,3.6,339.6,7.2,2,17.2,69,1,14.5,,1,0,0,46.520547945205486
33,0,0.1,8.1,8.1,0,25.7,57,1,0.6,,1,0,0,0.9878048780487805
35,0,4.5,430.7,5.4,1,20.1,61,2,12.8,Mild,0,0,1,78.30909090909091
36,2,1.6,149.5,5.8,1,24.0,64,2,1.9,Mild,2,0,0,25.33898305084746
51,1,0.9,87.4,7.9,2,23.5,79,1,14.8,Mild,2,0,1,10.925
32,1,4.6,435.3,5.1,1,22.5,76,2,2.9,Mild,0,0,0,83.71153846153848
33,1,3.8,361.7,6.0,2,25.3,62,1,4.3,,2,0,0,59.295081967213115
21,0,1.0,91.5,5.1,1,31.2,95,2,12.4,Moderate,4,0,1,17.59615384615385
44,1,1.9,183.1,5.7,1,24.7,64,2,5.4,Mild,0,0,0,31.56896551724138
37,0,2.9,277.9,6.3,2,23.7,57,1,9.7,,2,0,0,43.421875
29,1,2.0,190.9,6.5,2,23.1,61,1,8.8,,0,0,0,28.924242424242426
18,0,4.4,420.5,6.5,2,24.1,75,1,10.3,,0,0,0,63.71212121212122
52,0,3.8,360.5,6.3,2,28.2,63,1,12.4,Mild,0,0,0,56.32812500000001
20,0,0.0,0.0,8.1,0,15.0,79,1,4.5,,2,0,0,0.0
27,0,1.3,119.8,8.3,0,23.0,51,1,13.1,,2,0,1,14.261904761904761
39,1,1.7,160.5,5.9,1,15.0,77,2,14.6,Mild,4,0,1,26.75
20,1,1.8,170.5,4.7,3,22.1,62,0,10.1,Mild,0,1,0,35.520833333333336
18,0,3.2,301.1,7.0,2,24.2,82,1,8.5,,2,0,0,42.40845070422536
18,1,4.2,399.2,7.6,2,28.0,60,1,14.8,,4,0,1,51.84415584415585
43,0,1.5,146.2,5.8,1,27.1,74,2,1.4,Mild,3,0,0,24.779661016949152
28,0,0.8,76.9,6.5,2,29.4,80,1,5.8,,4,0,1,11.651515151515152
70,0,2.0,191.3,7.9,2,22.6,62,1,3.5,Mild,2,0,1,23.9125
23,1,0.0,0.0,8.3,0,20.3,64,1,1.2,,3,0,0,0.0
23,0,3.5,336.8,7.0,2,21.6,63,1,13.0,,1,0,0,47.43661971830986
28,1,2.3,219.7,6.7,2,26.6,77,1,5.1,,2,0,0,32.30882352941176
37,1,1.9,178.4,6.1,2,29.6,79,1,2.1,,4,1,0,28.7741935483871
29,1,2.8,268.7,6.8,2,25.7,50,1,5.7,,3,1,0,38.94202898550725
42,1,1.1,106.7,6.9,2,22.0,71,1,5.7,,0,0,0,15.242857142857144
23,1,2.0,187.6,7.5,2,18.5,69,1,1.9,,4,0,0,24.68421052631579
18,1,1.5,140.8,7.3,2,23.1,70,1,8.0,,2,0,1,19.02702702702703
18,0,0.0,0.0,5.3,1,26.7,81,2,1.5,Mild,4,0,1,0.0
18,1,2.5,236.5,6.5,2,19.0,74,1,3.0,,0,0,0,35.833333333333336
28,0,6.3,596.3,7.6,2,32.0,63,1,10.8,Mild,1,1,0,77.44155844155844
31,1,2.5,241.5,3.7,3,23.2,70,0,4.6,Mild,4,0,1,63.55263157894736
27,1,1.3,127.3,5.2,1,28.0,88,2,9.7,Mild,2,1,0,24.0188679245283
49,0,2.6,245.6,5.4,1,19.7,75,2,3.2,Mild,3,1,0,44.654545454545456
49,0,0.9,81.5,7.7,2,22.2,58,1,7.9,,1,0,1,10.448717948717949
30,1,1.6,152.5,6.2,2,29.3,61,1,1.5,,1,0,1,24.206349206349206
18,1,1.9,176.8,6.9,2,19.3,73,1,0.6,,0,0,0,25.25714285714286
28,1,1.7,158.4,7.3,2,26.2,62,1,8.3,,1,0,0,21.405405405405407
27,1,2.1,195.6,7.3,2,20.5,60,1,11.7,,1,0,0,26.432432432432435
27,0,3.5,335.9,5.7,1,20.3,74,2,10.6,Mild,1,0,1,57.91379310344827
26,0,1.9,179.5,6.3,2,23.7,81,1,11.6,,2,1,0,28.046875000000004
27,1,2.1,195.3,6.5,2,21.4,63,1,7.3,,1,0,0,29.590909090909093
30,0,0.0,0.0,9.0,0,25.2,59,1,10.4,,4,0,0,0.0
27,1,0.5,49.0,6.7,2,23.1,65,1,1.2,,1,0,1,7.205882352941177
37,0,2.6,249.1,7.3,2,21.1,71,1,12.5,,0,0,0,33.66216216216216
39,0,4.2,400.2,7.2,2,23.3,79,1,5.1,,1,1,1,54.821917808219176
24,0,2.2,210.7,8.0,2,30.1,78,1,13.1,Mild,4,0,0,26.012345679012345
50,0,2.4,227.0,7.7,2,20.3,65,1,8.7,,0,0,0,29.102564102564102
23,0,0.4,35.3,7.0,2,19.7,72,1,1.5,,2,0,0,4.971830985915493
18,1,1.3,120.6,7.4,2,20.0,53,1,6.3,,0,0,0,16.08
39,0,2.9,271.5,9.6,0,20.1,67,1,12.1,,4,0,0,27.989690721649488
25,1,4.3,408.9,5.5,1,20.3,62,2,3.6,Mild,0,1,1,73.01785714285714
38,1,2.8,266.2,6.0,1,18.7,56,2,2.7,Mild,3,0,0,43.63934426229508
18,0,2.3,218.8,5.3,1,27.5,82,2,0.3,Mild,4,0,0,40.518518518518526
51,1,2.9,274.3,6.8,2,24.7,58,1,10.3,Mild,0,0,0,39.753623188405804
43,0,1.0,93.5,6.3,2,23.8,80,1,5.6,,1,1,0,14.609375000000002
18,0,1.1,104.8,5.6,1,33.6,91,2,2.6,Moderate,0,0,0,18.385964912280702
18,0,2.2,204.6,6.7,2,26.4,60,1,9.0,,1,0,0,30.08823529411765
55,0,0.8,72.9,5.2,1,38.2,70,2,2.2,Severe,3,0,1,13.754716981132077
26,1,3.6,337.3,8.0,2,29.2,74,1,10.9,,2,0,0,41.64197530864198
24,2,3.9,371.3,7.7,2,19.1,84,1,8.7,,4,0,0,47.6025641025641
18,1,2.1,198.7,8.8,0,18.7,77,1,3.7,,2,0,0,22.325842696629213
30,0,3.6,345.2,9.6,0,21.9,72,1,13.1,,0,0,0,35.58762886597938
32,0,4.7,449.5,4.3,3,22.6,72,0,8.4,Mild,3,0,0,102.15909090909092
43,0,3.1,294.9,6.3,2,29.1,63,1,1.9,,0,0,0,46.078125
18,0,3.8,365.3,8.0,2,22.4,81,1,10.8,,3,0,0,45.098765432098766
18,0,2.4,226.7,8.2,0,23.6,77,1,4.7,,2,0,0,27.313253012048197
40,1,3.9,365.8,7.5,2,19.3,81,1,11.6,,3,0,1,48.131578947368425
47,1,2.3,219.7,5.4,1,26.6,68,2,6.0,Mild,0,0,1,39.945454545454545
18,1,1.5,138.2,7.1,2,28.4,74,1,1.1,,3,1,0,19.194444444444446
47,0,3.5,336.3,7.7,2,27.1,79,1,9.5,,1,0,1,43.11538461538462
35,0,2.8,268.8,6.2,2,24.5,59,1,4.7,,1,0,1,42.66666666666667
48,0,3.7,348.6,5.5,1,28.1,84,2,14.1,Mild,3,1,0,62.25000000000001
34,0,1.4,131.9,6.5,2,26.1,77,1,12.4,,3,0,0,19.984848484848488
18,0,3.0,282.7,5.9,1,27.2,58,2,5.3,Mild,3,0,0,47.11666666666667
33,1,3.9,371.8,6.7,2,20.9,59,1,0.4,,3,1,0,54.6764705882353
47,1,1.8,173.9,5.0,1,22.8,73,2,8.1,Mild,3,0,0,34.09803921568628
24,1,3.7,351.6,8.4,0,26.5,94,1,9.7,,1,0,0,41.36470588235294
30,0,4.9,461.6,5.6,1,22.1,71,2,10.2,Mild,4,0,0,80.98245614035089
32,1,1.6,153.6,5.5,1,32.2,79,2,5.2,Moderate,2,0,0,27.42857142857143
18,0,2.9,275.4,6.1,2,25.7,69,1,2.1,,1,1,1,44.41935483870968
55,0,5.1,487.5,6.6,2,26.3,73,1,8.4,Mild,3,1,1,72.76119402985076
24,1,0.3,32.9,5.1,1,28.2,79,2,7.3,Mild,4,0,0,6.3269230769230775
41,1,3.1,295.2,5.8,1,25.1,83,2,14.9,Mild,4,0,0,50.03389830508475
33,1,3.5,336.2,6.4,2,25.9,64,1,8.6,,2,0,1,51.723076923076924
50,1,2.5,240.4,5.8,1,21.7,69,2,2.7,Mild,0,0,0,40.74576271186441
39,0,5.9,556.3,5.0,3,22.7,64,0,5.4,Mild,0,0,0,109.07843137254902
32,1,3.2,307.4,7.7,2,24.0,75,1,8.0,,0,0,1,39.41025641025641
24,0,4.5,429.1,7.4,2,19.6,74,1,12.6,,0,0,0,57.21333333333334
44,0,3.8,356.3,7.5,2,30.4,62,1,7.2,Mild,1,1,1,46.881578947368425
18,1,4.7,450.5,7.0,2,19.4,72,1,12.0,,1,0,1,63.45070422535212
42,0,2.8,262.6,5.2,1,19.7,81,2,2.3,Mild,3,0,0,49.547169811320764
21,0,0.5,51.5,6.9,2,24.0,72,1,5.7,,4,1,0,7.357142857142857
50,0,3.3,315.4,8.1,0,25.8,62,1,7.8,,1,0,0,38.46341463414634
36,1,0.0,0.0,5.5,1,21.1,73,2,0.4,Mild,1,0,1,0.0
42,1,2.0,189.9,5.5,1,21.9,66,2,11.4,Mild,2,0,1,33.91071428571429
35,1,1.8,171.0,7.1,2,22.9,72,1,12.5,,1,0,0,23.750000000000004
18,1,1.9,182.2,7.6,2,24.1,54,1,4.9,,0,0,0,23.662337662337663
24,0,4.4,417.6,7.2,2,26.6,78,1,14.4,,1,0,0,57.205479452054796
43,0,2.5,233.9,7.0,2,21.0,80,1,11.0,,0,0,1,32.94366197183099
36,0,5.6,530.4,5.0,3,22.3,59,0,12.4,Mild,1,0,0,104.0
49,1,2.4,228.3,7.2,2,25.5,74,1,9.8,,3,0,0,31.27397260273973
39,1,0.0,0.0,6.3,2,28.7,61,1,12.3,,3,1,0,0.0
23,0,1.6,153.1,7.2,2,27.7,78,1,14.7,,2,0,0,20.972602739726028
25,1,3.8,358.7,6.3,2,25.5,76,1,12.7,,4,0,0,56.046875
36,1,0.5,45.5,6.6,2,15.8,81,1,7.1,,2,0,1,6.791044776119404
18,0,2.0,186.8,9.5,0,20.5,84,1,9.5,,1,0,0,19.458333333333336
55,1,3.7,353.8,5.0,1,20.9,68,2,8.7,Moderate,1,0,0,69.37254901960785
40,0,2.0,192.5,5.8,1,28.1,72,2,7.6,Mild,1,1,1,32.6271186440678
49,1,1.7,158.4,8.0,0,19.8,88,1,11.5,,1,0,0,19.555555555555557
18,0,4.4,416.2,8.4,0,17.9,51,1,6.6,,0,1,0,48.96470588235294
49,0,2.2,205.2,7.5,2,25.6,58,1,4.6,,4,0,1,27.0
61,1,0.9,89.0,6.6,2,26.0,80,1,0.6,Mild,3,1,0,13.28358208955224
19,0,3.8,356.3,5.5,1,21.0,62,2,1.3,Mild,4,1,0,63.62500000000001
44,0,4.2,399.5,7.4,2,22.2,88,1,3.3,,0,1,1,53.266666666666666
35,0,2.8,263.2,6.6,2,30.4,62,1,2.3,Mild,1,1,0,39.28358208955224
18,1,1.6,154.9,6.1,2,18.5,76,1,0.4,,0,0,0,24.98387096774194
40,0,1.2,111.1,8.1,0,19.8,73,1,10.4,,3,0,0,13.548780487804878
45,1,1.7,158.6,6.6,2,26.4,69,1,11.4,,4,0,1,23.671641791044777
27,0,0.6,57.9,5.3,1,24.5,74,2,5.3,Mild,1,0,0,10.722222222222223
48,0,1.8,167.3,6.9,2,23.7,73,1,14.8,,2,0,0,23.900000000000002
18,0,3.3,315.8,6.1,2,17.8,77,1,8.8,,3,0,0,50.93548387096775
18,0,3.6,342.5,5.3,1,20.2,86,2,1.5,Mild,1,0,1,63.42592592592593
36,1,2.5,241.4,7.0,2,22.8,78,1,5.5,,2,0,0,34.0
35,1,3.1,292.0,7.1,2,31.6,82,1,8.7,Mild,3,0,0,40.55555555555556
26,0,2.1,204.0,3.7,3,21.9,68,0,14.3,Mild,1,0,0,53.68421052631579
44,0,1.4,133.4,8.1,0,18.1,56,1,10.2,,2,0,1,16.26829268292683
41,1,2.0,188.7,7.9,2,22.2,61,1,0.1,,1,0,1,23.5875
45,1,4.2,397.7,6.2,2,21.1,88,1,10.0,,4,0,0,63.12698412698413
33,0,0.0,0.0,6.1,2,26.3,89,1,9.8,,4,0,1,0.0
42,0,0.8,74.2,7.5,2,15.0,59,1,12.9,,2,0,0,9.763157894736842
29,1,1.8,170.1,6.7,2,21.3,63,1,2.0,,4,0,0,25.014705882352942
59,1,0.8,79.2,6.2,2,29.7,67,1,12.1,Mild,4,0,0,12.571428571428573
25,0,3.2,299.9,5.9,1,26.5,71,2,13.1,Mild,3,1,0,49.98333333333333
60,0,0.2,19.0,7.2,2,24.3,83,1,12.0,Mild,0,0,0,2.6027397260273974
35,0,4.3,409.0,7.9,2,21.8,81,1,6.2,,4,0,0,51.125
18,1,5.4,516.3,4.6,3,26.7,61,0,10.4,Mild,2,0,0,109.85106382978724
51,0,2.9,273.0,6.9,2,26.6,59,1,12.3,Mild,3,0,1,39.0
36,0,1.6,149.3,5.7,1,19.5,56,2,14.2,Mild,2,0,0,25.74137931034483
45,1,3.9,369.6,6.8,2,28.4,63,1,5.0,,4,1,0,53.56521739130436
49,0,2.1,197.2,7.4,2,32.9,57,1,3.1,Mild,1,0,1,26.293333333333333
39,0,1.2,115.7,5.3,1,22.4,78,2,11.3,Mild,1,1,0,21.425925925925927
27,1,2.6,245.0,7.3,2,20.0,58,1,1.5,,4,0,0,33.10810810810811
46,0,0.1,12.8,7.3,2,27.2,72,1,8.4,,1,0,1,1.72972972972973
35,0,1.4,132.1,8.4,0,27.7,57,1,12.9,,0,0,0,15.541176470588235
43,0,1.4,128.4,6.8,2,23.0,100,1,3.3,,2,0,0,18.608695652173914
18,0,2.4,224.0,7.0,2,19.2,76,1,5.8,,0,0,1,31.549295774647888
40,1,0.1,11.0,7.5,2,25.7,78,1,12.4,,3,0,1,1.4473684210526316
27,1,1.1,105.5,8.5,0,15.0,67,1,7.5,,4,0,0,12.267441860465118
54,0,1.7,164.3,4.6,3,24.6,78,0,2.7,Moderate,2,1,0,34.957446808510646
42,0,3.2,305.1,4.7,3,15.0,67,0,1.3,Mild,4,0,0,63.56250000000001
37,1,2.5,237.9,6.5,2,22.3,88,1,8.4,,4,0,0,36.04545454545455
40,0,5.0,470.5,6.7,2,28.8,61,1,0.3,,0,0,0,69.19117647058823
23,1,1.1,108.6,4.8,3,32.6,70,0,5.1,Moderate,1,0,0,22.16326530612245
54,0,3.8,363.4,6.4,2,28.2,69,1,9.2,Mild,1,0,0,55.9076923076923
58,1,3.8,363.3,5.5,1,24.7,58,2,0.1,Moderate,2,1,1,64.875
39,1,2.8,263.2,5.0,1,25.9,81,2,13.0,Mild,2,0,0,51.6078431372549
54,0,2.7,257.7,6.4,2,24.9,61,1,14.4,Mild,2,1,0,39.646153846153844
28,0,2.9,275.1,7.4,2,19.9,55,1,6.2,,3,0,0,36.68
25,0,1.1,103.7,9.1,0,25.7,77,1,0.6,,1,0,0,11.271739130434783
35,0,3.9,374.4,8.9,0,22.6,56,1,4.2,,3,0,0,41.599999999999994
40,0,2.6,248.2,8.1,0,27.2,77,1,9.9,,2,0,0,30.26829268292683
30,0,0.7,66.1,7.3,2,28.6,80,1,0.6,,0,0,0,8.932432432432432
41,0,4.3,407.2,6.2,2,22.2,61,1,12.8,,2,0,0,64.63492063492063
38,0,2.3,222.0,6.8,2,23.7,78,1,12.0,,0,0,0,32.173913043478265
23,1,2.6,245.1,6.8,2,25.0,60,1,6.9,,1,0,0,35.52173913043478
41,0,0.0,0.0,8.3,0,24.9,66,1,11.6,,4,0,0,0.0
45,1,2.4,225.7,8.6,0,32.8,71,1,2.6,Mild,4,0,0,25.942528735632184
37,0,4.4,418.4,4.9,3,22.9,59,0,14.3,Mild,2,0,0,83.67999999999999
48,1,1.6,148.1,6.4,2,16.5,58,1,7.5,,1,1,1,22.784615384615385
20,0,0.6,54.0,8.1,0,23.2,81,1,14.8,,0,1,1,6.585365853658537
40,0,3.2,302.5,6.4,2,31.6,50,1,7.9,Mild,4,0,1,46.53846153846154
20,2,0.0,0.0,6.5,2,25.6,66,1,10.6,,4,0,0,0.0
21,0,3.4,323.2,7.9,2,24.4,74,1,12.0,,1,0,1,40.4
27,0,2.2,208.5,6.1,2,19.2,76,1,11.9,,0,0,1,33.62903225806452
23,1,2.6,249.1,7.4,2,23.5,85,1,11.1,,4,0,1,33.21333333333333
28,2,6.0,574.5,5.7,1,30.1,80,2,2.1,Moderate,1,0,0,99.05172413793103
32,1,2.9,273.2,9.2,0,28.4,74,1,6.1,,1,0,1,29.376344086021508
45,0,0.5,46.8,8.4,0,29.8,68,1,8.1,,3,0,0,5.5058823529411764
31,1,2.7,253.9,6.2,2,19.0,67,1,10.6,,1,0,1,40.301587301587304
18,0,3.6,343.4,6.8,2,27.0,68,1,5.9,,4,1,1,49.768115942028984
48,0,0.0,0.0,7.7,2,15.8,67,1,8.4,,0,0,0,0.0
24,0,2.5,235.7,6.1,2,23.6,75,1,6.4,,1,0,0,38.016129032258064
34,0,0.0,0.0,6.6,2,25.3,65,1,10.7,,4,0,0,0.0
40,0,2.5,241.0,7.6,2,28.7,79,1,1.2,,3,0,0,31.298701298701303
37,1,4.8,457.6,6.3,2,27.7,74,1,10.7,,0,0,0,71.50000000000001
48,0,1.8,175.6,5.0,1,29.1,60,2,12.6,Mild,2,0,0,34.431372549019606
40,0,2.6,248.7,7.3,2,29.6,71,1,0.2,,2,0,0,33.60810810810811
24,1,2.9,277.4,7.7,2,23.7,70,1,8.0,,1,0,0,35.56410256410256
61,1,3.0,286.3,6.2,2,18.7,68,1,3.8,Mild,2,0,0,45.44444444444445
37,1,2.7,258.6,5.7,1,26.2,75,2,6.5,Mild,0,0,0,44.58620689655173
33,0,0.0,0.0,8.6,0,27.4,53,1,11.2,,0,0,0,0.0
46,1,2.8,263.8,6.8,2,21.8,67,1,11.6,,4,0,0,38.23188405797102
37,1,1.5,147.1,6.7,2,24.3,69,1,6.0,,2,0,0,21.63235294117647
39,1,0.8,74.9,6.8,2,26.7,65,1,1.4,,2,0,0,10.855072463768117
64,0,2.8,265.9,8.3,0,30.1,74,1,9.1,Moderate,4,0,1,31.6547619047619
31,0,2.7,257.3,6.9,2,18.4,67,1,4.2,,2,0,0,36.75714285714286
31,0,0.0,0.0,7.5,2,28.9,66,1,1.7,,2,0,0,0.0
36,0,1.9,180.6,6.5,2,23.8,70,1,4.7,,0,1,0,27.363636363636363
47,1,4.5,428.7,6.3,2,23.3,63,1,8.7,,2,0,1,66.984375
18,1,0.6,58.2,6.5,2,29.0,58,1,13.6,,2,0,1,8.818181818181818
18,0,2.8,261.3,7.2,2,21.8,90,1,3.2,,2,0,0,35.79452054794521
27,1,0.7,65.7,5.6,1,26.1,65,2,11.5,Mild,3,0,0,11.526315789473687
18,1,5.0,471.3,6.5,2,21.2,71,1,12.9,,2,0,1,71.40909090909092
29,0,3.5,337.0,6.0,2,23.2,83,1,2.2,,3,1,1,55.24590163934427
41,1,1.3,119.3,6.2,2,29.9,73,1,0.1,,3,1,0,18.936507936507937
24,0,2.8,268.0,7.1,2,25.7,64,1,14.2,,2,1,1,37.22222222222223
18,1,0.4,42.2,6.9,2,29.1,51,1,1.5,,4,0,0,6.028571428571429
35,0,0.0,0.0,5.8,1,15.8,54,2,2.4,Mild,2,0,0,0.0
45,1,2.4,224.0,5.6,1,29.3,61,2,6.1,Mild,3,0,0,39.29824561403509
18,1,1.4,129.5,7.0,2,19.9,65,1,4.4,,2,0,1,18.23943661971831
44,1,2.8,265.8,5.6,1,21.5,77,2,14.7,Mild,4,0,1,46.63157894736843
44,0,0.0,0.0,5.0,1,22.2,60,2,12.4,Mild,4,0,0,0.0
46,0,1.7,158.2,7.7,2,25.5,61,1,9.7,,1,0,0,20.28205128205128
49,1,4.8,455.6,4.8,3,25.6,83,0,0.4,Mild,0,0,1,92.97959183673471
61,0,4.6,441.4,5.9,1,26.5,89,2,3.6,Moderate,2,0,0,73.56666666666666
30,0,5.0,475.9,5.1,1,25.5,77,2,2.9,Mild,1,0,0,91.51923076923077
36,0,5.9,559.5,5.0,3,25.6,71,0,3.9,Mild,1,0,0,109.70588235294119
30,0,1.9,179.9,7.1,2,22.8,69,1,14.2,,1,0,0,24.986111111111114
35,1,0.0,0.0,6.2,2,24.9,60,1,6.1,,4,0,0,0.0
53,0,4.2,394.8,6.1,2,25.8,81,1,13.1,Mild,2,0,0,63.67741935483872
18,0,0.8,78.4,4.7,3,18.3,70,0,7.1,Mild,2,0,0,16.333333333333336
24,1,5.6,531.0,8.3,0,26.1,63,1,10.0,,2,0,1,63.21428571428571
51,1,2.6,249.3,7.0,2,24.9,65,1,14.1,Mild,3,0,0,35.11267605633803
47,0,5.0,470.6,7.9,2,28.2,82,1,8.7,,0,0,0,58.825
30,0,2.3,215.5,8.2,0,30.0,62,1,5.3,Mild,3,0,0,25.963855421686752
45,0,1.5,140.7,8.2,0,30.3,64,1,7.1,Mild,4,0,0,16.951807228915662
39,2,3.6,341.2,6.2,2,15.0,97,1,7.0,,1,0,1,54.15873015873016
53,0,3.2,307.2,6.6,2,20.5,63,1,12.0,Mild,1,1,0,45.85074626865672
35,1,0.8,74.3,5.7,1,19.9,73,2,5.0,Mild,3,0,0,12.810344827586206
47,1,2.4,232.6,6.7,2,24.1,67,1,0.6,,4,0,1,34.205882352941174
66,1,1.6,155.4,5.3,1,21.4,96,2,10.1,Moderate,0,1,0,28.777777777777782
42,1,2.8,266.6,8.3,0,27.9,83,1,12.8,,0,0,1,31.73809523809524
35,1,2.4,232.5,7.7,2,21.3,74,1,7.5,,1,0,0,29.807692307692307
43,0,2.7,256.9,7.3,2,24.8,62,1,2.1,,1,0,0,34.71621621621622
30,0,2.5,239.7,5.9,1,20.9,62,2,2.2,Mild,2,0,0,39.949999999999996
63,0,2.0,187.3,8.1,0,24.5,87,1,13.4,Mild,3,0,0,22.84146341463415
37,0,3.0,288.7,4.6,3,15.0,57,0,1.1,Mild,1,0,0,61.425531914893625
31,0,1.4,129.4,6.7,2,21.4,75,1,7.5,,4,0,0,19.029411764705884
24,0,5.0,472.4,6.4,2,17.0,77,1,5.0,,0,1,0,72.67692307692307
48,0,2.5,235.2,8.6,0,28.4,93,1,4.1,,0,0,0,27.03448275862069
45,1,3.8,357.5,4.9,3,24.5,56,0,2.6,Mild,4,0,1,71.5
29,1,1.7,161.3,8.4,0,23.5,75,1,4.5,,0,0,0,18.976470588235294
41,0,1.9,177.0,8.1,0,22.4,76,1,10.7,,3,1,0,21.585365853658537
18,1,3.9,368.9,7.9,2,23.3,76,1,9.0,,4,1,0,46.1125
37,0,3.6,345.8,5.8,1,28.2,74,2,1.2,Mild,2,0,0,58.61016949152543
40,1,2.3,220.0,7.2,2,24.0,86,1,11.3,,0,1,0,30.136986301369863
55,0,0.0,0.0,8.1,0,22.4,70,1,5.3,Mild,3,1,0,0.0
25,2,1.7,162.8,7.1,2,17.0,64,1,3.3,,1,1,1,22.611111111111114
19,1,2.4,224.9,7.1,2,21.8,55,1,12.3,,4,1,0,31.236111111111114
24,0,1.5,140.3,7.4,2,23.5,69,1,9.5,,1,1,1,18.706666666666667
18,1,0.6,56.2,6.1,2,25.5,65,1,10.8,,2,0,0,9.06451612903226
51,1,3.8,359.2,5.6,1,26.1,81,2,4.6,Moderate,1,1,0,63.01754385964913
53,1,2.2,211.8,7.6,2,26.8,57,1,11.2,Mild,0,0,0,27.50649350649351
38,0,5.2,495.3,5.5,1,23.4,94,2,4.1,Mild,0,0,1,88.44642857142858
49,1,2.2,213.6,7.1,2,20.4,71,1,10.2,,0,0,0,29.666666666666668
36,0,2.8,262.8,5.0,1,23.3,81,2,3.3,Mild,0,0,0,51.52941176470589
33,1,1.6,153.6,6.5,2,20.2,80,1,9.5,,4,0,0,23.272727272727273
31,1,4.8,452.8,8.1,0,16.8,62,1,6.8,,3,0,1,55.21951219512196
31,0,2.0,194.4,7.0,2,25.7,70,1,2.3,,0,0,1,27.380281690140848
18,1,2.2,208.6,8.1,0,16.3,83,1,8.9,,2,0,1,25.439024390243905
38,1,1.1,101.8,8.9,0,19.6,78,1,0.2,,2,0,1,11.31111111111111
34,1,3.1,291.6,7.6,2,23.8,74,1,10.4,,0,0,1,37.87012987012988
43,0,2.0,190.5,7.2,2,30.6,76,1,14.2,Mild,3,0,1,26.095890410958905
36,0,1.0,99.4,6.7,2,21.3,64,1,13.4,,2,1,1,14.61764705882353
33,1,2.4,230.6,6.4,2,15.7,54,1,14.6,,4,1,0,35.47692307692308
24,1,3.6,340.7,6.1,2,23.4,86,1,6.6,,3,0,0,54.95161290322581
35,1,5.0,472.4,7.6,2,23.6,66,1,12.4,,3,1,1,61.350649350649356
43,1,2.9,271.1,6.8,2,20.2,60,1,2.1,,3,0,0,39.28985507246377
21,0,1.7,159.0,7.8,2,23.0,88,1,0.3,,2,0,1,20.126582278481013
36,0,3.2,302.6,8.5,0,20.9,74,1,2.4,,4,0,0,35.186046511627914
37,0,2.3,217.5,9.0,0,25.4,50,1,6.7,,0,0,0,23.9010989010989
26,1,2.6,245.5,7.5,2,21.0,59,1,2.4,,2,0,0,32.30263157894737
27,0,2.5,237.2,7.5,2,21.1,72,1,6.8,,3,0,0,31.210526315789473
37,0,3.2,303.2,6.3,2,27.1,65,1,3.5,,3,0,0,47.375
21,0,3.4,322.3,7.6,2,23.1,75,1,3.2,,3,0,0,41.85714285714286
39,0,2.4,230.5,5.6,1,21.6,68,2,13.8,Mild,3,0,1,40.438596491228076
24,0,7.8,738.8,6.0,1,30.0,69,2,7.8,Moderate,2,1,0,121.11475409836065
47,0,3.9,368.4,5.2,1,25.4,76,2,10.1,Mild,1,0,1,69.50943396226415
63,1,0.0,0.0,5.5,1,17.2,56,2,6.0,Moderate,1,0,0,0.0
24,0,2.0,188.1,7.1,2,19.1,56,1,2.5,,2,0,0,26.125000000000004
41,1,2.5,234.7,5.5,1,23.6,78,2,10.7,Mild,1,0,1,41.910714285714285
26,0,3.4,324.3,5.8,1,27.5,72,2,6.7,Mild,2,0,1,54.96610169491526
47,0,5.3,498.9,6.7,2,15.4,85,1,12.6,,2,0,0,73.36764705882352
19,0,1.4,135.0,7.9,2,18.9,59,1,1.2,,2,0,0,16.875
40,1,4.2,401.5,8.7,0,29.4,72,1,5.8,,3,1,0,45.62500000000001
24,1,2.8,266.5,4.3,3,20.7,61,0,2.4,Mild,0,0,0,60.56818181818183
32,1,3.0,284.4,5.5,1,20.8,71,2,10.4,Mild,1,0,0,50.785714285714285
22,0,4.3,407.7,4.1,3,18.2,85,0,5.1,Mild,2,0,1,97.07142857142858
44,0,0.0,0.4,5.5,1,26.2,77,2,6.2,Mild,4,0,1,0.07142857142857144
24,0,3.3,313.7,7.1,2,17.3,65,1,5.2,,3,0,0,43.56944444444445
41,1,5.0,473.0,6.2,2,23.6,73,1,12.6,,4,0,0,75.07936507936508
30,0,0.9,86.7,4.9,3,25.8,68,0,8.5,Mild,1,0,1,17.34
33,2,2.5,237.8,7.0,2,24.3,62,1,10.6,,1,0,1,33.49295774647888
36,1,3.5,334.2,8.3,0,24.9,65,1,11.1,,4,0,0,39.785714285714285
25,0,0.0,0.0,5.7,1,21.5,62,2,10.6,Mild,2,0,0,0.0
37,0,3.0,285.4,7.1,2,28.3,81,1,14.2,,4,0,1,39.63888888888889
53,0,2.1,200.3,8.6,0,25.6,68,1,9.8,Mild,2,0,1,23.02298850574713
25,0,4.6,437.3,5.3,1,18.2,69,2,9.7,Mild,3,0,1,80.9814814814815
49,1,1.4,132.1,6.7,2,21.9,66,1,12.1,,2,0,0,19.426470588235293
52,0,2.4,231.5,4.9,3,31.6,90,0,0.2,Severe,4,1,0,46.3
25,0,1.3,122.8,8.4,0,25.5,56,1,0.9,,0,1,0,14.447058823529412
18,0,2.3,220.5,7.2,2,26.8,65,1,3.7,,3,1,1,30.205479452054796
38,0,1.4,135.2,6.1,2,19.2,70,1,2.7,,3,0,0,21.806451612903228
28,0,1.9,182.6,6.5,2,28.0,69,1,2.3,,4,1,0,27.666666666666668
57,0,0.8,74.1,8.0,0,15.6,77,1,8.3,Mild,0,0,0,9.148148148148147
35,0,1.5,138.3,4.9,3,25.2,96,0,2.9,Mild,0,0,0,27.660000000000004
25,1,1.4,130.5,5.8,1,22.7,52,2,14.5,Mild,1,0,1,22.118644067796613
21,1,1.8,172.1,7.0,2,22.9,59,1,2.8,,0,1,0,24.23943661971831
48,1,2.3,220.9,7.7,2,28.1,71,1,2.5,,1,1,0,28.32051282051282
28,0,0.0,0.0,7.5,2,19.5,74,1,8.6,,2,0,0,0.0
35,2,2.7,257.9,4.9,3,24.9,59,0,2.7,Mild,2,1,1,51.58
46,1,4.4,414.1,7.5,2,25.0,74,1,10.0,,2,0,1,54.486842105263165
29,1,3.6,344.9,7.9,2,25.0,64,1,12.9,,1,1,1,43.1125
34,0,1.2,114.0,8.0,0,29.7,75,1,6.5,,0,0,0,14.074074074074074
34,0,4.0,383.2,6.4,2,23.8,72,1,5.2,,4,0,0,58.95384615384615
43,0,1.3,122.3,6.1,2,25.8,74,1,10.3,,3,0,0,19.725806451612904
42,1,2.9,279.2,8.3,0,28.1,76,1,12.1,,0,0,0,33.238095238095234
32,1,0.0,0.0,6.4,2,21.0,76,1,4.5,,1,0,0,0.0
35,0,3.4,324.4,6.6,2,23.4,56,1,12.2,,4,0,0,48.417910447761194
30,1,2.5,238.2,7.7,2,18.9,73,1,11.5,,1,0,0,30.538461538461537
18,1,2.7,257.3,8.1,0,26.2,81,1,7.2,,1,0,0,31.37804878048781
38,1,2.5,240.0,5.8,1,24.4,75,2,6.9,Mild,3,0,0,40.67796610169492
57,1,5.3,503.7,7.8,2,26.9,65,1,1.6,Mild,4,0,0,63.75949367088608
24,1,3.8,362.0,5.8,1,23.7,71,2,1.3,Mild,2,0,0,61.355932203389834
25,0,3.6,339.5,7.4,2,21.8,70,1,11.2,,0,0,0,45.266666666666666
24,1,3.3,316.6,7.3,2,25.5,70,1,8.8,,2,0,0,42.78378378378379
43,1,5.5,523.3,6.3,2,29.8,70,1,7.3,,1,0,0,81.765625
40,0,2.1,201.6,5.0,1,26.3,69,2,0.7,Mild,3,0,1,39.529411764705884
33,0,0.4,39.6,5.7,1,18.3,75,2,0.8,Mild,4,0,0,6.8275862068965525
23,0,5.1,482.2,7.4,2,24.8,56,1,13.8,,3,0,0,64.29333333333334
36,0,1.8,169.8,7.3,2,32.5,66,1,9.9,Mild,3,0,1,22.945945945945947
18,0,3.2,308.1,7.2,2,21.4,63,1,5.8,,4,0,1,42.205479452054796
36,0,3.3,311.8,6.2,2,22.1,79,1,10.5,,4,0,0,49.492063492063494
45,0,1.4,132.9,6.3,2,16.2,67,1,3.9,,4,0,0,20.765625000000004
19,0,0.4,36.1,7.5,2,23.6,65,1,6.1,,3,1,1,4.75
18,0,4.1,389.4,6.0,1,22.2,68,2,6.9,Mild,1,0,1,63.83606557377049
53,1,4.4,418.3,6.9,2,25.9,66,1,0.5,Mild,3,0,1,59.75714285714286
27,0,3.4,327.7,5.1,1,24.0,84,2,14.9,Mild,1,0,1,63.019230769230774
48,0,3.1,294.8,6.6,2,24.7,70,1,5.7,,0,0,1,44.00000000000001
33,0,0.4,38.2,6.1,2,26.2,78,1,14.5,,1,0,1,6.161290322580646
33,1,2.0,190.2,7.0,2,16.7,67,1,9.7,,0,1,0,26.788732394366196
40,1,4.3,410.4,5.0,1,28.6,86,2,13.9,Mild,2,0,0,80.47058823529412
24,0,1.3,126.3,8.4,0,25.7,82,1,0.8,,0,0,0,14.858823529411765
36,1,2.7,256.4,4.6,3,27.9,70,0,14.4,Mild,3,0,0,54.55319148936171
30,0,3.2,303.2,7.8,2,25.7,78,1,6.1,,2,0,1,38.379746835443036
19,0,3.3,310.8,6.1,2,25.6,73,1,2.1,,3,0,1,50.12903225806453
39,0,1.0,91.5,7.6,2,23.3,70,1,10.1,,3,0,0,11.883116883116884
31,0,2.3,220.7,7.2,2,22.0,68,1,11.4,,0,1,0,30.232876712328768
33,0,3.8,358.0,5.8,1,27.5,72,2,9.7,Mild,4,0,0,60.67796610169492
20,0,5.3,502.4,5.7,1,25.7,72,2,8.1,Mild,3,0,0,86.62068965517241
54,0,2.2,206.7,7.9,2,22.6,63,1,12.2,Mild,2,0,0,25.8375
45,0,3.1,296.1,6.7,2,29.3,75,1,10.3,,3,0,0,43.544117647058826
46,2,0.8,72.2,6.6,2,23.3,58,1,9.3,,4,0,1,10.776119402985076
31,0,2.1,202.9,6.2,2,25.6,72,1,4.8,,4,0,0,32.20634920634921
18,0,1.8,166.3,6.5,2,19.4,62,1,13.2,,3,0,0,25.1969696969697
58,1,5.4,513.7,8.2,0,22.2,86,1,10.4,Mild,4,0,0,61.891566265060256
34,1,3.6,342.0,8.3,0,19.6,79,1,13.5,,0,0,0,40.714285714285715
26,1,2.6,250.8,8.6,0,19.6,74,1,9.1,,1,0,0,28.827586206896555
40,1,0.0,0.0,9.0,0,23.2,76,1,12.0,,4,0,0,0.0
49,0,3.0,281.4,5.7,1,21.9,77,2,13.3,Mild,3,0,0,48.51724137931034
34,1,3.0,282.9,6.6,2,27.8,78,1,8.1,,4,0,0,42.223880597014926
50,0,2.2,205.2,6.0,1,21.5,55,2,10.7,Mild,3,0,0,33.63934426229508
47,1,2.6,244.2,7.7,2,25.9,65,1,8.6,,2,0,0,31.307692307692307
22,1,5.2,494.2,6.0,2,21.0,66,1,10.8,,3,0,0,81.01639344262296
26,1,3.9,372.7,5.9,1,24.0,64,2,7.8,Mild,2,0,0,62.11666666666667
46,0,1.2,111.3,6.4,2,19.6,86,1,12.0,,1,1,0,17.123076923076923
18,1,5.4,515.7,5.3,1,26.7,72,2,12.1,Mild,0,1,0,95.50000000000001
33,1,1.3,124.3,7.7,2,29.9,80,1,0.7,,1,0,1,15.935897435897436
18,0,4.9,467.8,6.9,2,19.3,71,1,3.1,,3,0,1,66.82857142857144
29,1,1.4,134.3,5.9,1,26.3,63,2,2.9,Mild,1,0,0,22.383333333333336
31,1,2.3,215.9,7.8,2,30.4,71,1,4.8,Mild,2,0,0,27.329113924050635
30,0,0.0,0.0,7.4,2,20.7,66,1,7.1,,1,0,1,0.0
28,1,3.3,312.6,5.4,1,29.8,84,2,11.0,Mild,0,1,1,56.83636363636364
21,1,0.0,0.0,5.7,1,24.1,53,2,4.5,Mild,4,0,1,0.0
62,1,2.8,267.0,5.5,1,23.5,79,2,9.8,Moderate,2,0,1,47.67857142857143
57,1,1.8,175.6,7.8,2,22.8,71,1,12.9,Mild,1,0,0,22.227848101265824
21,0,1.9,177.2,8.5,0,22.9,69,1,6.7,,1,0,1,20.6046511627907
53,1,3.1,293.6,3.2,3,19.1,70,0,9.9,Moderate,1,0,0,88.96969696969697
30,0,3.7,354.3,5.0,1,21.7,75,2,12.7,Mild,2,0,0,69.47058823529413
36,0,4.5,424.0,7.9,2,32.6,70,1,10.9,Mild,1,0,1,53.0
34,1,0.7,70.8,6.5,2,18.3,79,1,1.6,,4,0,0,10.727272727272727
27,2,2.0,193.2,8.0,2,24.7,53,1,2.3,,3,0,1,23.85185185185185
46,1,2.4,230.7,6.7,2,23.7,65,1,1.2,,1,1,0,33.92647058823529
36,1,3.4,323.4,6.9,2,23.4,63,1,4.2,,4,0,1,46.199999999999996
29,1,3.4,320.5,7.8,2,20.8,57,1,0.1,,2,0,0,40.56962025316456
19,1,1.2,117.1,6.8,2,17.1,72,1,9.1,,3,0,1,16.971014492753625
24,0,4.3,408.8,5.3,1,25.1,86,2,0.4,Mild,2,0,0,75.70370370370371
18,1,3.1,295.9,7.2,2,21.4,75,1,6.7,,3,0,0,40.534246575342465
35,0,5.2,492.4,5.7,1,24.3,69,2,7.4,Mild,4,0,0,84.89655172413794
20,0,3.0,282.7,9.3,0,21.0,79,1,9.7,,4,0,0,30.074468085106382
31,1,0.0,0.0,6.8,2,26.0,75,1,3.6,,3,0,0,0.0
51,0,1.3,120.2,7.4,2,23.7,61,1,13.0,Mild,4,1,0,16.026666666666667
49,0,2.3,214.6,7.8,2,24.7,65,1,7.6,,0,0,0,27.16455696202532
34,1,1.2,117.2,8.3,0,26.0,88,1,10.4,,3,1,0,13.952380952380953
33,1,1.2,111.9,8.2,0,24.0,83,1,5.2,,1,0,0,13.481927710843376
57,1,5.4,508.9,7.6,2,20.8,76,1,4.0,Mild,1,0,1,66.0909090909091
41,0,0.6,59.5,6.8,2,27.4,79,1,8.8,,1,0,0,8.623188405797102
31,0,1.7,162.1,7.7,2,31.4,82,1,13.4,Mild,1,0,1,20.78205128205128
18,1,2.6,246.9,4.4,3,25.5,83,0,10.8,Mild,1,0,0,54.86666666666667
39,0,0.5,50.1,7.7,2,15.0,79,1,10.5,,0,0,1,6.423076923076923
44,0,2.3,214.3,7.5,2,20.6,63,1,7.4,,1,0,0,28.197368421052634
27,0,0.0,0.0,8.0,0,23.2,71,1,0.1,,4,0,1,0.0
38,1,1.7,159.0,7.8,2,22.4,80,1,13.2,,2,0,0,20.126582278481013
30,1,0.8,78.1,8.0,2,17.7,72,1,3.6,,4,0,1,9.641975308641975
32,1,2.0,193.8,6.3,2,21.0,70,1,7.1,,4,1,0,30.281250000000004
18,0,2.4,229.6,6.3,2,23.9,66,1,2.9,,0,0,0,35.875
32,0,4.5,429.7,7.2,2,24.8,57,1,12.2,,0,0,0,58.863013698630134
46,1,1.6,150.5,4.6,3,23.9,64,0,0.5,Mild,4,0,0,32.02127659574469
27,1,5.7,542.1,4.4,3,20.5,60,0,9.8,Mild,4,0,1,120.46666666666667
35,1,2.8,267.7,5.9,1,19.0,74,2,0.7,Mild,1,0,1,44.61666666666667
25,0,1.1,103.1,6.3,2,22.0,65,1,13.8,,2,1,0,16.109375
39,0,2.7,256.8,7.0,2,22.0,71,1,0.8,,0,1,0,36.16901408450705
32,0,4.4,413.6,8.9,0,25.7,74,1,13.3,,2,0,0,45.955555555555556
23,1,0.9,85.3,6.3,2,19.2,73,1,3.8,,2,0,1,13.328125
50,1,5.4,514.3,6.8,2,24.6,67,1,9.8,,0,0,0,74.53623188405797
46,0,3.3,313.3,4.6,3,23.7,67,0,9.6,Mild,2,0,0,66.65957446808513
27,2,0.8,74.5,6.4,2,22.4,71,1,12.8,,1,0,0,11.461538461538462
40,0,1.7,163.1,7.6,2,25.5,71,1,6.0,,0,0,1,21.181818181818183
41,0,1.9,178.3,6.3,2,22.1,79,1,7.9,,4,0,0,27.859375000000004
42,0,4.2,395.4,5.7,1,28.0,73,2,5.8,Mild,3,0,1,68.17241379310344
18,1,0.7,69.4,4.4,3,26.8,59,0,9.8,Mild,1,0,0,15.422222222222224
47,0,4.8,456.9,5.4,1,21.3,67,2,4.7,Mild,0,0,1,83.07272727272726
28,0,4.2,400.2,7.7,2,30.2,64,1,9.6,Mild,2,0,1,51.30769230769231
30,2,5.0,474.7,5.7,1,16.0,68,2,11.3,Mild,4,0,0,81.8448275862069
66,1,2.6,245.9,6.7,2,30.1,76,1,1.9,Moderate,3,0,1,36.161764705882355
38,1,4.4,413.5,5.5,1,29.5,78,2,5.7,Mild,0,0,0,73.83928571428572
30,0,2.1,203.2,6.3,2,19.6,73,1,0.5,,1,0,0,31.75
18,1,4.0,383.1,7.8,2,22.8,58,1,1.4,,1,0,0,48.493670886075954
51,1,2.6,250.0,6.1,2,19.5,64,1,0.7,Mild,4,0,0,40.322580645161295
18,1,5.2,494.2,5.3,1,22.1,68,2,10.6,Mild,1,0,0,91.51851851851852
22,0,2.9,275.7,8.0,0,29.5,77,1,14.7,,0,0,0,34.03703703703704
31,0,1.2,117.1,6.8,2,23.3,56,1,9.2,,4,0,0,16.971014492753625
51,1,4.8,453.1,5.9,1,15.8,61,2,5.1,Moderate,3,1,0,75.51666666666667
44,0,2.8,267.2,6.8,2,26.9,76,1,11.6,,0,0,1,38.72463768115942
33,1,1.7,161.0,8.0,0,24.9,74,1,7.6,,1,0,0,19.876543209876544
38,0,1.6,154.3,6.9,2,19.2,85,1,2.1,,3,0,1,22.042857142857144
27,0,1.2,110.7,6.0,1,30.2,89,2,13.4,Moderate,3,1,0,18.147540983606557
36,0,0.4,33.4,7.1,2,26.8,60,1,1.9,,4,0,0,4.638888888888889
35,1,1.9,177.3,4.8,3,22.7,58,0,14.6,Mild,1,0,0,36.18367346938776
46,0,2.8,266.7,5.5,1,25.0,62,2,5.4,Mild,2,0,0,47.625
46,0,1.9,183.2,7.1,2,29.0,95,1,10.9,,3,0,1,25.444444444444446
40,0,0.0,0.0,7.0,2,26.3,64,1,14.4,,3,0,0,0.0
30,1,0.2,18.5,7.4,2,18.0,82,1,8.9,,0,0,0,2.466666666666667
43,1,3.9,371.5,6.9,2,21.1,84,1,14.6,,4,0,0,53.07142857142857
33,0,2.3,221.2,7.6,2,16.2,51,1,2.7,,2,0,0,28.72727272727273
22,1,0.0,0.0,7.1,2,23.2,72,1,0.9,,1,0,1,0.0
30,1,2.0,186.8,7.9,2,16.2,72,1,9.7,,1,0,1,23.35
36,0,2.7,255.3,7.1,2,24.4,80,1,1.6,,0,1,0,35.458333333333336
45,1,3.9,373.6,7.0,2,27.2,85,1,7.6,,2,0,0,52.61971830985916
32,2,1.5,139.7,5.8,1,23.4,80,2,11.7,Mild,1,0,1,23.677966101694917
20,1,3.5,327.9,5.6,1,18.9,74,2,12.4,Mild,3,0,0,57.526315789473685
35,0,2.5,234.3,6.0,1,23.8,78,2,8.4,Mild,3,1,0,38.40983606557378
36,0,1.9,184.7,9.0,0,24.9,50,1,7.0,,0,0,0,20.296703296703296
37,0,3.8,361.9,8.1,0,27.6,58,1,1.4,,1,0,1,44.13414634146341
46,0,1.1,102.8,5.8,1,21.3,63,2,10.2,Mild,0,0,0,17.423728813559322
47,1,3.9,372.5,6.4,2,26.0,74,1,11.2,,0,1,1,57.30769230769231
27,0,0.8,74.8,5.9,1,19.4,57,2,5.9,Mild,4,0,0,12.466666666666667
27,0,1.6,155.4,5.8,1,20.3,74,2,8.1,Mild,1,0,0,26.33898305084746
22,1,1.9,182.7,7.9,2,29.0,81,1,3.8,,1,0,0,22.8375
43,0,2.3,221.7,4.9,3,31.7,50,0,5.8,Moderate,0,0,0,44.339999999999996
52,1,0.0,0.0,7.6,2,21.0,90,1,8.9,Mild,0,0,1,0.0
31,0,2.7,252.5,6.5,2,28.6,61,1,11.4,,3,1,0,38.25757575757576
32,1,0.0,0.0,8.2,0,26.7,76,1,0.9,,4,1,0,0.0
52,0,2.8,261.4,6.8,2,22.0,61,1,7.4,Mild,0,0,0,37.88405797101449
41,0,2.9,276.6,8.4,0,23.6,73,1,1.1,,1,0,1,32.54117647058824
40,1,4.0,376.7,6.5,2,26.1,52,1,13.5,,4,1,1,57.07575757575758
20,0,0.5,47.2,8.1,0,26.5,81,1,9.6,,1,1,1,5.75609756097561
43,1,2.8,270.2,6.8,2,29.4,57,1,7.2,,4,0,0,39.15942028985507
23,1,2.4,230.7,6.7,2,20.3,75,1,0.6,,3,0,1,33.92647058823529
21,1,1.6,156.6,8.2,0,27.5,80,1,7.9,,2,0,1,18.867469879518072
30,1,0.9,84.3,7.0,2,27.0,64,1,9.4,,2,0,0,11.873239436619718
27,1,2.6,249.0,6.8,2,29.9,64,1,6.3,,0,1,0,36.08695652173913
32,0,4.5,428.0,5.5,1,22.7,54,2,4.4,Mild,2,0,0,76.42857142857143
18,1,2.1,203.2,6.7,2,28.5,72,1,14.4,,1,1,0,29.88235294117647
46,0,4.4,416.2,3.1,3,29.8,73,0,3.1,Mild,1,1,0,130.0625
48,1,4.2,400.8,5.8,1,25.1,62,2,14.6,Mild,4,0,0,67.93220338983052
18,0,0.0,0.0,7.4,2,24.9,69,1,0.2,,3,0,0,0.0
46,0,1.2,115.1,6.6,2,24.0,56,1,7.8,,0,0,0,17.17910447761194
25,1,1.7,159.3,6.5,2,27.4,57,1,5.2,,0,0,1,24.13636363636364
45,0,4.5,426.1,7.0,2,28.5,79,1,4.2,,1,0,1,60.01408450704226
34,0,2.5,234.7,8.5,0,26.4,69,1,5.3,,1,0,0,27.290697674418606
35,0,4.4,421.4,5.9,1,26.6,59,2,9.2,Mild,2,0,1,70.23333333333333
32,1,2.3,218.1,7.7,2,21.3,82,1,6.2,,0,0,0,27.96153846153846
49,1,4.5,425.4,6.3,2,21.4,70,1,2.7,,4,0,1,66.46875
20,0,3.2,302.0,7.2,2,19.1,74,1,9.4,,3,1,0,41.369863013698634
42,0,2.4,223.9,9.1,0,32.1,76,1,14.2,Mild,0,0,0,24.336956521739133
48,1,4.3,404.9,7.5,2,22.4,72,1,14.7,,4,0,0,53.276315789473685
43,1,1.7,165.6,8.2,0,26.8,69,1,12.3,,1,1,0,19.951807228915666
62,0,5.5,525.5,5.7,1,20.2,84,2,2.7,Moderate,4,0,0,90.60344827586208
28,0,0.3,29.2,6.8,2,22.1,56,1,3.0,,4,0,1,4.231884057971015
46,0,1.9,176.1,5.4,1,19.3,50,2,0.2,Mild,0,0,0,32.018181818181816
33,1,2.7,251.9,5.9,1,20.6,64,2,12.0,Mild,4,0,0,41.983333333333334
49,1,1.4,131.8,7.0,2,24.3,64,1,2.5,,0,0,1,18.563380281690144
34,1,3.1,293.7,5.7,1,25.3,54,2,14.3,Mild,2,0,0,50.63793103448276
30,1,2.3,220.3,6.9,2,24.2,75,1,6.8,,2,0,0,31.47142857142857
50,1,3.0,284.5,6.0,2,20.8,69,1,0.7,,4,0,1,46.63934426229508
29,0,1.2,110.8,7.0,2,23.2,77,1,9.6,,4,1,1,15.605633802816902
18,0,1.0,92.7,7.7,2,27.6,69,1,1.7,,3,0,1,11.884615384615385
28,0,2.5,233.4,7.3,2,28.6,57,1,9.9,,1,1,0,31.540540540540544
42,1,3.6,341.4,7.0,2,26.8,64,1,10.2,,2,1,1,48.08450704225352
51,1,5.3,500.2,7.8,2,25.4,73,1,0.7,Mild,4,0,0,63.31645569620253
36,1,0.0,0.0,4.8,3,22.8,83,0,13.2,Mild,4,0,0,0.0
50,1,2.2,209.4,6.6,2,21.3,71,1,5.8,,4,0,0,31.253731343283587
18,0,3.2,300.6,7.5,2,23.7,72,1,4.8,,4,1,1,39.55263157894737
29,1,3.0,289.5,4.1,3,24.7,82,0,9.8,Mild,4,0,0,68.92857142857144
31,1,0.7,63.5,9.0,0,28.0,74,1,14.0,,3,0,0,6.978021978021978
33,1,1.4,133.9,6.4,2,21.6,69,1,14.6,,1,1,0,20.6
36,1,2.5,235.5,5.8,1,20.0,63,2,12.5,Mild,3,0,0,39.91525423728814
43,0,6.5,619.9,6.9,2,16.2,92,1,11.5,,0,1,0,88.55714285714285
29,1,3.9,371.9,5.5,1,28.3,60,2,8.2,Mild,3,0,1,66.41071428571429
36,0,3.0,287.4,8.2,0,23.5,65,1,8.1,,1,1,0,34.626506024096386
34,0,0.0,0.0,7.0,2,17.7,50,1,9.2,,1,0,0,0.0
23,1,0.5,49.8,8.6,0,21.7,89,1,14.7,,0,0,0,5.724137931034483
33,1,0.7,62.4,8.4,0,21.1,68,1,0.5,,0,0,0,7.341176470588235
33,0,3.0,288.5,6.7,2,21.9,82,1,7.1,,1,0,0,42.4264705882353
33,0,2.3,218.1,5.8,1,26.5,72,2,3.2,Mild,2,1,1,36.96610169491526
35,1,1.5,147.0,8.9,0,19.7,77,1,9.1,,1,0,0,16.333333333333332
35,1,3.0,285.2,4.7,3,27.3,67,0,8.8,Mild,0,0,0,59.416666666666664
29,1,0.2,22.2,6.6,2,21.3,50,1,14.0,,2,0,0,3.3134328358208958
50,1,1.3,121.4,7.8,2,20.8,80,1,5.2,,0,0,0,15.367088607594939
20,1,2.4,228.1,4.9,3,19.3,70,0,11.7,Mild,3,0,0,45.62
26,1,5.3,503.9,4.7,3,23.6,74,0,10.9,Mild,1,1,1,104.97916666666667
68,1,3.8,365.1,6.2,2,25.1,74,1,6.6,Mild,3,1,0,57.952380952380956
22,1,3.1,298.9,6.9,2,22.3,65,1,7.9,,4,0,0,42.699999999999996
18,1,1.9,180.4,4.5,3,23.7,78,0,6.9,Mild,3,0,0,39.21739130434783
43,0,2.5,234.9,8.0,2,22.9,58,1,14.0,,4,0,0,29.000000000000004
18,0,4.3,410.8,6.2,2,27.5,73,1,1.7,,1,0,0,65.20634920634922
32,0,5.2,497.7,7.1,2,23.1,66,1,8.9,,0,0,1,69.125
60,1,2.1,203.3,5.8,1,24.2,70,2,5.8,Moderate,2,1,0,34.457627118644076
18,0,3.2,301.7,6.1,2,30.2,71,1,1.4,Mild,2,0,0,48.66129032258065
18,1,3.9,367.8,6.8,2,34.8,77,1,3.7,Mild,4,1,0,53.30434782608696
18,0,3.1,295.8,6.7,2,20.7,55,1,9.2,,0,0,0,43.5
45,1,0.5,50.9,7.7,2,29.5,50,1,11.2,,4,0,0,6.5256410256410255
48,1,1.4,131.3,7.7,2,20.1,68,1,7.7,,2,0,0,16.833333333333336
28,0,3.6,343.0,5.1,1,26.8,94,2,7.6,Mild,2,1,0,65.96153846153847
43,0,1.7,157.2,7.0,2,31.1,86,1,9.7,Mild,1,0,1,22.140845070422536
51,0,5.2,493.1,6.0,2,26.4,68,1,2.2,Mild,4,0,0,80.8360655737705
56,1,2.0,193.7,7.2,2,23.9,82,1,2.7,Mild,4,1,0,26.534246575342465
32,1,0.5,47.4,6.5,2,16.5,83,1,14.4,,2,0,1,7.181818181818182
18,1,4.1,384.9,6.5,2,21.7,60,1,14.4,,2,0,0,58.31818181818182
25,0,2.0,186.2,9.0,0,21.5,72,1,11.6,,1,1,0,20.46153846153846
29,0,2.1,197.5,5.3,1,21.2,50,2,11.9,Mild,0,1,0,36.574074074074076
31,0,3.8,361.2,5.9,1,24.1,66,2,1.4,Mild,0,0,0,60.199999999999996
32,1,1.0,96.4,4.0,3,25.1,62,0,5.6,Mild,0,0,0,23.512195121951223
48,0,2.6,249.2,6.0,1,15.0,76,2,6.8,Mild,3,0,0,40.852459016393446
50,1,0.7,64.9,5.6,1,17.4,66,2,2.1,Mild,0,0,0,11.385964912280704
32,1,2.6,248.3,8.9,0,28.8,66,1,0.4,,1,0,0,27.58888888888889
48,0,0.0,4.0,6.6,2,22.6,82,1,3.3,,4,1,0,0.5970149253731344
39,0,1.2,117.7,6.3,2,21.5,50,1,14.5,,4,0,0,18.390625000000004
35,1,3.8,365.5,7.2,2,25.3,58,1,13.9,,0,1,0,50.06849315068493
45,1,4.4,422.4,5.0,1,28.8,77,2,3.5,Mild,3,0,0,82.82352941176471
35,1,1.2,111.4,7.7,2,17.2,64,1,14.1,,4,0,0,14.282051282051283
59,1,1.2,109.9,7.7,2,18.9,74,1,5.1,Mild,3,0,0,14.089743589743591
18,1,2.7,252.1,8.5,0,22.0,82,1,11.4,,0,0,0,29.313953488372093
28,1,1.3,122.3,7.5,2,29.3,78,1,5.7,,3,0,0,16.092105263157894
33,1,3.9,371.1,4.2,3,30.6,84,0,0.7,Moderate,2,1,1,86.30232558139535
40,0,0.4,39.4,8.3,0,24.2,71,1,14.5,,2,1,0,4.69047619047619
50,0,1.6,148.1,10.0,0,25.7,61,1,4.1,,2,0,0,14.663366336633663
34,1,5.2,495.8,6.2,2,21.5,60,1,0.8,,1,0,1,78.6984126984127
18,2,3.1,291.4,6.5,2,23.6,65,1,14.9,,1,0,0,44.15151515151515
45,0,3.4,320.8,5.9,1,24.1,79,2,9.6,Mild,0,0,1,53.46666666666667
44,1,2.2,210.4,4.7,3,19.3,74,0,6.7,Mild,3,1,1,43.833333333333336
18,1,0.3,29.1,7.4,2,25.2,81,1,12.4,,3,0,0,3.8800000000000003
34,0,4.8,458.2,5.6,1,27.1,85,2,10.8,Mild,2,0,0,80.38596491228071
18,0,2.8,265.3,7.0,2,26.6,60,1,6.4,,2,0,0,37.36619718309859
27,0,3.9,372.7,6.8,2,20.2,80,1,2.2,,2,0,0,54.01449275362319
24,0,2.1,198.5,9.0,0,21.5,67,1,9.9,,3,1,0,21.813186813186814
44,1,2.5,233.8,6.1,2,22.2,59,1,13.3,,3,0,0,37.70967741935485
36,1,1.9,180.5,5.2,1,25.2,86,2,7.7,Mild,2,0,1,34.056603773584904
19,1,2.8,266.8,6.9,2,24.9,69,1,8.4,,3,1,0,38.114285714285714
45,1,1.8,170.4,6.6,2,28.7,79,1,12.7,,1,1,1,25.432835820895527
18,1,1.2,114.6,9.1,0,24.7,91,1,14.2,,0,0,0,12.456521739130435
38,1,2.2,209.3,7.7,2,29.1,55,1,8.1,,2,1,0,26.833333333333336
25,1,3.3,312.7,6.3,2,29.1,71,1,0.7,,4,0,1,48.859375
30,1,4.2,403.3,7.6,2,21.6,63,1,2.3,,1,0,0,52.376623376623385
41,1,0.5,45.5,8.3,0,24.4,67,1,14.2,,2,0,0,5.416666666666666
41,1,3.8,363.9,5.3,1,23.3,73,2,12.5,Mild,2,0,0,67.38888888888889
51,1,1.5,138.0,7.3,2,26.2,62,1,9.5,Mild,3,0,1,18.64864864864865
34,1,1.0,93.9,9.5,0,26.2,77,1,7.0,,1,0,0,9.781250000000002
38,0,1.1,101.7,5.1,1,26.1,81,2,6.2,Mild,0,1,1,19.55769230769231
29,0,6.4,608.6,5.1,1,23.8,78,2,0.7,Mild,4,0,0,117.03846153846156
37,1,3.6,343.6,6.2,2,24.6,77,1,13.0,,2,0,1,54.539682539682545
40,1,0.8,73.4,7.5,2,31.2,68,1,5.6,Mild,0,0,0,9.657894736842106
33,0,1.7,158.8,7.1,2,22.3,63,1,7.8,,4,1,0,22.05555555555556
18,0,0.5,44.1,7.2,2,22.1,68,1,8.1,,0,0,0,6.0410958904109595
38,0,0.5,48.8,6.7,2,21.2,70,1,12.6,,3,0,1,7.1764705882352935
39,1,0.5,43.5,7.3,2,26.6,67,1,3.0,,1,0,0,5.878378378378379
26,0,0.9,89.0,8.6,0,25.7,70,1,7.1,,2,0,0,10.229885057471265
19,0,3.6,346.6,8.5,0,24.3,63,1,14.3,,4,0,1,40.30232558139535
52,0,4.1,389.4,7.7,2,22.0,81,1,10.6,Mild,2,0,1,49.92307692307692
40,1,1.1,106.2,8.3,0,25.0,69,1,6.0,,4,1,0,12.642857142857142
32,0,1.9,178.6,6.8,2,26.3,87,1,9.5,,0,0,1,25.884057971014492
21,0,3.8,357.0,9.6,0,19.8,82,1,8.8,,2,0,0,36.80412371134021
25,0,2.6,242.7,4.9,3,26.5,80,0,8.2,Mild,1,0,0,48.54
50,1,3.0,287.1,6.9,2,19.1,66,1,8.0,,4,0,0,41.01428571428572
36,0,1.7,163.7,7.6,2,31.7,67,1,10.8,Mild,3,1,1,21.25974025974026
28,1,4.8,455.7,6.4,2,23.4,71,1,13.2,,0,0,0,70.1076923076923
41,1,5.1,482.2,7.6,2,29.2,76,1,6.2,,3,1,0,62.62337662337663
25,0,3.6,340.5,6.3,2,23.8,76,1,14.6,,0,0,0,53.20312500000001
53,1,1.6,152.0,8.3,0,29.3,67,1,6.0,Mild,1,0,0,18.095238095238095
51,0,0.5,49.8,7.1,2,30.1,91,1,10.2,Moderate,3,0,0,6.916666666666667
29,0,5.1,486.2,5.8,1,26.0,67,2,4.1,Mild,0,0,0,82.40677966101696
27,1,3.0,284.1,5.9,1,20.4,50,2,11.2,Mild,3,0,0,47.35
18,0,2.7,254.4,6.9,2,20.7,62,1,5.8,,0,0,0,36.34285714285714
18,0,3.6,339.0,5.8,1,25.4,73,2,5.7,Mild,1,0,0,57.457627118644076
18,1,2.5,241.4,3.2,3,24.5,67,0,3.0,Mild,2,1,0,73.15151515151514
36,0,2.1,199.7,4.4,3,27.7,76,0,1.0,Mild,0,0,0,44.37777777777777
31,1,5.8,553.3,5.5,1,23.5,73,2,5.2,Mild,4,0,1,98.80357142857143
18,1,4.3,405.9,5.9,1,25.8,69,2,9.0,Mild,2,0,0,67.64999999999999
31,1,5.0,474.2,7.8,2,24.1,62,1,0.7,,3,0,1,60.025316455696206
41,1,4.9,462.9,6.7,2,25.7,80,1,2.9,,3,0,1,68.07352941176471
41,1,0.0,0.0,7.2,2,25.4,58,1,3.7,,3,0,0,0.0
18,2,3.7,356.1,5.6,1,27.2,63,2,2.8,Mild,4,0,0,62.47368421052633
33,0,3.2,308.6,9.9,0,25.6,86,1,1.5,,4,0,1,30.860000000000003
18,0,1.6,149.8,6.8,2,29.7,67,1,2.7,,4,0,0,21.710144927536234
45,1,6.9,656.6,7.1,2,31.9,50,1,14.0,Mild,4,0,0,91.19444444444446
44,0,2.7,259.3,6.6,2,28.4,79,1,11.7,,4,0,0,38.70149253731344
24,1,1.7,164.0,7.4,2,23.7,87,1,13.8,,4,0,0,21.866666666666667
25,1,2.3,217.9,5.0,3,27.4,57,0,13.3,Mild,2,0,1,42.72549019607843
29,1,3.4,325.8,7.0,2,27.2,70,1,6.0,,2,1,0,45.887323943661976
18,1,3.2,301.2,6.6,2,21.5,93,1,5.5,,3,1,1,44.95522388059702
39,1,1.7,162.5,6.9,2,31.8,84,1,11.7,Mild,4,1,0,23.214285714285715
31,0,3.8,357.2,7.8,2,28.9,89,1,13.5,,1,0,0,45.21518987341772
46,0,2.6,242.3,4.7,3,23.4,65,0,11.3,Mild,3,1,1,50.47916666666667
21,1,2.1,201.7,6.1,2,24.3,67,1,8.7,,3,0,0,32.53225806451613
27,1,2.2,207.8,4.2,3,19.5,84,0,8.4,Mild,0,0,0,48.32558139534884
18,1,0.8,71.4,6.6,2,24.2,72,1,7.0,,3,1,0,10.65671641791045
22,0,1.1,99.8,8.2,0,26.0,83,1,6.8,,3,0,1,12.02409638554217
20,0,0.9,87.4,8.0,0,23.4,67,1,0.8,,3,0,0,10.790123456790125
46,0,0.0,0.0,6.7,2,19.6,79,1,3.2,,0,0,0,0.0
26,0,3.0,286.2,6.8,2,26.4,66,1,2.2,,1,0,0,41.47826086956522
36,1,1.0,92.5,6.4,2,22.9,60,1,7.0,,4,0,0,14.23076923076923
30,2,1.9,178.7,6.8,2,20.9,72,1,4.3,,0,0,1,25.89855072463768
19,1,2.0,194.5,8.0,0,25.6,63,1,5.7,,4,1,1,24.01234567901235
32,1,1.0,96.9,8.9,0,19.6,55,1,14.6,,2,0,0,10.766666666666667
42,0,2.0,185.5,7.6,2,24.4,54,1,11.5,,3,0,0,24.090909090909093
20,1,2.6,248.9,6.5,2,28.9,77,1,2.1,,3,0,0,37.71212121212122
44,0,1.5,138.4,8.9,0,27.6,70,1,12.1,,3,0,0,15.377777777777778
24,1,1.1,106.9,7.5,2,26.0,61,1,6.6,,3,0,1,14.065789473684212
29,0,1.6,150.6,6.4,2,24.3,72,1,12.8,,1,0,0,23.16923076923077
41,1,3.9,373.1,6.2,2,15.7,78,1,11.4,,4,0,0,59.22222222222223
27,1,1.6,156.6,6.2,2,22.8,75,1,7.8,,0,1,0,24.857142857142858
35,0,2.8,261.4,7.5,2,24.0,76,1,10.8,,0,0,1,34.39473684210526
31,0,1.7,166.2,7.1,2,27.1,75,1,14.1,,1,0,0,23.083333333333336
36,0,2.3,222.3,6.9,2,20.5,65,1,8.1,,1,0,1,31.75714285714286
18,0,3.8,358.3,5.7,1,26.1,78,2,2.2,Mild,2,0,0,61.77586206896552
18,0,1.2,109.6,9.2,0,26.5,59,1,8.5,,4,0,0,11.78494623655914
42,0,5.8,555.0,6.0,1,24.3,76,2,0.7,Mild,3,0,1,90.98360655737706
47,1,3.0,288.4,7.9,2,27.6,62,1,6.8,,3,0,1,36.05
24,1,2.8,266.6,5.4,1,19.1,53,2,3.3,Mild,1,0,0,48.472727272727276
32,1,0.9,88.0,7.5,2,20.4,52,1,9.7,,1,0,1,11.578947368421053
38,0,3.5,330.2,5.7,1,24.4,52,2,6.0,Mild,0,0,1,56.93103448275862
43,1,5.0,474.6,6.9,2,21.1,77,1,7.7,,0,0,1,67.8
18,0,1.4,129.8,5.8,1,23.6,83,2,13.4,Mild,1,1,1,22.000000000000004
24,0,1.0,94.4,5.4,1,28.6,82,2,6.9,Mild,2,0,0,17.163636363636364
31,0,2.6,244.2,5.5,1,15.0,77,2,15.0,Mild,2,0,1,43.60714285714286
43,1,1.0,93.5,5.0,3,33.4,68,0,2.0,Moderate,3,0,0,18.333333333333336
64,1,1.8,173.2,5.9,1,26.6,56,2,12.9,Moderate,2,0,0,28.866666666666664
32,0,3.8,356.7,7.4,2,24.4,76,1,5.5,,3,0,0,47.559999999999995
18,1,5.2,489.5,5.3,1,22.5,80,2,11.9,Mild,2,1,0,90.64814814814815
39,1,3.8,363.0,5.7,1,25.7,70,2,7.5,Mild,2,0,1,62.58620689655173
50,1,1.2,114.9,7.2,2,22.4,80,1,7.8,,1,0,0,15.73972602739726
36,1,2.1,198.1,4.4,3,24.6,63,0,8.0,Mild,2,0,1,44.02222222222222
24,1,2.0,187.7,7.5,2,24.2,79,1,3.6,,3,0,0,24.69736842105263
46,0,2.7,251.8,6.5,2,22.2,67,1,0.8,,4,1,1,38.151515151515156
42,1,3.8,363.5,6.9,2,25.0,79,1,9.8,,4,0,1,51.92857142857143
22,0,1.3,123.4,6.7,2,21.7,83,1,0.4,,0,0,0,18.147058823529413
39,1,5.8,549.3,5.8,1,25.5,63,2,10.9,Mild,3,0,1,93.10169491525424
46,0,0.9,89.2,8.0,2,26.6,65,1,4.9,,1,0,0,11.012345679012347
49,0,1.3,119.1,6.8,2,31.8,64,1,5.9,Mild,1,0,1,17.26086956521739
34,1,1.3,123.5,7.5,2,24.6,81,1,11.3,,0,0,0,16.25
30,1,6.2,588.1,7.3,2,33.2,84,1,2.3,Mild,4,0,0,79.47297297297298
49,1,5.0,470.4,4.8,3,26.3,69,0,9.7,Mild,3,0,0,96.0
20,0,1.3,121.3,6.0,1,24.9,76,2,8.6,Mild,2,0,0,19.885245901639344
40,0,1.8,171.8,5.7,1,20.5,66,2,6.3,Mild,0,0,1,29.620689655172416
18,0,2.4,223.9,6.2,2,23.1,63,1,9.4,,3,0,0,35.539682539682545
47,1,1.8,168.9,6.9,2,28.3,76,1,5.4,,2,0,0,24.12857142857143
31,1,3.9,365.9,5.4,1,19.5,78,2,4.0,Mild,2,0,0,66.52727272727272
50,1,3.2,307.4,5.5,1,21.0,62,2,1.3,Mild,3,1,1,54.89285714285714
40,1,2.8,266.4,6.2,2,23.9,70,1,8.9,,1,0,0,42.285714285714285
20,0,3.7,354.3,7.5,2,23.7,69,1,14.4,,3,0,0,46.61842105263158
52,1,3.2,300.0,5.9,1,28.5,52,2,12.1,Moderate,3,0,0,50.0
53,0,3.5,333.4,6.6,2,28.9,66,1,1.4,Mild,1,0,0,49.76119402985075
45,0,2.8,262.2,6.2,2,19.3,72,1,3.3,,0,0,1,41.61904761904762
25,0,5.1,482.9,6.1,2,27.3,65,1,9.7,,1,0,0,77.88709677419355
31,1,2.7,256.3,5.8,1,22.0,62,2,0.0,Mild,2,0,0,43.4406779661017
36,0,2.3,216.3,3.7,3,25.2,71,0,8.4,Mild,4,1,0,56.921052631578945
26,2,3.7,351.2,5.7,1,23.6,71,2,14.6,Mild,0,0,0,60.55172413793103
55,0,3.4,318.5,6.8,2,27.2,73,1,5.3,Mild,3,1,0,46.15942028985508
36,0,2.5,234.6,6.7,2,15.9,71,1,13.4,,3,0,0,34.5
18,0,0.0,4.0,7.8,2,22.6,77,1,1.6,,2,0,0,0.5063291139240507
39,0,4.6,438.4,4.5,3,30.0,79,0,0.7,Moderate,2,0,0,95.30434782608695
30,1,4.4,414.5,6.8,2,23.7,80,1,5.2,,0,0,1,60.072463768115945
34,0,1.2,116.3,6.2,2,15.0,81,1,8.7,,0,0,1,18.46031746031746
30,0,3.1,296.8,5.6,1,21.2,81,2,12.5,Mild,0,1,1,52.0701754385965
44,2,1.7,163.0,7.4,2,28.2,63,1,2.8,,2,0,1,21.733333333333334
48,0,3.3,312.8,7.5,2,19.6,59,1,3.9,,4,0,0,41.15789473684211
38,1,4.2,396.5,7.8,2,21.9,78,1,7.2,,1,0,0,50.18987341772152
30,0,2.3,218.9,7.3,2,26.4,84,1,5.2,,2,0,0,29.581081081081084
34,0,3.6,338.9,6.3,2,25.2,65,1,0.1,,4,0,1,52.953125
35,1,0.4,36.7,5.2,1,18.7,78,2,5.0,Mild,2,0,1,6.924528301886793
25,1,1.2,114.9,8.3,0,17.0,87,1,3.9,,1,0,0,13.678571428571429
41,0,3.9,365.9,6.7,2,21.3,70,1,7.6,,0,0,1,53.80882352941176
40,1,1.5,146.4,5.7,1,25.0,57,2,1.7,Mild,4,0,0,25.24137931034483
53,1,1.3,119.7,7.1,2,25.2,84,1,10.3,Mild,0,0,0,16.625000000000004
50,1,1.4,134.2,5.0,1,29.0,77,2,4.4,Mild,1,1,0,26.313725490196077
26,0,0.9,83.8,8.5,0,16.4,72,1,3.4,,2,1,0,9.744186046511627
44,1,4.0,380.7,5.9,1,25.9,79,2,4.6,Mild,3,0,1,63.449999999999996
23,1,4.1,391.2,5.1,1,21.9,69,2,6.9,Mild,1,0,0,75.23076923076924
43,0,1.4,129.1,8.3,0,23.4,86,1,13.3,,1,0,0,15.369047619047617
28,0,0.8,79.7,5.3,1,26.4,69,2,10.3,Mild,4,0,0,14.759259259259261
22,2,2.4,224.1,6.6,2,29.7,52,1,2.7,,3,0,0,33.44776119402985
38,1,0.7,70.8,7.0,2,23.9,66,1,10.1,,4,0,0,9.971830985915494
18,0,3.6,338.1,4.9,3,24.4,52,0,2.3,Mild,4,0,1,67.62
18,1,2.5,239.0,6.1,2,26.4,71,1,4.8,,0,0,0,38.5483870967742
32,0,2.0,185.8,4.4,3,24.9,92,0,6.9,Mild,1,0,0,41.28888888888889
35,0,4.0,383.1,5.9,1,26.9,60,2,9.5,Mild,1,0,0,63.85
30,1,1.1,103.1,4.6,3,32.5,65,0,7.1,Moderate,1,0,1,21.93617021276596
18,0,1.9,176.7,7.8,2,36.0,56,1,8.8,Mild,3,0,0,22.367088607594937
25,1,0.7,66.9,6.1,2,23.8,69,1,10.2,,0,0,0,10.790322580645164
39,0,0.4,41.0,5.5,1,31.6,72,2,14.4,Moderate,3,1,0,7.321428571428572
41,1,1.1,108.3,7.1,2,22.4,50,1,13.6,,2,0,0,15.041666666666668
34,0,1.3,122.1,4.7,3,21.0,77,0,7.6,Mild,4,1,0,25.4375
48,1,1.1,109.0,5.9,1,15.5,68,2,11.1,Mild,4,0,0,18.166666666666668
39,1,2.4,224.5,7.5,2,24.8,69,1,6.6,,3,0,0,29.539473684210527
26,2,2.4,223.3,5.0,3,23.1,60,0,14.5,Mild,3,1,0,43.7843137254902
31,0,0.2,16.4,6.6,2,24.3,70,1,1.2,,4,0,1,2.4477611940298507
18,0,3.7,351.1,5.4,1,24.5,87,2,3.1,Mild,0,0,0,63.83636363636364
33,1,0.2,21.5,4.5,3,24.5,78,0,3.9,Mild,0,0,0,4.673913043478262
48,1,0.0,0.0,5.6,1,24.8,78,2,4.2,Mild,4,1,0,0.0
43,0,4.1,385.1,5.5,1,15.7,58,2,4.1,Mild,2,0,1,68.76785714285715
51,0,0.8,80.4,7.2,2,19.4,94,1,9.1,Mild,3,0,0,11.013698630136988
31,1,3.0,288.4,8.2,0,24.7,66,1,13.4,,1,0,0,34.74698795180723
51,0,1.6,154.3,6.7,2,18.0,76,1,1.0,Mild,2,1,0,22.69117647058824
32,1,1.0,94.3,7.0,2,26.3,71,1,12.5,,0,0,0,13.28169014084507
52,1,0.7,68.5,7.8,2,22.1,71,1,4.5,Mild,1,1,0,8.670886075949367
34,1,3.1,291.7,7.0,2,22.8,80,1,8.8,,1,1,0,41.08450704225352
43,0,1.1,104.5,6.0,2,25.1,81,1,9.9,,2,1,1,17.13114754098361
52,0,4.1,393.6,5.7,1,27.4,56,2,8.4,Moderate,2,0,0,67.86206896551725
32,1,0.2,20.5,7.6,2,26.2,55,1,1.4,,3,0,0,2.6623376623376624
37,0,4.6,439.1,6.9,2,23.2,71,1,7.3,,2,0,0,62.728571428571435
50,1,0.0,0.0,7.2,2,25.8,75,1,0.9,,4,0,0,0.0
33,0,2.9,278.1,5.8,1,21.3,71,2,0.0,Mild,0,1,0,47.13559322033899
19,0,0.7,70.0,8.8,0,18.0,61,1,3.0,,3,0,0,7.865168539325842
60,0,0.1,10.7,6.0,2,17.7,78,1,4.5,Mild,3,0,0,1.7540983606557377
29,1,2.3,223.2,6.5,2,23.2,86,1,10.3,,4,0,0,33.81818181818182
36,0,3.5,333.8,8.2,0,25.0,70,1,5.8,,1,0,1,40.216867469879524
48,0,2.2,209.6,6.8,2,21.4,76,1,7.3,,2,0,0,30.3768115942029
27,2,2.4,231.2,6.6,2,20.4,55,1,9.0,,1,0,0,34.507462686567166
22,2,2.8,266.5,6.9,2,21.5,67,1,0.5,,0,0,1,38.07142857142857
38,0,3.4,325.4,5.7,1,21.5,78,2,5.2,Mild,0,0,1,56.103448275862064
18,1,5.0,472.0,6.1,2,20.4,73,1,6.4,,3,0,1,76.12903225806453
31,0,1.4,131.4,7.7,2,25.0,62,1,3.9,,2,0,1,16.846153846153847
37,0,3.2,305.7,7.6,2,24.2,68,1,5.6,,1,0,0,39.701298701298704
31,0,1.6,155.8,8.7,0,34.0,79,1,7.4,Mild,2,0,1,17.704545454545457
18,1,2.2,212.6,5.8,1,22.6,68,2,8.8,Mild,3,0,0,36.03389830508475
54,1,3.5,334.7,8.1,0,22.2,66,1,4.4,Mild,3,0,0,40.81707317073171
36,1,2.8,263.3,7.3,2,27.8,75,1,10.5,,1,0,1,35.58108108108109
52,1,1.4,131.2,8.1,0,22.9,70,1,12.9,Mild,2,1,0,16.0
31,1,2.7,252.4,5.0,1,18.9,81,2,2.0,Mild,4,0,1,49.490196078431374
24,0,3.0,287.8,5.6,1,27.2,66,2,4.4,Mild,0,0,0,50.491228070175445
38,1,3.4,327.4,6.8,2,22.4,75,1,5.2,,0,0,0,47.44927536231884
32,1,4.2,400.2,7.2,2,29.2,59,1,1.6,,0,0,0,54.821917808219176
20,1,5.2,492.9,5.7,1,27.7,74,2,9.2,Mild,3,0,1,84.98275862068965
52,1,2.5,237.9,6.2,2,32.9,85,1,3.2,Moderate,4,0,0,37.761904761904766
27,2,0.8,80.3,5.6,1,21.8,50,2,13.6,Mild,3,0,0,14.087719298245615
18,1,3.0,282.6,6.0,1,24.0,75,2,2.1,Mild,1,0,0,46.32786885245902
50,1,0.5,46.8,6.5,2,20.9,66,1,10.9,,2,1,0,7.090909090909091
28,0,5.4,508.6,5.7,1,22.4,72,2,9.9,Mild,2,0,0,87.6896551724138
27,0,1.7,158.1,5.7,1,23.4,67,2,7.0,Mild,2,0,0,27.25862068965517
18,1,4.0,377.9,8.7,0,15.6,72,1,7.7,,2,0,0,42.94318181818182
55,0,3.0,282.5,7.8,2,26.7,76,1,2.4,Mild,3,0,0,35.75949367088608
19,0,2.9,272.3,7.4,2,25.5,57,1,0.4,,2,0,0,36.306666666666665
35,0,0.1,12.2,8.4,0,34.3,75,1,14.1,Mild,1,0,1,1.4352941176470588
45,0,1.3,125.2,7.5,2,25.2,86,1,0.5,,4,0,0,16.47368421052632
40,2,1.9,181.3,9.4,0,17.0,68,1,8.6,,3,0,0,19.08421052631579
34,1,1.9,184.2,5.7,1,26.8,65,2,12.2,Mild,1,1,0,31.75862068965517
18,1,2.6,250.7,3.9,3,23.2,69,0,0.1,Mild,1,0,0,62.675
25,1,1.5,143.3,5.7,1,22.3,73,2,5.7,Mild,0,0,1,24.706896551724142
37,1,3.2,307.3,4.3,3,23.5,64,0,4.6,Mild,4,0,1,69.84090909090911
25,0,2.4,223.8,5.2,1,28.2,76,2,3.1,Mild,0,0,0,42.22641509433963
37,0,3.5,331.2,5.7,1,25.4,91,2,2.5,Mild,2,0,0,57.10344827586207
43,1,0.3,25.9,6.8,2,33.2,86,1,5.7,Mild,1,1,0,3.7536231884057973
46,1,3.7,348.8,7.7,2,22.0,81,1,2.2,,0,0,0,44.71794871794872
20,1,4.9,469.7,8.3,0,25.6,81,1,2.9,,1,1,0,55.916666666666664
61,0,2.3,214.8,7.0,2,24.6,82,1,8.2,Mild,2,1,0,30.253521126760567
44,0,4.3,409.5,4.9,3,19.6,72,0,3.6,Mild,2,0,0,81.9
34,0,2.5,233.5,6.0,2,20.9,57,1,1.2,,4,0,0,38.278688524590166
48,0,1.9,177.9,6.4,2,27.4,80,1,13.0,,2,0,0,27.36923076923077
63,0,2.8,267.6,6.1,2,22.8,56,1,6.5,Mild,4,1,0,43.161290322580655
18,0,4.9,461.1,4.7,3,26.5,66,0,12.5,Mild,2,0,0,96.06250000000001
32,1,4.7,449.7,7.8,2,23.8,77,1,0.8,,2,0,0,56.924050632911396
18,0,0.2,19.3,5.1,1,20.9,61,2,9.6,Mild,4,0,1,3.711538461538462
37,0,1.0,90.9,6.2,2,21.2,89,1,12.3,,0,0,0,14.42857142857143
39,0,2.4,225.1,6.8,2,19.3,66,1,10.4,,3,0,0,32.6231884057971
34,2,1.4,136.7,7.0,2,28.0,58,1,12.6,,0,0,0,19.253521126760564
27,0,3.1,292.0,6.1,2,22.7,74,1,1.7,,2,1,1,47.09677419354839
18,0,2.3,217.8,7.0,2,20.2,63,1,2.6,,1,0,0,30.67605633802817
39,0,1.8,172.9,5.5,1,21.7,66,2,2.4,Mild,3,0,1,30.875000000000004
52,1,5.5,519.3,6.1,2,17.7,78,1,9.5,Mild,2,0,0,83.75806451612904
27,0,3.7,349.0,4.9,3,25.8,79,0,15.0,Mild,4,0,0,69.8
40,0,3.6,339.4,5.4,1,25.6,77,2,6.2,Mild,1,0,0,61.709090909090904
18,1,1.3,122.5,8.0,2,27.1,69,1,13.7,,3,0,0,15.123456790123457
40,0,2.4,232.2,6.4,2,22.2,57,1,13.4,,3,0,0,35.723076923076924
30,0,2.3,218.0,6.4,2,21.5,76,1,12.2,,3,0,0,33.53846153846154
25,0,2.6,250.9,6.0,2,24.5,72,1,7.2,,1,0,0,41.13114754098361
25,2,1.8,174.8,5.9,1,23.3,72,2,4.8,Mild,1,0,1,29.133333333333336
30,1,3.9,369.0,6.4,2,19.3,65,1,0.8,,4,0,0,56.76923076923077
39,0,4.5,427.2,9.0,0,29.1,74,1,7.2,,1,0,1,46.94505494505495
19,0,3.6,346.6,4.8,3,22.2,65,0,13.1,Mild,1,0,0,70.73469387755104
30,1,2.3,223.2,5.5,1,29.9,73,2,7.2,Mild,0,1,1,39.857142857142854
34,1,1.9,180.1,5.6,1,18.6,53,2,0.0,Mild,4,0,0,31.596491228070178
21,0,4.1,391.7,3.7,3,28.0,87,0,11.9,Mild,4,0,0,103.07894736842104
56,0,3.0,283.6,6.4,2,24.0,73,1,1.9,Mild,3,0,0,43.63076923076923
24,0,3.3,316.8,6.2,2,24.5,67,1,2.5,,2,0,0,50.28571428571429
26,0,3.0,281.1,5.8,1,35.1,67,2,3.5,Moderate,3,0,0,47.64406779661018
23,1,1.4,131.6,7.6,2,21.3,83,1,2.9,,4,0,1,17.090909090909093
56,1,4.8,460.3,5.7,1,26.4,62,2,10.7,Moderate,4,0,0,79.36206896551725
41,1,6.2,587.2,5.9,1,28.3,67,2,14.1,Mild,2,0,0,97.86666666666667
23,0,1.9,175.9,6.9,2,27.5,59,1,1.8,,2,1,0,25.12857142857143
48,1,2.4,231.9,6.2,2,23.8,72,1,5.9,,2,0,0,36.80952380952381
37,2,1.9,183.3,8.7,0,22.3,76,1,9.0,,2,0,0,20.829545454545457
38,2,1.5,143.0,6.3,2,24.9,73,1,7.1,,3,0,1,22.343750000000004
30,2,3.4,322.5,7.3,2,27.8,76,1,5.2,,1,0,0,43.58108108108108
26,1,1.6,155.0,6.7,2,27.4,81,1,3.4,,3,0,0,22.794117647058822
39,0,1.1,101.4,6.8,2,22.0,69,1,8.3,,2,1,0,14.695652173913045
28,1,3.2,301.1,7.6,2,23.1,62,1,7.6,,3,1,0,39.10389610389611
56,1,1.2,112.9,6.4,2,24.0,61,1,14.9,Mild,3,1,0,17.36923076923077
19,1,1.6,149.7,6.7,2,25.9,62,1,7.0,,3,1,0,22.01470588235294
53,0,1.5,141.1,7.1,2,26.0,82,1,13.3,Mild,2,0,0,19.597222222222225
33,1,3.2,303.4,5.8,1,23.0,79,2,14.2,Mild,2,0,1,51.42372881355932
38,0,2.6,248.1,7.2,2,28.9,50,1,4.9,,2,0,0,33.986301369863014
44,1,0.0,0.0,8.8,0,21.8,72,1,4.5,,0,0,1,0.0
27,1,2.9,278.2,5.5,1,28.9,76,2,14.1,Mild,1,1,0,49.67857142857143
45,1,1.3,119.9,6.0,2,25.4,63,1,8.7,,4,0,0,19.655737704918035
18,0,4.8,456.6,5.0,1,28.2,68,2,2.9,Mild,0,0,0,89.5294117647059
26,0,0.0,0.0,9.2,0,29.2,60,1,3.8,,0,0,0,0.0
23,0,3.1,291.1,7.3,2,21.0,59,1,0.3,,0,1,0,39.337837837837846
19,0,3.7,348.4,4.9,3,20.0,66,0,4.8,Mild,0,0,1,69.67999999999999
32,0,0.7,65.5,5.1,1,30.7,86,2,9.3,Moderate,3,0,0,12.596153846153848
39,0,2.1,197.8,7.4,2,30.6,64,1,4.7,Mild,0,0,0,26.373333333333335
43,0,2.6,251.1,9.4,0,25.4,68,1,3.4,,1,0,0,26.431578947368422
37,0,2.3,216.1,6.6,2,24.1,62,1,0.9,,2,0,0,32.25373134328358
27,1,3.2,306.9,4.7,3,18.1,52,0,12.7,Mild,4,0,1,63.9375
39,0,2.7,260.0,4.6,3,22.8,69,0,9.7,Mild,1,0,0,55.31914893617022
36,0,3.7,349.6,6.0,2,22.1,81,1,13.6,,0,0,0,57.31147540983607
46,0,3.0,284.5,4.9,3,27.1,75,0,0.3,Mild,2,0,0,56.9
44,0,2.7,253.1,6.3,2,25.7,66,1,13.8,,0,0,0,39.546875
35,1,2.1,198.1,7.3,2,31.0,76,1,7.9,Mild,4,0,1,26.77027027027027
24,0,2.9,272.7,6.9,2,15.9,67,1,2.0,,0,0,0,38.957142857142856
27,1,5.1,486.6,6.8,2,26.5,59,1,3.8,,3,1,0,70.5217391304348
28,0,2.4,225.2,6.9,2,21.5,50,1,2.2,,3,0,1,32.17142857142857
31,0,0.6,56.0,7.8,2,23.9,68,1,3.4,,0,0,0,7.088607594936709
38,2,4.1,393.7,6.1,2,28.0,95,1,3.9,,2,1,1,63.50000000000001
43,1,5.6,533.3,6.3,2,23.2,60,1,8.7,,4,1,0,83.328125
34,1,3.4,319.8,8.1,0,36.9,64,1,3.9,Mild,0,0,0,39.00000000000001
35,1,5.4,517.5,7.1,2,22.6,81,1,7.4,,4,0,0,71.875
36,1,2.7,257.9,5.1,1,22.3,60,2,9.6,Mild,0,0,0,49.59615384615385
28,0,6.9,657.7,5.0,3,16.9,74,0,11.7,Mild,4,0,0,128.9607843137255
23,0,0.3,28.2,5.4,1,25.5,60,2,13.2,Mild,0,1,0,5.127272727272727
18,0,2.3,216.0,6.4,2,24.3,55,1,2.4,,3,0,0,33.23076923076923
26,0,3.4,322.9,3.0,3,18.2,59,0,9.7,Mild,0,1,1,104.16129032258064
40,1,1.4,128.5,7.5,2,22.3,70,1,1.7,,3,0,0,16.907894736842106
26,1,4.3,406.0,5.2,1,26.7,90,2,3.5,Mild,2,1,0,76.60377358490567
32,1,3.3,315.4,4.4,3,19.2,69,0,8.6,Mild,0,0,0,70.08888888888889
40,0,2.2,206.8,9.3,0,20.9,80,1,14.2,,4,0,1,22.0
41,0,3.1,298.7,5.7,1,24.8,63,2,9.1,Mild,2,0,1,51.5
22,0,2.8,265.9,4.5,3,26.3,71,0,13.1,Mild,3,0,1,57.80434782608695
46,1,3.5,330.1,5.8,1,29.3,58,2,10.1,Mild,2,0,0,55.94915254237289
48,1,2.2,204.3,8.6,0,37.0,68,1,11.2,Mild,0,0,1,23.48275862068966
21,0,0.0,0.0,3.0,3,23.2,64,0,3.3,Mild,1,0,0,0.0
25,1,3.8,360.6,7.6,2,16.6,83,1,7.3,,0,0,0,46.83116883116884
49,0,2.4,228.2,4.5,3,17.2,68,0,12.1,Mild,3,0,0,49.608695652173914
33,1,1.3,125.5,7.4,2,36.5,69,1,9.9,Mild,2,0,1,16.733333333333334
18,1,1.9,184.1,5.4,1,23.3,82,2,0.5,Mild,1,1,0,33.47272727272727
18,0,2.2,209.5,6.7,2,30.7,77,1,10.0,Mild,4,1,0,30.808823529411764
32,1,0.3,25.6,6.4,2,27.2,77,1,2.9,,2,1,0,3.9384615384615387
21,0,1.2,110.9,7.2,2,18.6,56,1,14.0,,2,0,0,15.19178082191781
30,0,2.3,221.1,7.3,2,21.0,83,1,13.9,,0,0,0,29.87837837837838
35,0,2.2,213.2,7.3,2,33.1,85,1,12.7,Mild,4,0,1,28.81081081081081
52,0,1.1,104.5,6.0,1,21.4,80,2,2.9,Moderate,1,0,0,17.13114754098361
31,0,0.6,53.9,7.2,2,25.6,77,1,1.7,,2,1,0,7.383561643835616
47,1,1.2,115.9,7.9,2,24.1,74,1,13.4,,0,0,0,14.4875
52,0,2.9,279.8,6.3,2,15.0,86,1,7.2,Mild,0,1,0,43.71875000000001
52,0,1.5,145.4,7.0,2,32.6,70,1,13.2,Moderate,1,0,0,20.47887323943662
38,1,3.8,361.8,5.1,1,18.5,81,2,12.8,Mild,4,0,1,69.5769230769231
18,0,4.2,403.1,6.7,2,24.0,79,1,12.9,,4,0,0,59.279411764705884
40,0,5.1,486.0,5.5,1,20.2,76,2,3.5,Mild,0,0,0,86.78571428571429
47,0,3.4,326.5,6.2,2,28.0,82,1,9.9,,4,1,0,51.82539682539683
34,0,3.1,297.7,6.5,2,24.6,72,1,14.1,,4,0,1,45.10606060606061
55,1,4.6,433.8,6.6,2,29.9,81,1,5.0,Mild,0,0,0,64.74626865671642
45,0,0.7,63.9,6.4,2,32.9,78,1,9.9,Mild,2,0,0,9.830769230769231
41,1,3.4,326.8,8.5,0,28.4,69,1,5.5,,2,0,0,38.0
48,1,3.9,372.8,5.3,1,26.1,77,2,4.0,Mild,4,0,0,69.03703703703705
39,0,2.5,236.0,4.7,3,21.5,55,0,12.2,Mild,0,0,0,49.16666666666667
18,0,3.7,354.7,4.9,3,22.2,78,0,2.8,Mild,2,0,0,70.94
29,1,2.0,189.9,5.5,1,27.5,50,2,1.6,Mild,2,0,1,33.91071428571429
49,0,2.6,243.1,6.6,2,24.1,84,1,4.1,,0,0,0,36.28358208955224
25,2,3.0,289.7,8.7,0,30.3,57,1,6.7,Mild,1,0,0,32.92045454545455
32,0,3.0,285.5,7.0,2,30.3,69,1,12.0,Mild,4,0,1,40.21126760563381
22,0,0.4,39.5,6.6,2,25.4,82,1,3.5,,4,1,0,5.895522388059702
56,0,1.7,164.3,5.9,1,20.8,76,2,13.6,Moderate,2,0,0,27.383333333333336
55,1,2.6,243.5,8.0,0,23.3,65,1,8.2,Mild,0,0,0,30.06172839506173
24,1,3.1,293.4,5.2,1,27.8,67,2,10.7,Mild,3,1,0,55.35849056603773
36,0,3.5,333.4,4.6,3,19.4,80,0,3.8,Mild,3,1,0,70.93617021276596
26,0,2.5,241.0,5.5,1,28.1,63,2,12.6,Mild,0,1,0,43.03571428571429
42,0,4.2,395.4,5.7,1,20.8,73,2,0.5,Mild,0,0,0,68.17241379310344
41,0,2.1,195.8,7.4,2,21.6,64,1,3.2,,1,1,1,26.10666666666667
44,0,3.8,359.6,7.4,2,21.1,76,1,11.7,,3,0,1,47.94666666666667
38,1,2.3,216.1,7.3,2,19.2,76,1,1.0,,0,0,1,29.202702702702705
70,1,1.1,106.8,4.1,3,29.8,66,0,8.9,Moderate,0,0,0,25.42857142857143
22,1,6.4,610.6,6.0,2,25.4,64,1,10.8,,4,0,0,100.09836065573772
18,0,3.2,308.6,6.6,2,20.7,66,1,8.6,,3,0,0,46.05970149253732
30,1,0.0,0.0,7.5,2,21.9,57,1,1.5,,0,0,0,0.0
18,0,3.9,366.3,4.6,3,29.7,58,0,9.0,Mild,3,0,1,77.93617021276597
18,1,2.7,260.9,6.1,2,23.0,80,1,9.2,,0,0,0,42.08064516129032
22,0,3.8,361.1,5.9,1,27.1,75,2,7.3,Mild,3,0,0,60.18333333333334
23,1,3.3,314.7,7.6,2,23.2,64,1,5.5,,1,1,0,40.87012987012987
23,0,1.4,128.7,6.8,2,27.3,84,1,3.7,,1,0,0,18.652173913043477
41,1,3.9,368.6,5.6,1,20.8,77,2,1.2,Mild,1,0,0,64.66666666666669
28,1,1.5,143.1,4.6,3,20.1,75,0,0.5,Mild,2,1,0,30.446808510638302
32,0,1.3,122.5,5.2,1,23.7,81,2,11.9,Mild,0,1,0,23.11320754716981
45,1,2.0,189.8,7.4,2,26.9,80,1,7.9,,4,0,0,25.30666666666667
25,0,0.9,89.6,4.2,3,22.3,77,0,2.2,Mild,2,0,0,20.83720930232558
31,0,3.3,308.9,4.1,3,23.2,70,0,1.4,Mild,3,0,1,73.54761904761905
39,0,5.6,534.7,7.1,2,24.7,72,1,1.4,,0,0,0,74.2638888888889
18,0,0.8,80.2,7.6,2,21.8,52,1,2.2,,0,0,0,10.415584415584417
18,1,4.6,433.4,4.7,3,21.3,75,0,0.4,Mild,2,0,0,90.29166666666667
39,0,1.6,152.2,6.4,2,24.8,76,1,11.5,,0,0,0,23.415384615384614
40,1,1.6,152.9,8.5,0,29.3,70,1,5.5,,0,0,0,17.77906976744186
59,1,0.8,74.8,6.9,2,21.2,50,1,4.3,Mild,3,0,1,10.685714285714285
36,1,3.0,286.4,7.0,2,22.9,50,1,6.9,,4,0,1,40.33802816901408
44,1,0.5,48.9,8.7,0,25.8,50,1,4.7,,3,0,0,5.5568181818181825
32,0,1.8,170.0,8.9,0,24.9,55,1,10.5,,2,0,1,18.88888888888889
38,0,4.2,395.5,6.4,2,29.6,73,1,4.5,,0,0,0,60.84615384615385
55,1,4.8,460.3,8.0,2,23.9,72,1,9.3,Mild,0,0,0,56.827160493827165
18,1,1.1,102.1,7.9,2,18.6,70,1,5.6,,4,0,0,12.7625
39,1,2.0,194.1,6.1,2,19.3,67,1,6.1,,4,0,1,31.306451612903228
60,1,2.3,217.3,7.1,2,29.1,62,1,11.7,Mild,1,0,0,30.18055555555556
38,0,0.3,27.8,4.8,3,19.1,64,0,7.8,Mild,4,0,1,5.673469387755103
54,1,1.6,155.7,7.4,2,23.4,68,1,6.1,Mild,3,0,1,20.759999999999998
27,1,1.5,147.1,6.1,2,19.7,77,1,4.9,,0,0,0,23.725806451612904
34,0,3.2,307.1,5.5,1,24.1,79,2,9.8,Mild,3,0,1,54.83928571428572
35,0,2.9,272.5,7.8,2,25.1,72,1,9.4,,3,0,0,34.493670886075954
18,0,2.7,255.2,5.3,1,25.3,52,2,1.2,Mild,3,1,1,47.25925925925926
20,0,2.2,207.4,7.1,2,23.6,69,1,10.1,,3,0,0,28.80555555555556
21,1,4.5,424.4,7.4,2,18.5,74,1,6.8,,3,1,0,56.586666666666666
44,1,2.5,234.4,6.1,2,21.8,62,1,14.6,,3,0,0,37.80645161290323
45,1,4.0,379.1,6.6,2,21.6,91,1,7.0,,0,1,0,56.58208955223881
38,1,3.4,321.5,5.5,1,28.0,65,2,14.2,Mild,3,1,0,57.41071428571429
44,0,2.7,259.3,5.4,1,21.7,67,2,12.1,Mild,2,0,0,47.14545454545455
33,0,3.8,364.2,6.1,2,16.4,68,1,14.5,,3,0,0,58.741935483870975
49,1,2.0,193.6,10.0,0,27.4,58,1,3.1,,1,0,0,19.168316831683168
35,1,1.2,110.0,9.0,0,25.9,52,1,5.0,,3,0,1,12.087912087912088
35,1,2.5,233.3,6.0,1,21.5,65,2,8.8,Mild,1,1,0,38.24590163934427
31,0,4.8,451.6,6.1,2,19.0,50,1,1.5,,0,0,1,72.83870967741937
43,1,2.8,268.0,6.1,2,22.2,73,1,10.7,,2,0,0,43.22580645161291
29,1,1.7,165.6,5.2,1,24.0,66,2,4.0,Mild,0,0,0,31.245283018867923
46,0,1.3,121.9,5.9,1,26.4,64,2,2.2,Mild,0,0,1,20.316666666666666
21,1,0.2,20.6,6.4,2,31.1,74,1,0.9,Mild,3,1,0,3.1692307692307695
21,1,1.3,120.6,3.8,3,25.2,63,0,6.2,Mild,1,0,0,30.923076923076923
43,1,3.0,280.3,6.2,2,26.7,62,1,1.9,,2,0,0,44.492063492063494
33,1,2.1,203.7,7.5,2,17.6,53,1,7.5,,3,0,0,26.80263157894737
29,1,2.8,269.2,8.9,0,19.6,56,1,6.1,,1,0,1,29.91111111111111
45,1,1.1,107.5,7.5,2,28.4,80,1,13.1,,3,0,0,14.144736842105264
27,0,4.0,383.8,5.3,1,18.8,64,2,1.1,Mild,0,1,0,71.07407407407408
32,0,3.6,344.7,5.3,1,21.0,70,2,12.9,Mild,1,1,0,63.833333333333336
51,0,1.7,157.4,6.6,2,25.5,65,1,10.7,Mild,4,0,0,23.492537313432837
53,0,0.4,36.3,7.0,2,25.5,76,1,9.7,Mild,3,0,0,5.112676056338028
53,1,2.9,273.2,6.4,2,20.3,62,1,14.6,Mild,0,0,0,42.03076923076923
31,0,0.0,0.0,8.4,0,30.2,59,1,0.7,Mild,1,0,0,0.0
49,1,0.5,50.1,7.4,2,19.5,53,1,7.4,,0,0,0,6.680000000000001
23,1,1.9,180.0,7.3,2,25.2,72,1,10.9,,3,1,0,24.324324324324326
24,1,1.2,111.9,7.2,2,31.0,77,1,8.0,Mild,3,0,0,15.328767123287673
18,1,4.4,422.0,5.5,1,25.4,77,2,4.8,Mild,3,0,0,75.35714285714286
55,0,2.0,190.6,4.7,3,17.5,80,0,0.4,Moderate,2,0,1,39.708333333333336
24,1,3.2,307.0,6.4,2,27.7,72,1,9.8,,2,0,1,47.23076923076923
33,1,0.0,0.0,6.2,2,23.3,75,1,13.0,,3,0,0,0.0
24,1,0.0,0.0,7.8,2,26.8,78,1,10.8,,2,0,0,0.0
43,1,1.5,141.2,6.1,2,29.7,60,1,0.8,,0,0,0,22.774193548387096
30,1,2.8,267.9,8.0,2,17.6,82,1,10.5,,1,0,0,33.074074074074076
19,1,0.6,56.5,7.7,2,25.8,74,1,11.1,,2,0,1,7.243589743589744
40,1,3.0,289.2,8.5,0,28.9,81,1,9.9,,2,0,0,33.627906976744185
18,0,4.5,429.6,8.2,0,25.4,79,1,8.8,,2,1,0,51.759036144578324
24,1,1.3,125.1,7.7,2,30.0,54,1,10.5,Mild,2,0,0,16.038461538461537
18,1,2.5,235.9,5.3,1,24.8,78,2,8.6,Mild,4,0,0,43.68518518518519
18,0,2.1,198.4,6.2,2,30.8,73,1,7.2,Mild,1,0,1,31.492063492063494
37,2,1.9,177.1,5.9,1,17.5,66,2,8.0,Mild,0,0,1,29.516666666666666
18,1,3.0,282.9,6.7,2,27.6,76,1,1.1,,2,0,0,41.60294117647059
18,1,2.5,238.7,7.2,2,15.0,77,1,7.9,,4,0,0,32.6986301369863
34,0,2.2,211.5,6.3,2,25.4,85,1,10.6,,3,0,1,33.046875
28,1,2.7,257.7,7.3,2,19.4,88,1,7.4,,3,0,1,34.82432432432432
58,0,3.8,360.4,5.6,1,27.3,77,2,8.4,Moderate,4,1,0,63.2280701754386
57,1,3.4,323.5,3.7,3,22.4,76,0,11.5,Moderate,0,1,1,85.13157894736841
24,0,0.0,0.0,7.3,2,24.4,77,1,2.1,,4,0,0,0.0
41,2,1.2,111.3,6.5,2,21.5,65,1,11.2,,3,0,0,16.863636363636363
43,0,3.4,320.8,6.6,2,31.3,81,1,5.6,Mild,2,0,1,47.88059701492538
27,1,6.4,605.4,7.0,2,23.2,67,1,11.8,,3,0,1,85.26760563380282
18,1,1.5,144.2,6.5,2,20.6,68,1,3.3,,1,0,1,21.848484848484848
34,1,0.3,24.0,5.5,1,18.1,64,2,11.9,Mild,1,0,1,4.285714285714286
32,0,5.9,562.2,5.4,1,20.4,65,2,11.9,Mild,3,0,0,102.21818181818183
29,0,4.4,418.0,8.0,0,19.9,81,1,4.8,,3,0,0,51.604938271604944
40,1,4.3,408.7,6.9,2,24.0,73,1,11.9,,2,0,0,58.385714285714286
25,0,2.7,253.2,8.0,2,22.9,75,1,1.9,,2,0,0,31.25925925925926
21,1,2.4,230.3,6.1,2,15.3,76,1,12.1,,1,1,0,37.145161290322584
36,1,2.3,217.2,7.5,2,22.4,60,1,2.2,,0,0,0,28.57894736842105
39,0,3.6,345.9,7.6,2,15.0,58,1,14.8,,3,0,0,44.922077922077925
20,1,4.4,415.9,4.5,3,27.4,89,0,8.8,Mild,2,0,0,90.41304347826087
46,1,2.7,260.7,6.9,2,23.2,63,1,11.7,,3,0,0,37.24285714285714
18,1,3.7,347.9,6.7,2,18.7,75,1,8.5,,1,0,0,51.16176470588235
28,0,4.6,435.9,4.9,3,23.0,70,0,8.7,Mild,2,0,0,87.17999999999999
31,0,3.9,371.2,5.0,1,27.9,71,2,7.2,Mild,4,1,0,72.7843137254902
27,0,3.4,320.5,8.9,0,23.0,78,1,2.1,,1,0,0,35.611111111111114
28,0,1.4,134.6,7.0,2,24.3,61,1,4.1,,3,0,1,18.95774647887324
57,0,1.5,144.8,8.3,0,27.4,67,1,14.0,Mild,2,0,0,17.238095238095237
24,1,0.0,0.0,7.9,2,21.7,82,1,5.6,,1,0,1,0.0
64,2,3.1,292.5,6.6,2,20.4,71,1,0.8,Mild,3,0,1,43.65671641791045
40,0,2.7,253.6,5.4,1,20.5,84,2,12.0,Mild,0,0,1,46.10909090909091
36,0,4.4,418.9,7.1,2,27.3,78,1,10.7,,2,1,1,58.18055555555556
40,0,3.2,302.6,6.5,2,24.8,79,1,4.6,,0,0,1,45.84848484848485
65,0,2.0,191.3,6.9,2,26.1,74,1,5.6,Mild,1,0,0,27.32857142857143
23,1,1.8,168.4,7.1,2,18.9,99,1,7.4,,2,1,1,23.388888888888893
21,1,3.0,286.7,7.0,2,30.7,64,1,2.1,Mild,3,1,0,40.38028169014085
25,0,2.9,273.5,7.2,2,28.2,55,1,14.9,,0,0,0,37.465753424657535
35,0,5.2,497.3,5.1,1,19.8,64,2,5.7,Mild,1,0,1,95.6346153846154
18,0,2.3,222.0,7.5,2,26.1,68,1,12.9,,3,0,0,29.210526315789476
35,1,3.2,306.8,7.4,2,20.3,97,1,12.4,,3,0,0,40.906666666666666
55,1,5.0,470.5,6.5,2,17.7,80,1,4.0,Mild,3,0,0,71.2878787878788
36,0,2.3,216.6,7.4,2,25.6,82,1,1.2,,3,1,0,28.88
31,0,2.0,190.4,8.4,0,24.9,50,1,6.7,,0,1,0,22.400000000000002
27,0,0.5,47.4,7.9,2,26.3,65,1,3.3,,3,0,0,5.925
45,1,2.0,186.1,5.3,1,27.7,77,2,5.7,Mild,4,0,0,34.46296296296296
25,0,3.1,291.3,5.9,1,27.2,73,2,13.8,Mild,2,0,0,48.550000000000004
57,0,4.6,433.3,6.1,2,24.4,56,1,8.8,Mild,3,0,0,69.88709677419355
58,0,0.4,41.7,6.2,2,23.7,74,1,6.3,Mild,3,0,0,6.6190476190476195
38,1,1.2,109.6,5.2,1,29.3,63,2,8.9,Mild,4,0,1,20.67924528301887
34,1,0.0,0.0,8.1,0,22.6,73,1,1.6,,2,0,1,0.0
47,0,5.2,494.4,5.3,1,28.3,59,2,11.4,Mild,3,0,0,91.55555555555556
48,1,2.7,260.5,8.1,0,16.1,70,1,8.5,,3,0,0,31.76829268292683
25,0,1.8,175.7,4.8,3,21.7,83,0,14.5,Mild,3,0,1,35.85714285714286
28,1,0.0,0.0,7.9,2,23.8,66,1,5.9,,4,1,0,0.0
19,0,2.5,237.2,7.7,2,26.5,85,1,2.8,,2,1,0,30.41025641025641
39,1,1.9,179.9,7.0,2,27.2,59,1,2.7,,1,1,0,25.338028169014088
42,1,0.0,0.0,6.7,2,28.2,65,1,12.9,,2,0,1,0.0
18,0,2.1,196.5,6.7,2,24.9,75,1,6.9,,4,1,0,28.897058823529413
29,0,4.3,412.1,6.4,2,23.4,65,1,4.4,,2,0,0,63.400000000000006
18,1,2.1,200.4,7.2,2,28.6,67,1,11.8,,3,0,0,27.45205479452055
24,1,4.3,405.2,6.1,2,24.6,60,1,11.1,,4,0,1,65.35483870967742
41,2,4.8,459.3,6.2,2,29.1,55,1,13.7,,4,0,0,72.90476190476191
26,1,2.1,199.3,7.1,2,26.1,74,1,13.0,,2,1,1,27.68055555555556
31,0,2.4,224.8,6.7,2,24.1,67,1,1.5,,2,0,0,33.05882352941177
18,1,3.3,309.0,5.4,1,27.6,83,2,2.6,Mild,0,1,0,56.18181818181818
37,0,4.0,383.2,5.5,1,25.1,60,2,6.9,Mild,2,0,0,68.42857142857143
34,0,4.6,440.2,6.2,2,25.0,67,1,13.4,,2,0,0,69.87301587301587
26,0,4.8,453.9,4.2,3,20.7,65,0,11.2,Mild,3,0,0,105.55813953488372
32,1,1.4,133.0,6.6,2,23.3,61,1,2.0,,1,0,0,19.850746268656717
37,0,4.7,444.8,6.5,2,22.0,85,1,2.8,,1,0,1,67.3939393939394
25,1,3.3,310.8,6.4,2,25.0,61,1,7.0,,1,0,1,47.815384615384616
18,0,1.7,163.1,7.3,2,24.8,70,1,10.3,,2,0,0,22.04054054054054
56,0,0.8,74.5,7.1,2,23.3,72,1,2.9,Mild,1,0,0,10.347222222222223
27,0,1.3,123.7,7.8,2,23.5,60,1,1.3,,0,0,0,15.658227848101268
33,1,3.0,289.4,6.7,2,25.8,79,1,0.3,,4,0,0,42.55882352941176
47,0,1.8,167.5,9.1,0,17.0,59,1,2.0,,0,1,0,18.206521739130437
77,1,3.0,289.2,6.6,2,18.2,82,1,6.1,Mild,0,0,0,43.16417910447761
20,1,0.8,76.9,7.8,2,23.3,63,1,13.0,,1,0,1,9.734177215189876
40,1,1.4,130.1,6.6,2,28.9,74,1,0.6,,1,0,0,19.417910447761194
26,1,2.4,224.7,6.7,2,29.7,92,1,10.2,,0,0,1,33.044117647058826
28,1,2.2,213.0,5.5,1,18.1,81,2,2.0,Mild,0,0,0,38.035714285714285
26,1,0.6,55.5,6.8,2,36.6,57,1,7.4,Mild,0,0,0,8.043478260869566
21,0,1.6,147.9,5.8,1,20.4,50,2,4.3,Mild,0,0,1,25.067796610169495
34,1,0.0,0.0,8.4,0,20.0,83,1,12.6,,0,0,0,0.0
18,0,2.6,246.9,6.8,2,15.0,73,1,10.0,,2,1,1,35.78260869565218
46,1,4.8,455.2,7.0,2,21.4,87,1,4.5,,0,1,0,64.11267605633803
35,0,1.4,128.3,4.7,3,22.6,79,0,7.5,Mild,4,0,0,26.72916666666667
40,1,1.1,101.6,4.9,3,30.2,70,0,11.4,Moderate,1,1,0,20.32
29,0,4.0,377.5,6.0,2,27.3,84,1,13.0,,4,0,0,61.88524590163935
30,0,0.7,70.7,5.2,1,28.4,66,2,9.3,Mild,3,0,0,13.339622641509434
38,1,4.0,380.8,3.0,3,31.6,89,0,9.2,Moderate,1,0,1,122.83870967741936
21,0,0.7,66.2,7.9,2,32.9,65,1,1.5,Mild,4,1,0,8.275
30,1,2.0,186.8,7.1,2,31.9,66,1,7.8,Mild,0,0,1,25.94444444444445
24,0,2.1,203.1,5.7,1,25.5,76,2,12.2,Mild,0,0,1,35.01724137931034
24,1,3.6,337.9,6.6,2,22.4,68,1,10.2,,1,0,1,50.43283582089553
18,1,5.3,504.3,8.4,0,28.1,80,1,0.7,,2,0,1,59.32941176470588
51,1,2.0,188.1,5.6,1,21.0,68,2,10.5,Moderate,0,1,0,33.0
26,0,2.5,234.9,7.7,2,26.4,75,1,6.0,,4,0,0,30.115384615384617
48,0,0.0,0.0,6.5,2,23.2,82,1,10.3,,1,0,0,0.0
47,0,2.4,231.7,5.9,1,21.8,72,2,12.2,Mild,2,0,0,38.61666666666667
19,0,4.2,402.1,4.9,3,17.3,69,0,2.6,Mild,0,0,0,80.42
21,1,6.0,574.2,6.3,2,25.8,70,1,13.1,,2,0,1,89.71875000000001
65,0,2.0,186.3,7.7,2,20.2,78,1,2.9,Mild,4,0,1,23.884615384615387
56,0,3.6,339.6,6.8,2,26.5,83,1,4.3,Mild,1,0,1,49.217391304347835
34,0,4.2,402.4,6.1,2,23.5,54,1,10.2,,0,0,1,64.90322580645162
38,0,0.3,32.5,6.2,2,23.9,76,1,10.9,,2,0,0,5.158730158730159
27,0,4.6,439.6,8.4,0,23.4,61,1,6.4,,1,1,1,51.71764705882353
40,0,1.3,122.5,6.1,2,18.4,65,1,1.7,,4,0,1,19.758064516129036
26,1,2.9,275.2,5.9,1,21.2,71,2,13.8,Mild,1,0,0,45.86666666666667
18,1,0.6,57.5,5.0,1,20.6,70,2,5.2,Mild,0,1,0,11.27450980392157
19,1,2.0,185.3,8.8,0,20.5,69,1,14.5,,3,0,0,20.820224719101123
35,1,0.0,0.0,5.0,3,20.4,73,0,12.7,Mild,1,0,1,0.0
21,1,2.9,275.5,7.7,2,20.1,65,1,4.4,,0,0,0,35.320512820512825
34,2,4.8,456.2,7.0,2,20.8,77,1,11.2,,2,0,0,64.25352112676056
22,1,2.5,242.2,6.0,2,21.1,69,1,4.1,,1,0,0,39.704918032786885
25,0,0.3,32.0,7.2,2,26.2,73,1,0.4,,1,0,1,4.383561643835616
45,0,2.0,189.3,7.3,2,24.7,66,1,3.9,,3,0,1,25.581081081081084
37,1,2.8,267.9,9.3,0,20.2,62,1,2.4,,3,1,0,28.499999999999996
34,1,2.3,216.7,8.8,0,22.4,60,1,4.6,,3,0,1,24.34831460674157
45,0,3.5,334.2,7.4,2,16.6,68,1,7.2,,3,0,1,44.559999999999995
40,0,5.5,524.7,6.5,2,24.6,62,1,2.3,,0,0,0,79.50000000000001
52,2,2.4,229.1,7.4,2,23.0,80,1,1.5,Mild,3,0,0,30.546666666666667
29,1,2.3,218.9,6.9,2,20.3,75,1,7.6,,3,0,0,31.271428571428572
29,0,1.4,134.7,7.2,2,32.4,59,1,5.2,Mild,4,0,0,18.452054794520546
19,1,4.0,384.3,5.6,1,23.0,54,2,6.7,Mild,3,0,1,67.42105263157896
29,0,5.4,509.8,6.1,2,25.8,80,1,14.9,,0,1,0,82.22580645161291
46,0,2.2,210.4,7.6,2,22.6,77,1,5.3,,0,0,1,27.32467532467533
50,1,2.9,273.8,6.6,2,19.4,58,1,9.1,,0,0,0,40.86567164179105
46,1,2.7,260.7,7.2,2,24.7,65,1,7.3,,2,0,1,35.71232876712329
18,1,1.3,128.0,6.2,2,22.0,77,1,11.1,,2,0,0,20.317460317460316
47,1,3.6,341.9,6.4,2,26.8,50,1,14.8,,4,1,1,52.599999999999994
18,0,2.4,231.7,5.2,1,22.8,60,2,7.9,Mild,2,0,0,43.71698113207547
45,1,2.8,269.9,7.5,2,23.0,65,1,5.3,,4,1,0,35.51315789473684
30,0,3.9,375.1,4.3,3,28.1,79,0,2.4,Mild,2,0,1,85.25000000000001
43,1,2.0,190.9,7.3,2,24.6,68,1,12.2,,1,0,0,25.7972972972973
19,0,2.6,250.9,5.0,3,24.7,79,0,1.1,Mild,4,0,1,49.196078431372555
49,0,1.4,134.1,5.7,1,25.0,63,2,8.7,Mild,2,0,0,23.120689655172413
18,0,0.9,81.9,5.7,1,27.6,74,2,11.5,Mild,1,1,1,14.120689655172415
26,0,2.7,254.8,7.6,2,33.9,73,1,2.9,Mild,4,0,1,33.09090909090909
23,1,2.8,267.1,5.1,1,22.2,63,2,7.2,Mild,4,0,0,51.36538461538463
18,0,3.9,369.0,6.2,2,23.5,67,1,6.0,,1,1,0,58.57142857142858
36,1,1.4,128.7,6.3,2,21.2,74,1,3.2,,4,1,0,20.109375
56,1,0.9,87.9,6.6,2,22.8,70,1,13.2,Mild,1,0,0,13.119402985074629
67,1,5.2,490.8,7.1,2,25.4,76,1,8.0,Mild,1,1,1,68.16666666666667
36,0,2.7,256.2,6.4,2,26.0,79,1,12.8,,4,1,0,39.41538461538461
48,0,0.4,41.3,6.8,2,28.5,67,1,12.8,,4,0,0,5.9855072463768115
37,0,2.4,229.6,5.5,1,22.5,50,2,14.7,Mild,3,1,1,41.0
40,1,1.5,143.9,5.6,1,25.5,59,2,13.8,Mild,3,1,1,25.245614035087723
30,1,3.0,288.5,4.9,3,20.4,56,0,11.0,Mild,0,0,1,57.7
37,0,1.9,178.0,6.3,2,20.8,56,1,10.1,,0,0,1,27.812500000000004
41,0,4.4,413.8,8.1,0,27.6,70,1,2.5,,1,0,0,50.463414634146346
28,1,0.6,52.3,7.1,2,22.8,74,1,6.4,,4,0,0,7.263888888888889
34,0,4.4,419.7,6.4,2,21.3,59,1,8.5,,1,0,1,64.56923076923077
34,1,3.6,343.4,4.6,3,17.9,79,0,0.9,Mild,3,0,0,73.06382978723406
44,1,3.0,283.5,7.9,2,27.9,79,1,2.3,,0,0,0,35.4375
22,1,4.1,384.9,8.3,0,17.1,91,1,9.6,,1,0,0,45.82142857142857
34,1,4.3,410.7,5.3,1,17.8,81,2,2.2,Mild,4,0,0,76.05555555555556
57,1,2.5,237.7,5.5,1,26.3,81,2,5.1,Moderate,0,0,1,42.44642857142857
48,0,4.9,469.7,8.0,2,23.1,74,1,0.6,,1,0,0,57.98765432098766
51,0,3.4,325.5,7.0,2,25.5,62,1,2.5,Mild,0,0,0,45.845070422535215
35,1,1.7,159.5,8.8,0,22.8,68,1,8.3,,4,0,0,17.921348314606742
38,0,0.5,45.6,8.3,0,27.5,80,1,9.6,,0,0,0,5.428571428571429
47,0,4.1,390.5,4.1,3,28.8,70,0,1.5,Mild,1,0,0,92.9761904761905
53,1,2.5,237.4,8.5,0,29.2,73,1,3.6,Mild,1,0,1,27.6046511627907
18,0,0.0,0.0,7.2,2,23.1,78,1,5.9,,0,0,0,0.0
19,0,3.0,285.0,6.6,2,19.5,72,1,10.2,,4,0,0,42.53731343283582
50,1,2.1,200.7,6.7,2,23.9,68,1,1.1,,1,0,0,29.514705882352942
31,1,1.5,142.0,6.7,2,20.7,64,1,6.7,,2,0,1,20.88235294117647
26,1,4.0,381.3,4.6,3,21.7,92,0,11.1,Mild,0,0,0,81.1276595744681
19,0,1.3,125.3,8.5,0,31.6,74,1,2.1,Mild,3,0,0,14.569767441860465
28,1,1.8,172.9,6.1,2,27.4,59,1,8.2,,1,0,0,27.88709677419355
18,0,2.2,206.8,6.3,2,22.9,63,1,6.6,,3,1,0,32.31250000000001
60,0,4.0,382.4,7.1,2,23.6,71,1,5.9,Mild,3,0,0,53.111111111111114
34,1,0.7,70.1,9.0,0,22.0,76,1,14.0,,4,1,0,7.703296703296703
34,0,1.6,147.3,6.7,2,24.7,69,1,5.9,,4,0,0,21.661764705882355
42,0,3.1,298.1,6.8,2,22.3,56,1,6.7,,4,0,0,43.20289855072465
46,1,3.2,308.2,8.2,0,28.3,52,1,0.9,,0,0,0,37.13253012048193
46,0,0.8,77.0,7.6,2,24.0,52,1,5.5,,3,0,1,10.000000000000002
47,1,1.9,181.4,7.3,2,20.4,76,1,7.9,,1,0,0,24.513513513513516
27,1,2.3,220.8,3.2,3,29.8,72,0,0.1,Mild,3,0,0,66.9090909090909
31,1,2.9,278.5,6.2,2,25.9,64,1,0.7,,2,0,0,44.20634920634921
44,0,2.2,207.6,6.9,2,25.5,91,1,3.6,,3,0,0,29.657142857142855
28,0,4.8,456.8,6.5,2,16.6,71,1,11.1,,3,0,0,69.21212121212122
34,1,2.4,223.5,7.7,2,23.8,54,1,11.8,,0,0,1,28.653846153846153
39,1,4.8,452.6,4.8,3,21.1,70,0,12.0,Mild,1,0,0,92.36734693877553
44,1,1.8,171.2,5.5,1,15.0,75,2,8.6,Mild,2,0,0,30.571428571428573
18,0,0.1,9.4,8.2,0,23.6,64,1,12.5,,0,1,0,1.1325301204819278
43,0,6.3,595.3,7.4,2,23.4,71,1,2.1,,2,0,0,79.37333333333332
32,0,2.4,225.1,5.4,1,29.0,77,2,13.9,Mild,3,0,0,40.92727272727273
43,0,3.1,290.2,6.9,2,21.7,73,1,12.1,,1,0,0,41.457142857142856
44,0,0.3,30.9,6.7,2,20.7,76,1,9.0,,3,1,0,4.544117647058823
54,1,2.9,274.8,5.8,1,21.3,78,2,8.7,Moderate,0,0,0,46.576271186440685
51,1,3.7,354.6,5.0,1,25.0,56,2,1.7,Moderate,1,0,1,69.5294117647059
51,0,0.8,74.2,5.8,1,28.6,76,2,12.0,Moderate,2,0,1,12.57627118644068
52,0,2.3,217.2,5.7,1,24.0,77,2,7.5,Moderate,1,0,0,37.44827586206897
38,1,2.4,228.9,8.5,0,21.7,73,1,12.3,,1,0,0,26.616279069767444
35,0,0.6,54.9,7.5,2,23.3,73,1,4.7,,0,0,0,7.223684210526316
45,0,4.9,469.0,6.6,2,26.6,63,1,0.8,,0,0,0,70.00000000000001
43,1,0.0,0.0,5.7,1,28.6,85,2,7.6,Mild,3,0,1,0.0
31,0,0.0,0.0,8.6,0,28.7,75,1,13.2,,1,0,0,0.0
39,0,2.7,252.6,8.3,0,23.6,78,1,1.3,,1,0,0,30.07142857142857
34,1,1.0,95.7,7.1,2,25.8,84,1,6.2,,4,0,0,13.291666666666668
24,0,3.5,334.0,6.6,2,27.2,80,1,12.5,,3,0,0,49.85074626865672
50,1,2.0,188.2,6.9,2,23.7,79,1,3.4,,4,0,0,26.885714285714283
35,1,3.1,294.3,7.4,2,26.7,50,1,3.9,,0,0,0,39.24
59,0,0.4,42.7,5.2,1,27.1,50,2,9.3,Moderate,2,0,0,8.056603773584907
18,1,1.9,180.9,5.4,1,26.1,69,2,13.0,Mild,3,0,0,32.89090909090909
28,1,1.8,174.4,5.8,1,27.2,73,2,8.7,Mild,1,0,0,29.559322033898308
35,1,6.0,571.5,5.5,1,32.3,76,2,1.5,Moderate,4,0,0,102.05357142857143
48,1,1.8,173.0,7.1,2,20.7,73,1,13.9,,1,0,1,24.02777777777778
39,1,0.0,0.0,8.2,0,29.3,72,1,8.0,,2,0,0,0.0
38,0,4.2,394.4,7.5,2,24.8,73,1,5.1,,1,1,0,51.89473684210526
21,1,2.1,202.7,4.8,3,23.8,63,0,11.3,Mild,4,0,0,41.36734693877551
21,0,2.9,275.9,8.8,0,21.8,57,1,10.4,,3,0,0,30.999999999999996
38,0,2.0,188.3,9.4,0,25.1,69,1,4.6,,1,0,1,19.821052631578947
18,1,0.6,55.6,8.9,0,21.9,63,1,12.8,,4,0,1,6.177777777777778
28,0,4.5,423.7,5.5,1,23.4,67,2,1.3,Mild,0,1,0,75.66071428571429
41,0,1.0,98.1,6.3,2,18.2,53,1,13.2,,1,0,0,15.328125
23,1,0.3,26.3,5.1,1,24.4,68,2,1.5,Mild,1,0,0,5.057692307692308
54,1,3.2,304.5,6.9,2,20.4,74,1,0.5,Mild,2,0,1,43.5
49,0,2.7,259.7,6.9,2,23.3,56,1,13.0,,1,1,0,37.1
18,0,4.1,389.9,5.9,1,24.0,76,2,1.0,Mild,4,0,1,64.98333333333333
23,1,2.9,277.5,5.5,1,20.3,57,2,14.9,Mild,2,1,0,49.55357142857143
18,1,2.4,226.8,6.9,2,20.2,76,1,1.2,,2,0,0,32.4
25,1,3.9,366.8,6.2,2,22.2,63,1,12.4,,1,1,0,58.22222222222223
44,1,0.0,2.7,7.5,2,21.3,80,1,14.5,,3,0,0,0.3552631578947369
30,0,2.2,211.6,8.5,0,24.5,63,1,8.6,,0,0,0,24.6046511627907
40,1,1.1,102.6,7.6,2,23.4,59,1,2.5,,3,0,0,13.324675324675326
18,1,2.9,273.6,6.9,2,27.7,70,1,2.4,,4,1,0,39.08571428571429
44,1,3.7,353.7,6.7,2,24.3,75,1,11.4,,1,0,0,52.01470588235294
28,1,2.9,277.2,5.3,1,25.3,80,2,1.0,Mild,1,0,0,51.333333333333336
35,1,3.6,338.5,6.4,2,23.6,77,1,10.3,,0,0,0,52.07692307692308
33,1,4.4,414.1,6.7,2,17.8,62,1,4.3,,3,0,0,60.89705882352942
19,1,3.3,309.2,7.6,2,23.5,74,1,13.9,,3,0,0,40.15584415584416
21,0,3.6,343.1,7.3,2,16.0,59,1,8.3,,3,0,0,46.36486486486487
46,0,5.3,504.6,5.9,1,22.1,82,2,3.3,Mild,3,0,0,84.10000000000001
39,1,6.5,613.7,7.7,2,26.3,86,1,12.7,,2,0,0,78.67948717948718
47,0,2.3,215.1,4.3,3,19.4,72,0,14.7,Mild,0,0,0,48.88636363636364
38,1,1.1,103.5,7.5,2,15.4,67,1,11.2,,4,1,0,13.618421052631579
36,0,0.0,0.0,5.9,1,21.0,85,2,10.5,Mild,3,0,0,0.0
18,1,5.4,511.8,8.0,0,24.6,86,1,12.9,,0,1,0,63.18518518518519
31,1,1.6,156.5,7.9,2,22.2,50,1,0.3,,0,0,0,19.5625
34,0,3.2,303.4,4.8,3,18.8,76,0,13.3,Mild,1,1,1,61.91836734693878
58,1,3.5,331.6,5.3,1,22.0,69,2,3.7,Moderate,4,0,0,61.40740740740742
43,1,3.7,352.3,4.4,3,26.0,56,0,8.9,Mild,4,1,1,78.28888888888889
53,0,2.1,201.8,7.6,2,22.7,86,1,6.7,Mild,4,1,1,26.207792207792213
42,0,3.7,350.7,7.0,2,27.2,62,1,6.5,,2,0,0,49.394366197183096
26,0,3.3,314.8,7.6,2,21.8,80,1,6.8,,3,0,0,40.88311688311689
36,1,1.5,140.9,3.6,3,18.0,63,0,10.3,Mild,3,0,1,38.08108108108108
37,0,4.9,469.3,5.3,1,30.7,59,2,10.1,Moderate,3,0,0,86.90740740740742
23,1,3.5,334.0,7.4,2,25.5,72,1,5.6,,0,0,0,44.53333333333333
30,1,0.6,54.6,8.4,0,29.4,53,1,14.9,,2,1,0,6.423529411764706
32,0,1.9,184.5,6.3,2,23.6,91,1,14.5,,4,0,0,28.828125000000004
54,0,1.9,181.4,7.1,2,22.9,76,1,2.4,Mild,1,0,0,25.194444444444446
18,0,1.6,156.3,7.7,2,29.7,64,1,10.3,,4,0,0,20.03846153846154
49,0,3.4,324.6,8.3,0,30.2,69,1,7.7,Mild,0,1,0,38.642857142857146
23,1,4.4,421.5,4.5,3,18.7,62,0,4.1,Mild,3,0,0,91.6304347826087
18,1,0.9,81.6,6.6,2,21.5,72,1,12.1,,1,0,0,12.17910447761194
49,1,2.0,186.6,4.9,3,20.4,56,0,3.4,Mild,0,0,0,37.32
43,0,4.2,400.8,6.9,2,26.6,56,1,10.1,,1,1,1,57.25714285714286
50,1,1.2,117.8,5.1,1,20.9,72,2,11.0,Mild,2,0,0,22.653846153846157
44,0,1.4,135.8,6.8,2,26.0,86,1,6.0,,1,0,0,19.68115942028986
59,0,0.0,0.0,7.1,2,27.3,60,1,0.6,Mild,1,0,0,0.0
41,0,3.7,347.0,5.5,1,31.5,64,2,4.8,Moderate,0,0,1,61.964285714285715
33,0,2.8,266.3,7.8,2,19.6,66,1,12.1,,1,1,0,33.708860759493675
39,0,2.0,189.9,7.0,2,28.7,64,1,10.1,,0,0,0,26.74647887323944
49,0,0.1,8.7,7.0,2,23.1,66,1,7.3,,3,0,0,1.2253521126760563
25,0,2.0,188.7,5.9,1,31.7,74,2,10.7,Moderate,0,1,0,31.45
27,1,0.0,0.0,6.8,2,28.2,66,1,3.2,,3,1,0,0.0
31,1,2.2,212.5,5.6,1,27.8,53,2,13.9,Mild,2,0,1,37.28070175438597
18,0,5.4,511.2,5.8,1,21.0,68,2,12.6,Mild,4,1,1,86.64406779661017
36,2,2.8,265.5,6.6,2,23.2,74,1,0.5,,3,1,0,39.626865671641795
18,1,4.3,413.1,9.5,0,25.6,63,1,10.0,,2,0,0,43.03125000000001
35,1,4.5,423.5,6.2,2,21.8,76,1,4.2,,3,0,1,67.22222222222223
45,0,1.7,162.2,5.9,1,26.7,79,2,7.4,Mild,1,0,0,27.03333333333333
29,0,3.4,325.6,4.9,3,31.2,74,0,3.0,Moderate,4,0,0,65.12
55,1,0.0,0.0,7.8,2,21.5,61,1,11.0,Mild,2,0,1,0.0
18,0,2.9,277.6,5.3,1,21.2,85,2,0.7,Mild,2,0,0,51.40740740740742
49,0,4.1,390.8,6.8,2,21.7,82,1,8.3,,1,0,0,56.637681159420296
43,0,3.3,311.9,8.2,0,29.9,73,1,1.7,,3,0,0,37.57831325301205
18,1,2.0,186.4,7.6,2,23.2,66,1,4.6,,2,1,1,24.20779220779221
67,1,4.4,416.4,5.2,1,30.5,82,2,2.9,Severe,3,0,0,78.56603773584905
34,1,4.2,399.6,6.7,2,27.1,74,1,6.5,,3,0,0,58.76470588235295
24,1,2.4,230.5,8.2,0,25.8,80,1,7.2,,1,0,0,27.7710843373494
18,1,4.7,449.9,6.7,2,31.6,69,1,9.9,Mild,3,0,0,66.16176470588235
32,0,3.3,311.3,6.3,2,21.0,67,1,6.7,,4,0,0,48.64062500000001
33,1,0.1,8.1,8.1,0,17.0,52,1,10.9,,1,0,0,0.9878048780487805
36,0,3.0,283.1,7.2,2,21.2,87,1,12.1,,1,0,1,38.780821917808225
31,0,1.4,135.3,6.9,2,23.2,83,1,14.9,,0,0,0,19.32857142857143
42,1,3.2,308.3,7.3,2,25.1,65,1,1.9,,4,0,1,41.66216216216217
30,2,0.0,0.0,7.3,2,27.1,71,1,6.1,,2,0,0,0.0
18,0,4.9,464.7,5.7,1,25.6,79,2,3.8,Mild,3,0,0,80.12068965517241
33,0,4.2,396.6,6.6,2,26.0,78,1,10.9,,3,0,1,59.194029850746276
18,1,4.9,464.1,6.0,1,23.8,75,2,7.7,Mild,1,0,1,76.08196721311477
39,0,2.5,236.0,8.0,0,26.5,66,1,1.7,,3,0,0,29.135802469135804
23,1,4.2,402.3,6.0,2,25.3,68,1,0.9,,4,0,1,65.95081967213115
36,0,2.8,267.6,6.3,2,29.2,71,1,7.5,,2,0,0,41.81250000000001
50,1,1.0,97.3,7.8,2,26.2,66,1,5.3,,3,0,0,12.316455696202532
23,0,1.3,121.9,6.5,2,27.1,89,1,7.9,,1,1,0,18.469696969696972
47,1,2.0,188.3,6.8,2,34.6,69,1,3.7,Mild,4,0,1,27.289855072463773
29,1,4.4,415.6,5.9,1,22.8,70,2,5.8,Mild,2,0,0,69.26666666666667
56,0,4.3,410.8,5.4,1,28.0,68,2,14.6,Moderate,4,1,0,74.69090909090909
30,0,1.5,145.3,6.4,2,24.4,59,1,3.6,,4,0,0,22.353846153846156
24,1,3.6,339.8,5.7,1,23.0,80,2,0.4,Mild,4,0,0,58.58620689655173
43,1,2.5,239.8,9.9,0,23.5,54,1,13.8,,3,0,0,23.98
29,0,1.1,102.9,6.5,2,27.2,73,1,12.1,,4,0,0,15.590909090909093
24,0,0.7,69.1,6.3,2,23.5,57,1,6.8,,3,0,1,10.796875
29,1,2.2,204.6,7.7,2,17.2,75,1,8.0,,4,1,0,26.23076923076923
34,0,3.9,370.5,7.4,2,22.1,82,1,5.0,,2,0,0,49.4
51,0,1.7,165.3,5.7,1,29.7,77,2,2.1,Moderate,1,0,0,28.500000000000004
18,1,3.7,350.1,6.7,2,26.8,64,1,4.0,,3,1,0,51.485294117647065
35,0,3.0,281.7,6.2,2,15.0,61,1,5.4,,1,0,1,44.714285714285715
42,0,0.0,4.1,7.3,2,21.2,68,1,8.3,,2,0,0,0.5540540540540541
37,0,5.5,523.6,5.9,1,19.7,61,2,4.2,Mild,1,1,0,87.26666666666667
50,1,4.3,407.8,3.9,3,16.5,64,0,4.8,Mild,4,0,0,101.95
34,0,0.4,36.8,7.6,2,23.8,65,1,8.2,,2,0,0,4.779220779220779
32,1,3.1,294.4,7.1,2,28.9,77,1,4.2,,3,0,1,40.88888888888889
42,0,4.7,447.8,4.8,3,20.2,94,0,14.6,Mild,2,0,0,91.38775510204083
36,1,3.1,296.0,7.7,2,21.8,73,1,6.7,,3,0,0,37.94871794871795
30,1,1.9,178.4,7.9,2,22.8,64,1,12.1,,4,0,0,22.3
41,0,2.3,220.0,8.1,0,16.9,82,1,10.2,,0,0,0,26.82926829268293
27,1,2.1,201.7,4.8,3,32.6,81,0,2.0,Moderate,4,0,1,41.163265306122454
27,0,2.3,217.3,7.7,2,27.4,79,1,11.7,,4,0,0,27.85897435897436
28,0,4.2,397.7,5.4,1,24.7,82,2,3.7,Mild,1,0,0,72.30909090909091
51,1,3.2,304.9,5.1,1,21.3,89,2,13.4,Moderate,0,0,0,58.63461538461539
18,0,1.2,114.5,6.2,2,18.9,50,1,10.8,,2,0,0,18.174603174603174
39,0,2.1,198.7,6.4,2,20.9,69,1,10.8,,0,0,0,30.569230769230767
35,1,1.9,181.0,6.1,2,28.4,59,1,4.6,,4,0,1,29.193548387096776
18,2,2.9,278.7,8.0,2,21.4,76,1,5.9,,1,0,0,34.407407407407405
38,0,0.8,78.3,5.6,1,23.7,74,2,11.0,Mild,0,1,0,13.73684210526316
40,1,0.2,22.8,8.1,0,24.2,73,1,5.5,,2,0,1,2.780487804878049
42,0,1.1,105.3,6.3,2,37.2,65,1,6.8,Mild,0,1,0,16.453125
18,1,0.2,15.2,7.1,2,21.6,73,1,8.4,,3,0,0,2.111111111111111
51,0,0.2,19.8,6.6,2,19.5,74,1,4.5,Mild,3,1,0,2.9552238805970155
26,0,4.3,412.0,5.4,1,16.7,67,2,11.4,Mild,2,0,1,74.9090909090909
43,1,2.3,219.2,5.7,1,21.4,60,2,4.1,Mild,0,0,0,37.793103448275865
43,0,3.1,290.5,5.0,3,33.4,86,0,0.8,Moderate,1,0,0,56.9607843137255
24,0,2.6,246.2,4.9,3,26.3,79,0,11.8,Mild,2,0,0,49.239999999999995
42,1,2.7,254.1,6.4,2,29.9,50,1,5.6,,4,0,1,39.09230769230769
30,0,2.9,280.0,8.2,0,25.8,59,1,12.7,,4,1,0,33.73493975903615
18,0,3.4,321.2,5.2,1,22.6,67,2,9.4,Mild,2,0,0,60.60377358490566
49,1,3.1,290.1,6.8,2,26.8,78,1,12.5,,4,0,1,42.04347826086957
25,0,6.7,634.8,5.8,1,20.3,53,2,5.7,Mild,3,1,0,107.59322033898306
24,1,1.0,91.4,8.4,0,26.6,57,1,8.4,,1,0,0,10.75294117647059
30,1,0.9,86.5,7.4,2,28.1,68,1,0.2,,1,0,1,11.533333333333333
38,0,1.7,159.5,6.0,1,28.0,72,2,3.9,Mild,1,0,1,26.147540983606557
34,0,0.5,49.0,5.5,1,23.2,63,2,13.1,Mild,0,1,0,8.75
41,0,2.1,196.4,4.4,3,28.8,74,0,6.6,Mild,2,0,1,43.644444444444446
18,1,1.1,101.2,5.9,1,19.5,65,2,9.5,Mild,4,0,0,16.866666666666667
26,0,2.6,249.1,9.2,0,26.9,56,1,4.2,,0,0,1,26.784946236559144
33,0,2.6,248.0,5.9,1,25.1,74,2,12.8,Mild,4,0,0,41.333333333333336
57,1,0.5,51.5,4.7,3,21.2,76,0,8.9,Moderate,2,1,0,10.729166666666668
33,1,3.6,346.7,4.5,3,19.6,81,0,13.6,Mild,4,0,0,75.36956521739131
48,0,1.3,123.2,8.7,0,23.7,58,1,3.7,,0,0,0,14.000000000000002
35,1,1.1,103.8,6.3,2,24.3,76,1,10.9,,0,0,0,16.21875
29,1,3.2,300.1,7.0,2,21.5,75,1,0.3,,0,0,0,42.26760563380282
32,0,2.5,237.5,7.0,2,18.8,89,1,9.0,,1,0,0,33.45070422535211
32,2,2.5,237.7,5.9,1,27.4,60,2,4.5,Mild,3,0,0,39.61666666666667
42,0,1.0,96.0,6.3,2,27.9,71,1,1.8,,0,0,0,15.000000000000002
51,0,0.8,78.9,5.7,1,32.4,69,2,9.4,Severe,3,0,0,13.603448275862071
39,0,3.7,351.2,4.3,3,21.3,55,0,0.4,Mild,0,0,0,79.81818181818183
49,0,2.4,227.0,7.9,2,24.3,84,1,2.3,,4,0,0,28.375
23,1,2.8,270.2,7.5,2,27.8,62,1,5.6,,2,0,1,35.55263157894737
30,1,2.7,259.2,6.6,2,28.2,63,1,6.7,,0,0,0,38.68656716417911
26,1,3.5,334.1,6.6,2,25.5,69,1,13.6,,1,1,0,49.86567164179105
38,1,2.4,229.3,7.8,2,26.9,62,1,5.0,,0,0,0,29.025316455696206
30,1,2.2,204.4,3.9,3,21.3,76,0,0.8,Mild,4,0,1,51.1
43,1,3.6,339.7,7.1,2,24.5,71,1,14.4,,4,1,0,47.18055555555556
23,1,5.9,555.9,7.4,2,20.5,52,1,12.5,,4,0,0,74.11999999999999
35,1,0.6,60.5,9.2,0,26.7,52,1,3.4,,4,0,0,6.505376344086022
43,0,1.7,159.3,7.9,2,28.3,75,1,7.7,,0,0,0,19.9125
18,1,2.9,279.2,8.5,0,37.9,64,1,2.3,Mild,3,0,0,32.46511627906977
60,0,0.0,0.0,6.7,2,29.9,69,1,14.3,Mild,4,1,1,0.0
31,1,4.2,395.7,6.4,2,17.1,75,1,7.7,,4,0,0,60.87692307692308
18,0,3.7,350.8,5.5,1,19.9,60,2,7.1,Mild,0,0,0,62.642857142857146
36,0,2.5,241.8,5.9,1,30.0,58,2,12.4,Mild,2,0,0,40.300000000000004
35,0,3.2,304.0,7.7,2,26.2,77,1,1.9,,1,1,0,38.97435897435898
34,0,4.8,452.2,6.8,2,24.4,68,1,4.0,,1,0,0,65.53623188405797
46,0,2.9,278.7,7.2,2,23.8,83,1,11.0,,1,0,0,38.178082191780824
43,1,0.6,57.2,5.1,1,20.2,76,2,9.2,Mild,2,1,1,11.000000000000002
38,2,3.9,374.4,7.0,2,16.1,75,1,2.4,,0,0,1,52.732394366197184
40,0,3.9,369.5,8.1,0,20.3,91,1,3.2,,2,0,1,45.0609756097561
33,0,2.8,267.2,7.1,2,23.2,65,1,13.2,,4,1,0,37.111111111111114
56,1,6.4,610.1,4.9,3,24.9,68,0,12.4,Moderate,0,0,0,122.02000000000001
18,0,2.3,222.6,6.6,2,22.9,77,1,0.2,,0,1,0,33.223880597014926
36,0,0.0,0.0,8.7,0,18.9,69,1,14.3,,1,1,0,0.0
35,0,2.9,274.5,6.9,2,21.9,64,1,8.7,,4,0,0,39.214285714285715
44,0,2.7,258.4,8.1,0,24.5,64,1,7.1,,3,1,0,31.51219512195122
24,1,5.8,554.8,8.4,0,25.0,59,1,5.3,,0,1,0,65.27058823529411
18,1,3.0,288.3,6.3,2,22.4,72,1,5.6,,0,1,0,45.04687500000001
36,1,2.1,203.1,5.4,1,22.5,77,2,7.4,Mild,0,0,0,36.92727272727273
38,1,0.6,58.6,6.3,2,27.2,69,1,3.2,,3,0,0,9.156250000000002
52,1,5.2,495.1,8.5,0,25.0,80,1,2.0,Mild,1,0,0,57.56976744186047
19,1,0.0,0.0,8.0,0,22.5,69,1,8.4,,4,0,0,0.0
48,1,3.2,304.4,6.8,2,25.4,68,1,6.8,,3,0,1,44.11594202898551
63,0,0.0,0.0,8.3,0,16.0,73,1,10.2,Mild,0,0,0,0.0
30,1,2.1,195.9,6.2,2,22.8,68,1,7.4,,1,0,0,31.0952380952381
19,0,2.0,186.9,6.3,2,23.4,70,1,5.9,,4,0,1,29.203125000000004
30,0,1.5,139.7,5.9,1,23.9,69,2,5.2,Mild,2,0,0,23.28333333333333
35,0,1.9,184.8,9.3,0,20.5,57,1,8.7,,1,0,1,19.659574468085108
41,1,2.7,257.5,6.8,2,26.6,74,1,4.2,,4,0,0,37.31884057971015
27,0,1.8,171.8,6.6,2,19.0,59,1,12.3,,0,0,0,25.641791044776124
53,0,2.3,220.7,6.9,2,17.2,67,1,11.9,Mild,4,0,0,31.52857142857143
21,2,1.5,138.5,6.7,2,23.3,91,1,9.7,,0,0,0,20.36764705882353
18,0,2.1,203.0,5.7,1,21.6,81,2,5.8,Mild,1,0,0,35.0
48,0,4.0,376.1,7.7,2,18.7,64,1,9.0,,2,0,0,48.21794871794872
18,0,1.8,171.7,4.7,3,25.7,61,0,9.3,Mild,1,0,0,35.770833333333336
32,1,4.8,460.0,6.5,2,23.8,68,1,10.2,,0,0,0,69.6969696969697
72,1,4.0,375.9,7.2,2,27.8,74,1,5.7,Mild,3,1,0,51.49315068493151
34,0,3.7,354.5,4.6,3,25.3,53,0,6.3,Mild,1,0,1,75.42553191489363
21,1,2.5,238.6,7.2,2,23.5,67,1,13.7,,2,0,0,32.68493150684932
34,1,1.1,102.0,6.3,2,19.4,82,1,1.7,,3,1,0,15.937500000000002
34,0,2.6,251.6,4.6,3,19.3,68,0,2.0,Mild,3,0,0,53.53191489361703
36,1,5.1,488.1,6.5,2,22.6,62,1,14.9,,0,0,0,73.95454545454547
42,0,1.3,119.9,7.9,2,22.2,58,1,9.4,,4,0,0,14.9875
22,0,2.9,279.4,10.0,0,27.1,59,1,6.9,,2,1,1,27.66336633663366
55,1,1.1,108.1,6.4,2,27.1,83,1,1.8,Mild,0,1,0,16.63076923076923
37,1,1.9,180.1,7.3,2,17.7,73,1,9.7,,2,1,0,24.33783783783784
43,1,3.0,280.3,7.7,2,19.2,70,1,11.6,,4,0,0,35.93589743589744
27,1,3.0,289.4,6.7,2,17.2,79,1,8.0,,0,0,1,42.55882352941176
50,1,2.7,254.2,7.5,2,21.2,79,1,0.7,,1,0,1,33.44736842105263
31,1,3.4,323.9,6.0,1,28.5,70,2,7.7,Mild,1,0,0,53.09836065573771
38,1,3.2,302.3,6.3,2,25.4,76,1,2.3,,3,1,0,47.23437500000001
23,1,2.0,190.8,5.2,1,24.7,58,2,6.5,Mild,4,1,0,36.0
23,0,3.6,340.6,6.0,2,23.6,70,1,4.4,,0,0,0,55.8360655737705
43,0,1.0,99.7,4.9,3,21.2,69,0,2.0,Mild,4,0,0,19.94
29,0,2.1,200.7,4.8,3,27.4,57,0,0.7,Mild,4,0,1,40.95918367346939
24,0,1.8,171.3,7.8,2,26.2,66,1,9.0,,1,0,1,21.683544303797472
27,1,3.1,290.6,5.0,3,27.9,91,0,8.6,Mild,0,0,0,56.980392156862756
43,0,0.0,0.0,8.1,0,20.2,74,1,2.4,,3,0,1,0.0
27,1,1.9,180.6,6.5,2,22.8,69,1,13.8,,0,0,0,27.363636363636363
33,1,3.2,302.6,6.3,2,18.9,60,1,13.1,,1,0,1,47.28125000000001
35,0,6.2,589.5,5.2,1,20.6,90,2,4.0,Mild,3,0,0,111.22641509433963
18,1,2.6,244.6,6.6,2,21.0,81,1,7.6,,3,0,0,36.507462686567166
18,1,0.9,83.3,8.7,0,26.0,77,1,7.6,,2,0,1,9.465909090909092
39,0,3.5,333.6,5.6,1,25.7,67,2,2.7,Mild,0,0,1,58.52631578947369
26,0,1.5,140.6,6.4,2,28.7,50,1,5.9,,2,0,0,21.63076923076923
47,1,0.5,44.0,7.9,2,15.1,83,1,9.6,,1,0,0,5.5
46,1,2.8,263.5,5.2,1,22.9,85,2,7.5,Mild,0,0,1,49.716981132075475
43,0,4.5,426.0,4.8,3,36.4,72,0,5.7,Moderate,0,0,1,86.9387755102041
56,0,1.3,123.3,6.7,2,26.3,57,1,6.6,Mild,0,1,0,18.13235294117647
34,1,2.2,207.4,8.1,0,23.2,74,1,9.6,,2,0,0,25.292682926829272
42,0,3.5,336.2,6.4,2,27.1,69,1,13.8,,4,0,0,51.723076923076924
27,0,4.0,383.2,6.1,2,20.6,87,1,13.8,,4,0,0,61.80645161290323
64,1,4.6,440.7,6.3,2,19.7,72,1,12.7,Mild,4,0,1,68.859375
58,0,1.5,138.1,6.7,2,23.8,69,1,6.7,Mild,2,1,0,20.308823529411764
35,0,2.3,219.7,5.9,1,25.2,66,2,14.9,Mild,2,0,0,36.61666666666667
39,1,0.0,0.0,8.1,0,26.9,66,1,2.4,,3,0,1,0.0
51,0,1.9,181.3,7.0,2,27.0,59,1,6.9,Mild,4,0,1,25.535211267605636
33,1,0.9,88.1,6.2,2,20.6,80,1,8.1,,2,0,0,13.984126984126984
27,0,2.7,257.5,6.7,2,25.3,58,1,14.6,,3,0,0,37.86764705882353
45,0,3.8,363.7,6.0,2,28.0,70,1,7.2,,1,1,0,59.622950819672134
35,1,3.5,335.9,4.8,3,27.3,75,0,9.8,Mild,1,0,0,68.55102040816327
37,0,0.8,72.2,9.5,0,26.7,54,1,3.5,,2,0,0,7.520833333333334
24,0,1.9,180.7,6.9,2,26.1,65,1,7.8,,3,0,0,25.814285714285713
18,1,3.2,303.2,5.3,1,25.8,73,2,9.9,Mild,3,1,0,56.14814814814815
37,1,2.7,255.3,5.2,1,23.9,70,2,3.4,Mild,2,0,0,48.16981132075472
45,1,1.4,137.3,5.0,1,31.1,70,2,7.8,Moderate,0,0,1,26.921568627450984
32,0,3.1,290.9,5.7,1,27.4,57,2,9.9,Mild,1,0,0,50.1551724137931
52,0,3.6,346.7,5.0,1,22.8,59,2,4.2,Moderate,1,0,0,67.98039215686275
26,0,2.2,210.5,6.4,2,17.2,77,1,7.0,,0,0,0,32.38461538461539
22,1,1.0,96.4,8.8,0,32.7,80,1,12.2,Mild,1,0,0,10.831460674157304
34,0,3.1,291.3,5.7,1,20.8,83,2,8.1,Mild,1,0,1,50.224137931034484
34,1,1.2,114.6,10.0,0,18.2,70,1,3.2,,1,0,0,11.346534653465346
44,1,4.5,425.9,7.1,2,27.9,78,1,3.2,,1,0,1,59.15277777777778
25,1,0.0,0.0,9.6,0,24.0,54,1,10.6,,4,0,1,0.0
51,1,2.0,191.2,5.1,1,26.2,58,2,4.2,Moderate,2,0,0,36.769230769230774
58,0,1.2,110.6,6.0,1,19.0,66,2,0.4,Moderate,0,0,0,18.131147540983605
34,0,3.6,339.0,5.7,1,27.3,70,2,12.8,Mild,1,0,0,58.44827586206897
49,0,4.6,441.7,6.2,2,30.0,67,1,0.3,,4,0,0,70.11111111111111
22,0,1.5,144.3,7.6,2,23.9,67,1,8.2,,2,1,0,18.740259740259745
47,1,1.1,103.9,5.0,1,21.6,58,2,3.3,Mild,0,1,0,20.372549019607845
47,2,3.5,329.3,7.5,2,20.5,65,1,11.7,,1,0,0,43.328947368421055
45,0,0.0,0.0,6.2,2,27.1,56,1,2.1,,1,0,0,0.0
34,0,2.9,272.6,8.8,0,28.5,82,1,12.8,,1,0,0,30.629213483146067
18,1,2.4,232.7,7.1,2,22.5,60,1,8.6,,3,0,0,32.31944444444444
27,0,2.2,206.3,8.2,0,21.9,77,1,2.5,,4,0,0,24.855421686746993
27,0,1.2,118.0,6.3,2,24.2,70,1,9.7,,2,1,1,18.4375
23,1,0.0,0.0,7.7,2,23.0,75,1,0.4,,0,1,0,0.0
36,0,4.0,376.3,5.8,1,18.4,72,2,9.0,Mild,0,0,0,63.77966101694916
29,0,3.4,327.2,7.2,2,16.5,66,1,11.2,,4,0,1,44.821917808219176
25,1,2.4,229.3,6.9,2,22.9,66,1,7.2,,4,0,0,32.75714285714286
22,1,2.8,270.2,8.4,0,20.9,81,1,2.2,,1,0,0,31.788235294117644
26,0,2.3,216.0,7.8,2,26.6,63,1,3.0,,0,1,1,27.341772151898738
48,1,4.0,377.5,7.0,2,20.2,69,1,2.2,,1,0,1,53.16901408450705
27,0,2.2,209.2,6.9,2,15.0,87,1,6.1,,4,0,1,29.885714285714283
28,0,2.5,233.0,6.7,2,22.8,68,1,2.7,,4,0,0,34.26470588235294
29,1,2.7,258.5,4.8,3,26.7,71,0,4.5,Mild,4,0,0,52.75510204081633
39,0,1.9,182.7,5.4,1,31.2,53,2,2.1,Moderate,2,0,0,33.21818181818182
40,0,2.4,224.3,5.6,1,32.0,68,2,2.7,Moderate,2,0,0,39.350877192982466
18,0,2.3,218.7,8.6,0,21.9,70,1,14.0,,1,0,0,25.137931034482758
47,0,1.5,139.9,6.1,2,20.2,67,1,0.2,,4,1,0,22.564516129032263
52,0,1.1,101.7,6.3,2,24.0,75,1,7.8,Mild,1,0,1,15.890625000000002
22,1,2.2,209.3,7.4,2,25.7,69,1,6.5,,1,0,0,27.90666666666667
23,1,2.0,194.3,5.6,1,21.6,63,2,4.2,Mild,2,0,1,34.087719298245624
29,1,4.1,388.3,8.1,0,21.9,67,1,12.0,,3,0,0,47.35365853658537
25,1,1.1,100.4,3.8,3,28.7,74,0,3.3,Mild,2,1,1,25.743589743589745
37,0,1.7,158.0,8.2,0,19.5,57,1,13.4,,1,0,1,19.036144578313255
18,1,2.8,263.8,8.8,0,24.0,68,1,10.2,,2,0,0,29.640449438202246
21,0,3.1,294.2,6.9,2,28.1,72,1,10.0,,4,0,1,42.028571428571425
53,1,2.3,217.7,5.8,1,28.2,84,2,14.4,Moderate,4,0,0,36.898305084745765
23,1,3.7,354.1,7.6,2,28.0,87,1,13.0,,0,1,0,45.987012987012996
49,0,2.3,222.6,5.8,1,32.9,76,2,7.3,Moderate,3,1,0,37.728813559322035
39,1,1.2,113.8,9.4,0,26.1,69,1,8.7,,2,1,0,11.978947368421052
18,0,2.4,231.9,7.3,2,23.5,83,1,11.6,,3,0,0,31.337837837837842
42,1,3.6,343.7,5.4,1,19.9,81,2,3.1,Mild,0,0,0,62.49090909090909
33,0,4.0,376.1,7.4,2,21.5,75,1,9.7,,4,1,0,50.14666666666667
29,0,3.9,372.1,5.2,1,15.3,80,2,4.1,Mild,1,1,0,70.20754716981132
37,0,2.8,265.1,5.6,1,25.0,67,2,1.0,Mild,2,0,0,46.50877192982457
40,1,2.9,274.9,7.5,2,25.3,57,1,14.7,,4,0,1,36.171052631578945
43,0,3.4,321.5,5.6,1,22.8,80,2,10.5,Mild,0,0,1,56.40350877192983
49,0,0.1,5.5,7.1,2,20.0,67,1,10.6,,1,1,0,0.763888888888889
39,0,1.4,135.2,7.5,2,24.1,71,1,6.6,,4,0,1,17.789473684210524
18,1,2.9,280.1,5.8,1,23.2,72,2,3.0,Mild,4,0,1,47.47457627118645
29,1,1.0,97.0,6.2,2,21.3,79,1,13.3,,4,1,1,15.396825396825397
70,1,4.2,401.6,8.4,0,24.1,65,1,9.5,Mild,2,0,0,47.247058823529414
43,1,4.1,389.6,7.2,2,27.6,57,1,3.7,,2,0,1,53.369863013698634
63,0,1.7,160.3,6.7,2,22.4,73,1,2.5,Mild,1,0,0,23.573529411764707
51,1,1.1,108.3,6.7,2,21.7,82,1,11.1,Mild,2,0,1,15.926470588235293
37,1,3.1,298.8,5.1,1,22.4,57,2,2.7,Mild,0,0,1,57.461538461538474
38,0,0.6,55.5,7.5,2,22.5,72,1,3.3,,1,1,1,7.302631578947369
34,1,2.7,257.4,6.7,2,25.8,74,1,1.5,,4,0,1,37.85294117647059
18,0,6.7,640.8,7.1,2,25.6,91,1,11.3,,0,0,1,89.0
35,0,1.0,93.8,4.3,3,25.7,75,0,9.5,Mild,4,0,0,21.31818181818182
49,1,1.3,126.0,6.6,2,23.7,59,1,6.4,,1,0,0,18.805970149253735
27,0,1.6,149.5,6.7,2,24.7,75,1,2.6,,4,1,0,21.985294117647058
39,1,1.2,109.5,7.2,2,17.2,71,1,8.3,,3,0,0,15.0
45,1,1.2,116.8,7.1,2,20.0,74,1,9.7,,0,1,0,16.222222222222225
24,1,5.1,482.5,6.9,2,23.9,55,1,3.7,,1,0,1,68.92857142857143
29,1,2.6,246.4,6.4,2,24.4,59,1,4.8,,1,0,0,37.90769230769231
22,1,3.9,367.1,4.9,3,27.6,61,0,3.2,Mild,4,1,0,73.42
25,1,4.3,408.4,4.6,3,22.1,90,0,5.4,Mild,4,1,0,86.8936170212766
19,0,0.0,0.0,6.9,2,16.5,70,1,3.7,,0,1,1,0.0
24,0,1.3,127.9,10.0,0,26.0,61,1,7.3,,2,0,0,12.663366336633665
52,0,1.1,108.3,7.5,2,16.5,73,1,14.1,Mild,0,0,0,14.25
24,0,0.0,0.0,10.0,0,22.4,72,1,4.2,,3,0,1,0.0
36,1,3.1,298.2,7.4,2,17.2,75,1,6.2,,0,0,0,39.76
28,1,3.0,280.8,5.3,1,31.7,60,2,5.6,Moderate,4,0,0,52.00000000000001
49,1,4.5,425.9,6.2,2,19.1,74,1,3.0,,2,0,0,67.60317460317461
50,1,3.2,305.1,9.6,0,24.1,67,1,14.6,,2,0,0,31.453608247422686
45,0,0.0,0.0,7.9,2,23.3,62,1,7.8,,0,1,0,0.0
38,0,1.4,137.5,7.7,2,17.2,83,1,9.0,,3,0,0,17.628205128205128
32,1,1.6,147.8,5.9,1,29.9,84,2,2.7,Mild,0,1,0,24.633333333333336
20,1,3.3,310.4,6.5,2,26.6,74,1,12.1,,1,0,0,47.03030303030303
58,1,0.0,0.0,5.7,1,22.0,64,2,13.1,Moderate,2,0,1,0.0
25,1,3.3,315.0,6.0,1,18.8,72,2,7.6,Mild,1,0,1,51.63934426229508
42,1,3.7,349.8,6.6,2,19.7,50,1,4.8,,3,0,0,52.2089552238806
47,0,2.1,201.8,5.9,1,16.9,86,2,3.8,Mild,3,0,0,33.63333333333333
28,1,1.3,123.6,8.0,2,22.8,86,1,1.3,,4,0,1,15.25925925925926
47,0,4.3,405.4,5.7,1,25.0,87,2,6.3,Mild,0,0,0,69.89655172413794
44,1,0.4,40.3,7.3,2,28.9,61,1,8.8,,0,0,0,5.445945945945946
55,1,4.2,400.8,7.6,2,27.3,71,1,7.0,Mild,0,0,0,52.05194805194806
29,0,3.9,367.0,8.9,0,27.4,84,1,7.9,,1,1,0,40.77777777777778
19,0,3.3,317.4,6.9,2,25.6,57,1,13.4,,3,1,0,45.34285714285714
28,1,5.2,496.4,5.0,3,25.3,74,0,4.1,Mild,3,0,0,97.33333333333333
37,0,2.5,239.9,6.6,2,23.2,66,1,8.8,,1,0,1,35.80597014925374
35,1,3.4,326.0,8.8,0,26.9,50,1,2.3,,0,0,0,36.62921348314607
30,1,2.4,230.7,7.8,2,21.5,76,1,9.4,,0,1,0,29.20253164556962
18,0,2.0,191.7,6.9,2,23.7,73,1,1.4,,1,0,0,27.385714285714283
40,0,3.3,312.8,7.2,2,24.6,72,1,2.2,,4,0,0,42.849315068493155
58,1,2.0,194.3,7.0,2,26.9,59,1,2.4,Mild,4,0,0,27.366197183098596
40,1,2.6,246.4,5.1,1,21.9,82,2,9.4,Mild,0,0,0,47.384615384615394
42,0,2.6,247.2,6.9,2,30.9,75,1,10.3,Mild,0,1,0,35.31428571428571
41,1,1.9,179.8,5.9,1,34.4,75,2,0.2,Moderate,1,0,0,29.96666666666667
39,1,3.6,342.2,5.8,1,17.7,81,2,12.4,Mild,2,1,1,58.0
46,0,0.0,0.0,6.7,2,25.9,75,1,12.0,,3,0,0,0.0
39,0,1.5,138.4,4.3,3,29.1,64,0,3.3,Mild,0,0,0,31.45454545454546
31,1,1.0,98.8,6.6,2,21.8,75,1,1.3,,0,1,1,14.746268656716419
25,0,3.0,281.3,4.5,3,26.5,72,0,8.7,Mild,2,0,0,61.152173913043484
32,0,2.1,203.6,7.7,2,21.6,71,1,13.0,,4,1,1,26.102564102564102
38,1,0.4,35.3,4.5,3,21.6,76,0,5.3,Mild,3,1,0,7.673913043478261
31,0,3.2,304.5,4.4,3,23.5,61,0,14.5,Mild,2,0,1,67.66666666666667
38,0,2.8,269.9,4.3,3,19.9,50,0,14.6,Mild,1,0,0,61.34090909090909
40,1,2.6,242.7,7.0,2,23.1,67,1,0.2,,4,0,0,34.183098591549296
44,1,3.7,348.7,6.4,2,20.0,55,1,9.8,,3,0,0,53.646153846153844
50,0,3.3,311.9,8.6,0,24.0,67,1,5.3,,4,0,0,35.85057471264368
35,0,2.2,204.3,7.2,2,24.2,54,1,2.1,,2,0,0,27.986301369863018
19,1,3.1,296.8,4.4,3,24.9,72,0,11.1,Mild,3,0,1,65.95555555555556
30,0,4.6,432.7,5.3,1,25.8,71,2,10.7,Mild,0,0,0,80.12962962962963
35,0,2.3,215.6,6.9,2,25.1,70,1,0.8,,1,0,1,30.8
18,0,4.4,415.1,6.7,2,27.3,77,1,2.1,,4,0,0,61.044117647058826
51,0,5.3,507.6,4.1,3,21.6,83,0,1.1,Moderate,1,0,1,120.85714285714289
36,1,3.0,284.5,7.6,2,27.7,65,1,8.9,,4,0,0,36.948051948051955
39,1,1.0,94.2,5.8,1,25.6,72,2,4.3,Mild,4,0,0,15.966101694915256
51,0,2.1,195.1,5.7,1,23.5,73,2,8.4,Moderate,4,0,0,33.63793103448276
27,1,2.7,260.7,7.9,2,21.8,56,1,10.3,,1,0,1,32.5875
41,0,2.5,240.4,6.6,2,17.6,80,1,5.2,,0,0,0,35.88059701492538
33,1,2.7,255.9,7.0,2,19.4,62,1,5.2,,4,1,1,36.04225352112676
32,1,4.3,410.6,7.0,2,30.5,64,1,11.2,Mild,2,0,1,57.83098591549297
25,1,1.2,116.4,4.9,3,19.4,67,0,5.3,Mild,2,0,1,23.28
54,0,3.1,290.0,6.8,2,21.2,61,1,5.3,Mild,1,0,1,42.02898550724638
30,0,3.9,368.8,8.7,0,23.0,63,1,9.0,,1,1,1,41.909090909090914
43,0,2.1,201.8,6.4,2,24.0,75,1,1.1,,2,0,0,31.04615384615385
18,1,1.0,91.3,7.3,2,22.4,58,1,5.1,,0,0,0,12.337837837837839
49,1,2.2,208.2,9.7,0,26.5,80,1,2.0,,0,1,0,21.244897959183675
47,0,0.9,89.1,8.7,0,24.9,60,1,13.2,,3,0,1,10.125
36,1,1.4,136.8,6.3,2,26.2,78,1,5.0,,4,0,0,21.375000000000004
32,0,3.4,320.3,7.1,2,29.5,75,1,7.0,,2,1,1,44.486111111111114
39,0,2.9,275.2,7.5,2,24.9,60,1,1.3,,1,0,0,36.21052631578947
62,1,3.6,339.0,9.1,0,23.1,62,1,7.4,Mild,2,0,0,36.84782608695652
18,0,3.2,306.4,5.4,1,15.2,77,2,9.9,Mild,2,0,0,55.709090909090904
44,1,2.2,208.1,10.0,0,33.1,81,1,0.7,Mild,1,0,1,20.603960396039604
24,0,1.0,93.6,7.2,2,30.8,70,1,5.0,Mild,2,0,1,12.821917808219178
34,1,3.0,283.6,6.2,2,29.1,82,1,8.4,,0,0,1,45.01587301587302
32,1,1.7,161.3,7.5,2,24.8,82,1,14.9,,4,0,0,21.22368421052632
29,0,2.3,217.6,6.2,2,23.5,62,1,11.5,,0,0,0,34.53968253968254
34,0,1.4,135.6,6.4,2,23.9,83,1,8.5,,2,0,1,20.861538461538462
21,0,3.9,366.3,5.7,1,25.4,78,2,3.1,Mild,0,0,0,63.15517241379311
47,0,0.0,0.0,6.3,2,27.3,61,1,14.5,,3,0,1,0.0
18,0,3.3,310.9,4.5,3,21.0,65,0,3.0,Mild,2,0,1,67.58695652173913
41,1,2.7,258.8,4.6,3,22.5,82,0,2.3,Mild,3,0,0,55.063829787234056
31,0,3.8,363.9,5.5,1,22.8,86,2,6.4,Mild,0,0,0,64.98214285714286
20,0,0.7,63.3,7.2,2,26.1,68,1,11.1,,1,1,1,8.67123287671233
37,1,2.4,230.9,5.8,1,27.9,94,2,1.4,Mild,4,0,0,39.13559322033899
18,0,1.9,176.5,9.3,0,29.1,86,1,2.8,,1,0,0,18.77659574468085
35,0,2.3,215.0,7.4,2,25.0,78,1,9.4,,3,1,1,28.666666666666668
18,1,2.5,240.0,5.8,1,31.3,77,2,0.4,Moderate,1,0,0,40.67796610169492
40,0,1.8,169.2,8.9,0,24.4,76,1,9.9,,3,0,0,18.799999999999997
23,1,2.3,222.1,6.4,2,31.0,55,1,1.0,Mild,1,1,1,34.169230769230765
29,1,4.4,414.1,6.1,2,28.0,66,1,5.5,,4,1,0,66.79032258064517
38,1,4.7,443.7,7.1,2,22.6,72,1,6.2,,2,0,1,61.62500000000001
25,0,2.9,271.5,6.5,2,33.3,67,1,9.6,Mild,4,1,0,41.13636363636364
34,1,4.7,446.5,6.4,2,18.4,78,1,5.0,,0,1,0,68.6923076923077
18,0,0.3,31.8,7.8,2,30.1,72,1,1.4,Mild,0,0,1,4.025316455696203
42,0,3.7,352.2,5.1,1,23.2,77,2,2.1,Mild,1,1,0,67.73076923076924
56,0,2.8,267.8,6.4,2,16.8,69,1,6.6,Mild,4,0,0,41.2
68,1,1.9,184.6,5.6,1,33.8,84,2,8.6,Severe,0,0,0,32.385964912280706
36,0,3.4,324.9,6.9,2,25.5,74,1,14.0,,2,0,0,46.41428571428571
44,0,2.7,259.8,4.9,3,23.1,69,0,8.3,Mild,1,0,1,51.96
18,0,1.6,152.1,8.6,0,23.2,77,1,10.5,,3,0,0,17.482758620689655
53,0,3.5,337.2,5.8,1,28.3,79,2,2.8,Moderate,1,0,1,57.152542372881356
44,0,2.4,231.1,6.2,2,24.4,72,1,14.9,,4,0,0,36.682539682539684
29,0,1.4,135.7,6.6,2,32.5,55,1,2.2,Mild,4,0,1,20.253731343283583
49,1,3.7,353.0,5.3,1,22.3,81,2,8.4,Mild,2,1,0,65.37037037037038
31,1,0.0,0.0,7.3,2,19.5,54,1,14.2,,1,0,0,0.0
29,1,5.0,471.6,7.6,2,25.5,59,1,7.0,,1,0,0,61.24675324675326
40,1,3.9,366.7,6.0,2,25.7,73,1,13.5,,4,0,0,60.114754098360656
22,0,0.0,0.0,6.5,2,20.1,65,1,8.8,,1,1,1,0.0
47,0,4.3,410.5,7.1,2,18.7,73,1,12.8,,0,1,1,57.01388888888889
22,0,2.6,249.6,7.3,2,20.7,86,1,10.7,,0,0,1,33.72972972972973
22,0,0.0,0.0,7.1,2,22.5,74,1,8.8,,1,0,1,0.0
24,0,0.0,0.0,8.5,0,21.1,62,1,1.7,,0,0,0,0.0
44,1,3.4,319.1,7.0,2,29.4,80,1,4.4,,4,0,0,44.94366197183099
27,0,0.9,81.8,9.0,0,23.0,56,1,1.8,,3,0,1,8.989010989010989
18,1,1.2,112.8,6.5,2,29.8,64,1,8.2,,1,0,1,17.09090909090909
27,1,2.7,252.5,5.2,1,15.3,71,2,6.6,Mild,2,0,0,47.64150943396226
34,0,3.3,309.6,8.2,0,25.9,66,1,6.5,,1,0,0,37.30120481927712
20,1,2.8,267.8,4.5,3,25.0,78,0,4.2,Mild,4,0,1,58.217391304347835
21,1,1.1,108.3,5.8,1,29.0,71,2,12.3,Mild,2,0,1,18.35593220338983
60,0,1.4,130.6,5.6,1,23.8,74,2,6.4,Moderate,2,1,0,22.912280701754387
24,1,0.9,86.4,6.9,2,20.3,72,1,4.2,,3,0,0,12.342857142857143
31,1,2.8,270.3,6.5,2,25.0,81,1,4.0,,1,0,1,40.95454545454546
30,1,2.8,263.1,8.0,0,24.9,61,1,4.6,,1,0,1,32.48148148148149
29,1,3.1,294.3,6.6,2,21.5,55,1,12.4,,2,1,0,43.92537313432837
42,1,2.8,263.7,5.9,1,23.3,79,2,5.5,Mild,0,0,1,43.949999999999996
46,0,2.7,253.6,6.3,2,22.4,64,1,3.7,,1,0,1,39.625
31,1,3.8,364.8,5.3,1,30.8,62,2,13.3,Moderate,1,0,0,67.55555555555557
20,0,2.6,251.4,7.4,2,23.7,73,1,13.4,,0,0,0,33.52
50,1,3.8,363.4,8.2,0,23.8,74,1,10.2,,3,0,0,43.78313253012048
33,0,1.9,181.6,7.0,2,23.2,82,1,12.4,,1,0,0,25.577464788732396
55,0,1.3,125.4,6.8,2,22.7,72,1,12.5,Mild,4,0,0,18.17391304347826
18,0,4.3,408.6,6.9,2,25.0,72,1,10.5,,0,0,1,58.371428571428574
37,0,1.8,170.6,6.2,2,21.1,64,1,7.0,,1,0,0,27.07936507936508
58,0,2.3,221.9,6.5,2,23.6,86,1,14.2,Mild,0,0,1,33.621212121212125
30,1,1.3,119.6,6.6,2,18.0,82,1,4.9,,0,0,0,17.850746268656717
32,0,5.5,520.7,7.0,2,24.9,55,1,11.9,,3,0,0,73.3380281690141
38,0,0.2,19.4,6.5,2,25.0,84,1,3.4,,3,0,1,2.9393939393939394
28,1,4.0,377.5,3.9,3,19.6,66,0,9.8,Mild,2,1,1,94.375
31,1,0.0,0.0,5.6,1,26.5,80,2,12.4,Mild,1,0,0,0.0
30,1,1.9,183.6,9.5,0,22.7,75,1,10.9,,3,0,1,19.125
27,0,3.6,343.0,6.3,2,29.8,81,1,10.6,,1,0,0,53.59375000000001
49,1,5.0,476.8,6.8,2,23.2,81,1,7.0,,2,0,1,69.10144927536233
40,1,2.1,203.5,6.6,2,29.4,75,1,13.5,,3,0,1,30.373134328358212
38,1,1.7,160.5,6.7,2,26.6,78,1,4.7,,3,0,1,23.60294117647059
44,0,2.8,266.5,5.2,1,19.4,63,2,13.6,Mild,2,0,1,50.28301886792453
31,1,5.0,472.8,8.3,0,21.9,104,1,0.6,,4,0,1,56.285714285714285
25,1,2.8,261.7,5.7,1,30.7,64,2,9.0,Moderate,4,0,0,45.12068965517241
27,0,3.3,310.3,5.6,1,27.5,75,2,9.3,Mild,2,0,1,54.438596491228076
35,0,1.5,146.3,7.2,2,20.1,71,1,3.9,,4,0,0,20.04109589041096
22,0,3.9,367.1,7.8,2,26.1,76,1,11.3,,4,0,0,46.468354430379755
28,0,0.2,14.3,6.6,2,21.5,59,1,2.9,,4,0,1,2.1343283582089554
28,1,4.4,416.0,4.1,3,22.8,72,0,6.2,Mild,4,1,0,99.04761904761907
60,1,4.5,426.9,4.1,3,29.7,64,0,13.5,Moderate,0,0,0,101.64285714285715
18,1,5.5,525.5,8.0,0,26.0,56,1,5.9,,0,0,0,64.87654320987654
32,0,4.5,426.6,6.4,2,19.3,67,1,12.4,,3,1,1,65.63076923076923
55,1,1.7,160.6,8.3,0,24.4,88,1,1.5,Mild,1,0,1,19.119047619047617
36,0,4.7,446.3,6.6,2,28.7,66,1,1.7,,0,0,1,66.61194029850748
44,2,4.2,398.6,5.3,1,25.6,76,2,2.7,Mild,1,0,0,73.81481481481482
36,1,1.4,134.2,7.3,2,23.9,75,1,2.5,,2,0,0,18.135135135135133
26,1,2.8,267.2,6.9,2,21.9,80,1,14.7,,2,0,0,38.17142857142857
18,1,0.0,0.0,7.6,2,24.2,71,1,1.7,,2,0,0,0.0
37,1,0.4,40.9,7.0,2,15.0,78,1,2.2,,1,0,1,5.76056338028169
25,1,3.7,354.5,5.9,1,24.4,76,2,2.6,Mild,2,1,0,59.083333333333336
25,0,5.0,470.5,7.6,2,19.9,88,1,9.0,,3,0,1,61.10389610389611
29,1,3.7,355.0,6.4,2,19.4,63,1,7.4,,1,0,0,54.61538461538461
55,1,2.6,245.4,6.9,2,25.3,81,1,10.8,Mild,3,1,1,35.05714285714286
63,1,1.0,90.3,5.7,1,24.9,74,2,5.1,Moderate,3,0,0,15.568965517241379
37,0,3.5,329.3,5.2,1,23.3,66,2,0.6,Mild,4,0,0,62.132075471698116
29,0,0.0,0.0,6.0,2,23.6,69,1,5.2,,3,0,0,0.0
20,0,3.3,310.9,5.2,1,21.5,89,2,11.6,Mild,0,0,0,58.660377358490564
40,0,1.1,109.0,4.2,3,16.9,69,0,12.2,Mild,3,0,0,25.348837209302328
56,0,3.6,345.1,5.7,1,23.6,81,2,10.7,Moderate,2,0,1,59.50000000000001
32,1,3.7,352.0,8.3,0,26.4,74,1,6.1,,4,0,0,41.904761904761905
18,1,1.7,156.9,6.2,2,19.6,84,1,9.2,,1,1,0,24.904761904761905
43,1,3.9,370.6,4.9,3,22.0,70,0,2.2,Mild,3,1,0,74.12
46,0,0.0,0.0,7.9,2,23.5,80,1,3.8,,4,0,0,0.0
18,1,2.3,217.0,6.5,2,23.3,68,1,3.7,,3,0,0,32.87878787878788
37,1,3.7,350.2,6.0,1,24.0,74,2,1.1,Mild,3,0,0,57.40983606557377
40,0,3.4,326.1,5.0,1,24.3,60,2,14.1,Mild,2,0,1,63.941176470588246
34,0,1.7,158.3,6.8,2,20.0,61,1,6.5,,0,0,0,22.94202898550725
25,0,3.8,363.2,6.5,2,25.9,72,1,13.1,,4,0,1,55.03030303030303
47,1,3.9,368.5,6.8,2,22.1,70,1,3.3,,4,0,0,53.40579710144928
30,0,0.7,70.3,7.0,2,26.8,54,1,11.5,,3,0,1,9.901408450704226
18,0,2.3,221.5,6.5,2,24.5,73,1,12.1,,4,1,0,33.56060606060606
18,1,2.8,265.3,6.6,2,25.5,73,1,0.1,,1,1,0,39.59701492537314
50,0,2.8,263.3,6.5,2,27.9,62,1,0.5,,1,0,1,39.8939393939394
42,0,3.7,353.1,4.7,3,25.8,82,0,13.8,Mild,3,0,0,73.56250000000001
36,1,1.9,178.6,9.1,0,27.0,71,1,8.5,,4,0,0,19.41304347826087
29,1,5.0,470.6,7.0,2,30.1,62,1,4.3,Mild,3,0,0,66.28169014084507
28,1,1.9,181.4,6.9,2,19.1,78,1,2.8,,1,0,0,25.914285714285715
22,1,0.8,75.9,6.6,2,21.5,51,1,12.3,,4,0,1,11.328358208955226
29,0,2.2,205.2,6.5,2,21.9,54,1,2.9,,0,0,0,31.09090909090909
18,1,2.9,273.7,6.9,2,29.2,57,1,12.7,,3,0,0,39.1
26,0,0.7,69.5,8.6,0,23.9,72,1,9.3,,1,0,0,7.988505747126437
31,0,2.0,193.7,5.9,1,21.1,77,2,9.9,Mild,1,0,1,32.28333333333333
42,0,0.6,60.8,7.2,2,20.1,61,1,6.6,,0,0,0,8.32876712328767
34,1,3.6,337.7,4.5,3,26.9,75,0,0.5,Mild,3,0,1,73.41304347826087
44,1,2.2,212.2,7.6,2,25.3,84,1,8.3,,2,0,0,27.558441558441558
51,1,0.0,0.0,7.4,2,18.1,64,1,10.7,Mild,2,0,0,0.0
47,1,4.1,385.4,6.3,2,21.6,58,1,0.0,,1,0,0,60.21875
40,1,0.7,70.7,4.3,3,16.1,93,0,0.4,Mild,2,0,0,16.06818181818182
35,0,6.5,617.5,5.3,1,27.3,75,2,13.6,Mild,1,0,0,114.35185185185186
23,1,1.5,140.1,5.7,1,24.1,58,2,10.2,Mild,2,0,1,24.155172413793103
43,0,1.6,155.1,5.7,1,23.3,65,2,11.9,Mild,1,0,0,26.74137931034483
55,1,2.7,260.4,4.4,3,18.3,50,0,0.4,Moderate,4,0,0,57.86666666666666
39,0,0.0,0.0,6.6,2,21.5,59,1,6.0,,0,0,0,0.0
58,0,3.2,300.3,8.7,0,26.5,72,1,11.2,Mild,1,0,0,34.12500000000001
18,1,3.6,337.4,7.3,2,22.8,74,1,1.4,,2,0,0,45.5945945945946
21,0,3.9,366.6,6.5,2,21.9,54,1,2.8,,3,1,0,55.545454545454554
45,0,2.9,277.5,7.2,2,30.7,75,1,7.6,Mild,2,0,1,38.013698630136986
38,0,2.6,250.5,9.2,0,17.6,67,1,13.4,,0,0,0,26.935483870967744
50,0,0.2,21.3,5.8,1,21.4,73,2,4.9,Mild,2,0,0,3.6101694915254243
34,1,3.2,307.8,5.6,1,20.6,85,2,12.4,Mild,2,0,0,54.00000000000001
24,1,2.4,231.5,6.0,2,26.2,79,1,0.1,,3,0,0,37.950819672131146
32,1,1.9,176.6,5.0,1,25.1,70,2,2.7,Mild,1,0,1,34.627450980392155
18,0,1.0,90.3,7.2,2,23.7,66,1,4.4,,4,1,1,12.36986301369863
21,2,3.2,305.9,6.1,2,19.5,62,1,10.6,,3,0,1,49.33870967741936
46,0,2.0,191.5,7.4,2,25.0,57,1,8.7,,0,0,1,25.533333333333335
45,1,0.0,0.0,8.0,2,16.5,61,1,4.0,,3,0,1,0.0
39,0,2.2,205.7,8.3,0,22.6,78,1,8.7,,1,0,0,24.488095238095237
18,0,1.3,127.7,7.7,2,21.6,68,1,13.3,,0,1,1,16.371794871794872
30,1,3.8,362.3,6.0,1,27.5,54,2,7.0,Mild,4,0,0,59.39344262295082
20,1,2.3,213.9,6.1,2,26.3,65,1,10.4,,4,1,0,34.50000000000001
49,1,2.1,200.1,5.5,1,26.2,83,2,5.2,Mild,2,1,1,35.73214285714286
27,0,3.0,281.5,6.6,2,24.6,68,1,10.7,,2,0,1,42.01492537313433
21,0,5.0,476.2,6.7,2,29.0,58,1,13.0,,0,0,0,70.02941176470588
35,1,3.1,295.4,4.7,3,27.1,74,0,8.5,Mild,4,0,0,61.541666666666664
27,1,1.3,125.0,8.2,0,19.8,72,1,5.8,,1,0,1,15.060240963855424
52,0,0.2,15.6,7.0,2,22.2,63,1,11.3,Mild,0,1,1,2.1971830985915495
26,0,4.5,427.1,5.9,1,26.5,75,2,14.3,Mild,2,0,0,71.18333333333334
18,0,0.0,0.0,5.8,1,24.9,72,2,1.0,Mild,2,0,0,0.0
18,0,2.5,234.4,8.3,0,23.9,71,1,7.7,,2,0,0,27.904761904761905
34,1,6.0,572.3,6.7,2,25.4,86,1,2.7,,3,0,0,84.16176470588235
28,0,0.0,0.0,8.0,0,16.4,72,1,4.1,,4,0,1,0.0
18,1,0.8,78.3,6.7,2,25.6,69,1,9.5,,3,0,0,11.51470588235294
49,0,2.8,265.9,8.5,0,28.5,72,1,14.4,,0,1,0,30.918604651162788
43,1,1.3,122.7,7.8,2,27.0,72,1,12.8,,3,0,1,15.531645569620254
34,0,2.3,221.0,8.2,0,34.6,75,1,3.9,Mild,4,1,0,26.62650602409639
51,1,3.1,298.1,7.9,2,25.8,70,1,0.4,Mild,0,1,0,37.2625
42,0,3.4,318.6,5.7,1,23.4,86,2,9.0,Mild,4,0,1,54.931034482758626
25,1,4.2,395.4,6.6,2,30.1,61,1,8.0,Mild,4,0,0,59.01492537313433
22,1,0.1,12.1,8.6,0,20.5,78,1,6.9,,1,0,0,1.3908045977011494
44,0,4.4,417.9,6.9,2,22.1,67,1,7.1,,1,0,0,59.699999999999996
39,1,4.5,429.4,5.1,1,23.7,72,2,8.9,Mild,1,0,0,82.57692307692308
37,0,3.8,358.0,6.5,2,20.7,83,1,6.0,,2,0,1,54.24242424242424
24,0,0.8,76.2,7.9,2,26.7,76,1,2.6,,3,0,0,9.525
42,0,0.7,68.9,5.1,1,27.5,71,2,3.9,Mild,1,0,0,13.250000000000004
25,0,2.9,279.8,5.4,1,22.1,70,2,1.0,Mild,0,0,1,50.872727272727275
33,0,3.5,329.2,4.8,3,25.3,60,0,0.8,Mild,2,0,0,67.18367346938776
52,0,4.3,405.0,6.9,2,25.2,85,1,13.0,Mild,1,0,1,57.857142857142854
27,0,1.8,169.0,8.6,0,25.4,72,1,1.9,,3,0,1,19.425287356321842
18,1,3.4,326.8,4.0,3,23.0,76,0,1.0,Mild,2,0,0,79.70731707317074
22,1,3.4,319.0,6.7,2,21.1,85,1,12.4,,2,0,1,46.911764705882355
46,0,1.5,144.2,6.0,2,29.6,67,1,14.3,,0,0,0,23.639344262295083
38,1,1.8,174.7,8.8,0,21.0,59,1,3.1,,4,0,0,19.629213483146064
33,1,0.1,10.0,7.2,2,22.6,63,1,11.4,,0,0,1,1.36986301369863
28,1,0.9,85.9,7.9,2,27.9,59,1,2.4,,3,0,0,10.7375
40,1,1.6,147.7,8.4,0,23.9,87,1,10.2,,3,1,1,17.376470588235293
24,0,3.3,311.9,6.7,2,33.1,67,1,10.2,Mild,3,0,0,45.86764705882353
38,0,5.9,559.9,4.0,3,20.2,54,0,6.4,Mild,2,0,1,136.5609756097561
26,2,3.2,306.6,6.4,2,20.8,57,1,13.2,,3,0,0,47.16923076923077
24,0,0.6,60.1,7.2,2,23.0,91,1,1.8,,0,1,0,8.232876712328768
27,1,1.8,169.5,5.3,1,27.4,73,2,7.1,Mild,2,0,0,31.388888888888893
30,1,4.1,387.2,4.1,3,24.3,80,0,9.0,Mild,0,0,1,92.1904761904762
34,1,1.3,123.1,5.1,1,26.2,57,2,11.4,Mild,1,0,0,23.673076923076927
37,0,4.7,451.1,7.9,2,30.5,83,1,2.1,Mild,1,1,0,56.3875
18,1,3.5,335.0,5.1,1,15.4,59,2,8.0,Mild,1,0,1,64.42307692307693
25,1,2.1,201.7,10.0,0,17.3,68,1,6.8,,0,0,1,19.97029702970297
30,0,0.0,0.0,8.7,0,21.5,72,1,6.2,,4,1,0,0.0
53,0,4.0,381.1,7.5,2,23.3,72,1,5.4,Mild,0,1,0,50.14473684210527
22,1,3.5,329.2,4.6,3,18.7,73,0,15.0,Mild,1,0,0,70.04255319148938
36,1,3.2,304.8,8.2,0,29.3,63,1,2.6,,4,0,0,36.72289156626507
52,0,6.5,618.7,5.4,1,24.5,71,2,11.3,Moderate,2,1,1,112.4909090909091
19,0,1.1,104.1,4.6,3,29.1,59,0,5.7,Mild,3,0,0,22.148936170212767
39,1,4.8,454.3,6.6,2,23.6,86,1,9.7,,4,1,1,67.80597014925374
25,1,2.2,210.9,7.2,2,23.6,69,1,14.8,,1,0,0,28.890410958904113
28,0,2.9,273.9,5.6,1,19.9,60,2,7.2,Mild,4,0,1,48.05263157894737
25,0,3.0,282.0,5.8,1,23.9,89,2,12.4,Mild,3,0,0,47.79661016949153
26,0,3.8,356.4,6.2,2,28.6,67,1,1.1,,2,0,0,56.57142857142857
67,0,1.4,135.7,6.5,2,26.3,78,1,8.3,Mild,0,0,1,20.56060606060606
45,0,6.1,578.6,7.0,2,26.6,67,1,5.7,,4,0,1,81.49295774647888
48,1,0.8,80.0,6.5,2,22.1,71,1,10.5,,1,0,0,12.121212121212121
40,1,2.0,186.7,8.7,0,20.3,77,1,0.6,,3,0,0,21.215909090909093
18,0,5.3,500.2,6.6,2,21.6,70,1,6.7,,4,0,0,74.65671641791046
39,0,4.3,405.6,4.4,3,25.9,77,0,7.4,Mild,4,0,1,90.13333333333334
47,0,2.0,186.7,8.1,0,19.7,82,1,12.7,,4,0,1,22.76829268292683
24,1,3.5,334.4,5.5,1,23.1,62,2,5.8,Mild,1,1,0,59.714285714285715
46,0,0.9,84.0,8.2,0,20.9,53,1,4.8,,4,0,0,10.120481927710845
43,1,1.3,122.0,7.2,2,20.1,66,1,5.8,,4,0,0,16.71232876712329
57,0,2.0,185.6,5.7,1,27.5,79,2,6.6,Moderate,2,0,1,32.0
29,1,4.6,440.8,5.8,1,24.3,67,2,3.8,Mild,1,0,0,74.71186440677967
21,0,0.0,0.0,7.5,2,28.2,81,1,0.7,,4,0,0,0.0
30,0,3.8,363.0,6.8,2,22.6,77,1,14.9,,3,0,0,52.608695652173914
52,1,1.9,181.1,7.9,2,28.1,77,1,11.5,Mild,0,0,1,22.6375
18,1,3.4,326.0,7.0,2,26.8,70,1,14.8,,0,0,0,45.91549295774648
18,0,3.4,320.7,6.5,2,20.9,65,1,9.9,,2,0,0,48.59090909090909
36,0,2.5,233.7,6.8,2,28.1,69,1,13.2,,1,0,0,33.869565217391305
29,1,1.4,129.8,6.6,2,20.9,70,1,6.8,,3,1,0,19.373134328358212
35,1,1.5,142.5,7.4,2,29.4,70,1,5.2,,1,0,1,19.0
46,1,2.0,192.8,7.2,2,30.0,72,1,14.9,,0,0,0,26.41095890410959
28,0,0.1,5.8,7.3,2,25.2,66,1,2.5,,3,0,1,0.7837837837837838
18,1,2.6,250.2,9.4,0,23.6,67,1,3.3,,0,1,0,26.336842105263155
59,1,1.4,136.9,7.2,2,19.9,81,1,10.0,Mild,0,0,0,18.753424657534246
23,0,1.8,171.5,8.2,0,32.7,61,1,3.8,Mild,1,1,0,20.66265060240964
22,0,2.2,208.2,5.9,1,18.4,69,2,6.5,Mild,4,1,0,34.699999999999996
48,1,3.6,344.4,6.5,2,18.5,87,1,14.0,,2,1,0,52.18181818181818
30,2,4.4,413.9,3.8,3,21.0,70,0,4.0,Mild,3,0,1,106.12820512820512
34,0,4.6,433.1,6.4,2,25.8,81,1,7.7,,2,0,1,66.63076923076923
40,0,3.1,296.0,5.8,1,15.0,66,2,11.1,Mild,3,1,0,50.16949152542373
48,1,1.9,182.0,5.9,1,20.5,60,2,1.1,Mild,0,0,1,30.333333333333332
30,0,0.5,51.1,7.2,2,23.5,88,1,1.1,,3,0,0,7.0
53,1,6.2,585.3,5.6,1,31.0,63,2,11.2,Severe,3,0,0,102.6842105263158
18,1,5.2,491.3,4.4,3,22.6,72,0,13.8,Mild,1,0,0,109.17777777777778
44,1,3.8,364.6,6.2,2,23.0,87,1,8.9,,2,0,0,57.87301587301588
24,0,3.5,331.3,10.0,0,29.1,60,1,0.6,,2,0,0,32.801980198019805
51,0,2.0,187.1,7.2,2,23.1,77,1,6.8,Mild,3,0,1,25.63013698630137
36,0,2.7,256.1,6.9,2,18.1,76,1,10.8,,4,0,1,36.58571428571429
26,1,3.9,368.7,5.1,1,25.8,72,2,9.5,Mild,4,1,1,70.90384615384616
42,0,0.0,0.0,5.5,1,16.8,87,2,3.0,Mild,2,0,0,0.0
45,0,1.6,150.3,5.6,1,24.2,73,2,0.8,Mild,3,1,0,26.368421052631586
42,1,2.5,239.0,7.0,2,27.7,72,1,13.3,,2,1,1,33.66197183098592
22,0,0.0,0.0,5.5,1,22.3,61,2,3.4,Mild,1,0,0,0.0
29,1,0.3,25.5,8.7,0,21.8,69,1,14.9,,0,0,0,2.897727272727273
34,0,1.5,143.7,5.4,1,28.1,76,2,1.7,Mild,1,1,1,26.127272727272725
34,1,2.6,249.8,7.6,2,23.5,79,1,1.7,,0,0,0,32.44155844155845
43,0,4.8,452.7,6.6,2,22.1,79,1,10.0,,3,0,0,67.56716417910448
18,0,1.8,173.8,8.5,0,24.6,54,1,4.1,,3,1,1,20.209302325581397
39,2,5.3,505.6,4.9,3,30.3,72,0,14.6,Moderate,1,0,0,101.12
31,1,1.4,133.9,10.0,0,21.4,62,1,3.6,,1,0,0,13.257425742574258
24,1,2.3,219.6,6.9,2,23.7,56,1,9.4,,4,0,0,31.37142857142857
26,1,0.3,26.5,8.4,0,15.9,64,1,6.1,,1,0,0,3.1176470588235294
32,0,1.8,175.4,7.2,2,28.8,66,1,1.4,,2,0,0,24.027397260273975
18,0,0.0,0.0,5.7,1,20.7,60,2,10.6,Mild,0,0,1,0.0
26,1,7.6,720.0,4.9,3,25.1,74,0,11.9,Mild,4,1,0,144.0
24,1,0.9,88.6,6.9,2,30.5,77,1,12.4,Mild,2,0,1,12.657142857142857
41,0,3.0,288.7,5.6,1,24.6,76,2,7.3,Mild,2,0,0,50.64912280701755
25,0,1.8,169.5,6.9,2,29.4,66,1,14.6,,1,0,0,24.214285714285715
32,1,2.1,204.0,7.7,2,28.3,79,1,12.0,,4,1,0,26.153846153846153
53,1,2.4,226.6,8.2,0,25.6,64,1,6.6,Mild,3,0,0,27.30120481927711
46,1,3.9,372.8,8.4,0,15.0,87,1,1.5,,3,0,0,43.858823529411765
45,0,3.3,309.9,6.5,2,15.0,73,1,3.8,,1,0,0,46.95454545454545
29,0,2.9,272.0,6.1,2,29.2,80,1,11.6,,0,0,1,43.87096774193549
41,0,3.4,320.1,4.4,3,25.5,67,0,13.2,Mild,1,1,1,71.13333333333334
32,1,3.1,290.4,3.7,3,25.3,69,0,9.9,Mild,0,0,1,76.42105263157893
32,0,0.6,55.6,6.8,2,22.2,71,1,5.8,,2,0,0,8.057971014492754
39,1,2.1,202.1,8.2,0,22.4,69,1,5.3,,4,0,0,24.34939759036145
27,1,3.5,334.9,6.6,2,23.2,67,1,5.4,,3,0,0,49.985074626865675
52,2,1.6,152.7,7.3,2,22.2,57,1,7.4,Mild,2,0,0,20.635135135135133
33,1,3.0,288.4,5.3,1,25.5,65,2,10.9,Mild,1,0,0,53.40740740740741
42,1,4.2,394.6,5.8,1,26.8,61,2,2.4,Mild,4,0,0,66.8813559322034
52,2,1.5,138.6,8.2,0,20.2,53,1,0.3,Mild,3,0,1,16.698795180722893
47,1,4.0,382.6,6.9,2,27.2,73,1,1.1,,2,0,0,54.65714285714286
18,0,2.3,222.4,6.1,2,24.5,63,1,10.0,,1,0,0,35.87096774193549
40,0,2.6,247.9,7.4,2,23.6,83,1,12.7,,0,0,0,33.053333333333335
45,0,3.8,358.1,6.6,2,25.0,64,1,6.1,,4,1,0,53.44776119402986
45,1,3.4,322.0,7.8,2,19.7,62,1,5.1,,0,0,0,40.75949367088608
21,1,0.0,0.0,7.6,2,21.4,80,1,0.3,,4,0,0,0.0
27,1,0.0,0.0,6.6,2,15.0,75,1,0.9,,0,0,1,0.0
46,1,3.3,313.3,6.2,2,25.4,81,1,11.3,,2,1,0,49.730158730158735
25,0,2.3,217.4,5.0,1,23.9,68,2,1.3,Mild,3,0,0,42.62745098039216
31,1,0.1,9.1,5.0,1,23.4,53,2,12.4,Mild,1,0,1,1.7843137254901962
53,1,1.5,143.6,6.2,2,23.2,76,1,11.7,Mild,3,0,0,22.793650793650794
34,0,0.0,0.0,8.6,0,25.6,79,1,12.3,,4,0,1,0.0
26,0,2.3,222.5,7.2,2,21.3,68,1,10.3,,0,0,0,30.47945205479452
24,0,4.4,416.8,6.0,1,25.0,88,2,0.3,Mild,3,0,0,68.32786885245902
38,1,1.4,135.6,7.6,2,28.2,76,1,6.7,,1,0,0,17.61038961038961
19,0,2.9,272.5,7.9,2,16.5,71,1,2.4,,1,0,0,34.0625
32,0,2.3,222.6,5.9,1,23.0,77,2,5.1,Mild,3,0,0,37.1
38,1,4.9,465.7,5.5,1,20.7,63,2,8.4,Mild,0,1,0,83.16071428571429
50,1,4.4,418.2,10.0,0,28.4,73,1,11.0,,4,0,0,41.40594059405941
43,1,0.1,11.1,5.9,1,25.6,56,2,3.5,Mild,2,0,1,1.8499999999999999
26,0,2.2,210.2,6.0,2,26.9,72,1,5.0,,0,0,1,34.459016393442624
49,1,1.2,111.3,6.4,2,26.9,72,1,3.1,,2,1,0,17.123076923076923
31,0,1.6,151.9,5.6,1,30.9,72,2,14.8,Moderate,3,1,0,26.649122807017548
20,0,3.7,349.4,4.1,3,25.3,70,0,13.9,Mild,3,0,0,83.1904761904762
32,0,2.8,265.0,6.7,2,20.6,61,1,9.8,,3,1,0,38.970588235294116
52,1,3.7,347.4,5.7,1,25.8,92,2,12.4,Moderate,4,1,1,59.89655172413793
36,1,0.0,0.0,7.5,2,22.3,60,1,10.8,,3,0,0,0.0
35,1,3.9,370.1,5.4,1,25.5,60,2,12.7,Mild,0,1,1,67.2909090909091
54,1,3.1,298.5,8.0,0,24.1,70,1,14.0,Mild,0,1,0,36.851851851851855
18,0,4.9,466.5,6.2,2,20.5,71,1,14.0,,4,1,1,74.04761904761905
19,1,1.6,150.5,5.8,1,23.1,72,2,8.6,Mild,1,0,0,25.50847457627119
18,1,4.1,390.8,5.6,1,17.1,79,2,14.5,Mild,2,0,1,68.56140350877195
39,1,2.9,279.1,6.3,2,22.6,61,1,6.1,,0,0,1,43.60937500000001
36,1,2.7,256.5,8.2,0,23.3,84,1,2.9,,0,0,0,30.903614457831328
53,0,1.8,168.0,6.0,2,18.9,67,1,3.5,Mild,3,0,0,27.54098360655738
37,0,2.4,224.0,4.7,3,22.2,55,0,6.9,Mild,1,1,0,46.66666666666667
30,0,1.0,97.9,8.9,0,31.7,75,1,3.8,Mild,3,0,0,10.877777777777778
35,1,1.9,180.8,4.5,3,26.1,69,0,1.9,Mild,4,1,0,39.30434782608696
36,0,1.6,153.3,9.6,0,18.8,72,1,6.0,,2,0,1,15.804123711340209
18,0,2.1,196.7,4.5,3,22.3,79,0,8.7,Mild,2,1,1,42.76086956521739
67,1,2.2,211.6,6.2,2,19.9,83,1,14.5,Mild,3,0,0,33.58730158730159
41,1,2.3,215.2,6.1,2,27.4,62,1,9.3,,2,1,0,34.70967741935484
37,0,2.5,236.4,7.7,2,20.7,50,1,11.6,,2,0,0,30.30769230769231
42,0,2.5,235.0,7.5,2,22.0,67,1,10.2,,1,1,1,30.92105263157895
43,0,2.7,252.9,8.9,0,27.9,65,1,5.8,,0,0,0,28.1
33,1,2.5,233.2,4.8,3,25.3,68,0,2.8,Mild,4,1,0,47.59183673469388
27,1,2.1,199.0,4.6,3,23.3,55,0,4.2,Mild,1,0,0,42.3404255319149
42,0,3.1,298.8,7.8,2,24.1,67,1,13.1,,1,1,0,37.822784810126585
39,0,4.3,410.3,9.1,0,21.1,64,1,2.3,,3,0,0,44.59782608695652
25,0,2.0,189.7,8.2,0,30.2,60,1,1.5,Mild,3,0,0,22.85542168674699
52,0,1.7,161.3,7.6,2,19.9,53,1,12.8,Mild,3,0,1,20.94805194805195
38,1,3.1,291.2,8.0,2,25.6,67,1,8.2,,4,0,1,35.95061728395062
43,0,2.7,252.9,5.0,3,26.4,82,0,10.2,Mild,3,0,0,49.58823529411765
51,0,1.0,99.7,6.6,2,30.5,66,1,12.4,Moderate,0,0,0,14.880597014925375
35,0,1.4,130.4,6.8,2,23.3,51,1,5.1,,4,1,1,18.898550724637683
38,1,1.6,152.8,6.6,2,19.8,87,1,11.3,,2,0,0,22.805970149253735
44,1,0.9,89.8,7.5,2,25.4,52,1,9.5,,4,0,1,11.81578947368421
26,0,3.2,300.0,6.5,2,20.4,70,1,0.4,,2,0,0,45.45454545454546
35,0,3.6,346.5,5.9,1,21.1,65,2,10.8,Mild,1,0,0,57.75
36,0,1.3,121.9,5.4,1,18.7,64,2,5.2,Mild,2,0,0,22.163636363636364
23,0,0.5,43.6,6.8,2,20.8,64,1,3.1,,4,0,1,6.3188405797101455
62,0,2.8,262.1,5.0,1,23.1,76,2,14.4,Moderate,0,0,1,51.392156862745104
18,0,2.5,241.9,6.5,2,19.7,70,1,11.5,,0,0,0,36.651515151515156
19,1,6.0,565.5,6.5,2,21.8,81,1,0.4,,2,0,1,85.68181818181819
50,1,3.5,332.6,5.7,1,26.7,94,2,11.4,Mild,4,0,0,57.344827586206904
43,1,0.8,76.9,7.8,2,25.1,77,1,12.8,,2,0,0,9.734177215189876
22,0,1.1,101.9,8.1,0,27.3,76,1,5.3,,2,0,0,12.426829268292686
42,1,3.0,282.4,6.0,1,26.9,68,2,4.9,Mild,1,0,0,46.295081967213115
52,1,2.4,229.7,6.2,2,24.7,79,1,6.4,Mild,4,0,1,36.46031746031746
34,0,2.3,221.8,7.5,2,22.8,73,1,7.0,,2,0,0,29.18421052631579
66,0,2.6,247.0,5.4,1,23.9,65,2,5.7,Moderate,3,1,0,44.90909090909091
18,0,3.7,348.0,5.1,1,21.1,71,2,7.6,Mild,3,0,0,66.92307692307693
43,1,5.3,501.7,5.8,1,19.7,67,2,14.6,Mild,3,1,0,85.03389830508475
48,0,4.5,426.9,6.3,2,27.4,79,1,0.5,,2,0,0,66.703125
45,1,1.0,92.9,6.2,2,27.0,56,1,14.7,,4,0,0,14.746031746031747
32,1,1.7,161.3,7.4,2,25.4,70,1,12.7,,1,0,1,21.506666666666668
31,1,0.0,0.0,5.4,1,23.2,77,2,12.0,Mild,3,0,0,0.0
40,1,2.8,267.6,7.1,2,25.0,83,1,6.8,,2,0,0,37.16666666666667
44,1,1.7,162.7,6.1,2,27.6,68,1,1.1,,2,0,0,26.241935483870968
42,0,2.5,234.7,8.5,0,19.1,78,1,9.3,,4,0,0,27.290697674418606
47,1,1.3,120.2,7.9,2,23.4,81,1,13.4,,2,1,0,15.025
22,0,1.2,118.7,7.0,2,28.8,69,1,6.4,,4,0,0,16.71830985915493
32,1,0.2,18.0,6.9,2,24.5,84,1,1.0,,1,0,0,2.5714285714285716
23,1,2.0,192.0,6.1,2,27.1,67,1,0.1,,1,0,0,30.967741935483875
30,0,3.4,318.6,3.3,3,30.8,58,0,1.8,Moderate,2,0,1,93.70588235294119
47,0,1.5,141.5,6.9,2,28.9,63,1,9.1,,0,1,0,20.214285714285715
36,0,3.5,330.4,7.8,2,19.1,70,1,14.9,,1,1,1,41.822784810126585
66,0,1.5,139.0,5.6,1,28.5,78,2,10.7,Moderate,4,0,1,24.385964912280706
37,0,2.5,237.6,5.6,1,25.5,57,2,2.4,Mild,2,0,1,41.684210526315795
35,0,4.5,430.7,6.4,2,28.4,72,1,12.9,,0,0,0,66.26153846153846
36,0,1.8,168.0,5.2,1,15.0,86,2,9.9,Mild,1,0,0,31.69811320754717
27,0,2.8,269.6,5.7,1,26.9,67,2,4.5,Mild,4,1,0,46.48275862068966
34,1,2.9,274.5,6.0,2,25.4,76,1,7.5,,2,1,0,45.0
48,0,2.9,276.4,6.7,2,25.7,71,1,6.0,,4,0,0,40.64705882352941
36,1,3.3,313.0,9.0,0,19.6,71,1,13.1,,2,1,0,34.395604395604394
25,1,2.9,272.6,6.5,2,25.1,61,1,14.3,,0,0,0,41.30303030303031
23,0,1.0,91.2,7.3,2,26.6,58,1,1.9,,4,0,1,12.324324324324326
29,1,1.9,178.6,6.6,2,30.2,72,1,2.2,Mild,4,0,0,26.65671641791045
35,1,3.4,319.5,6.9,2,26.0,77,1,1.2,,1,0,0,45.642857142857146
49,1,3.6,337.9,6.6,2,26.4,76,1,5.7,,4,0,1,50.43283582089553
18,0,1.4,131.6,8.0,2,24.0,77,1,14.6,,1,0,0,16.246913580246915
31,1,4.0,376.1,8.4,0,18.7,76,1,14.8,,4,0,0,44.247058823529414
36,1,1.8,169.5,6.6,2,27.0,69,1,8.9,,4,0,1,25.29850746268657
18,0,3.0,284.9,6.1,2,24.2,64,1,7.0,,1,1,0,45.95161290322581
24,1,2.8,265.3,9.4,0,29.5,80,1,4.5,,1,0,0,27.926315789473687
26,1,1.1,107.4,8.9,0,21.2,63,1,0.0,,1,1,0,11.933333333333334
25,1,2.1,198.4,7.1,2,26.4,71,1,3.9,,0,0,1,27.55555555555556
37,1,0.0,0.0,8.5,0,23.3,50,1,2.2,,2,0,1,0.0
33,1,1.9,181.4,8.7,0,29.3,86,1,0.0,,3,0,0,20.613636363636367
28,1,4.4,413.3,6.1,2,21.6,67,1,13.4,,2,0,0,66.66129032258065
40,1,0.0,0.0,8.2,0,24.7,51,1,1.3,,2,0,0,0.0
55,0,1.2,113.7,7.0,2,23.3,84,1,10.6,Mild,2,1,0,16.014084507042256
54,0,1.8,171.8,7.0,2,28.8,70,1,13.9,Mild,0,1,0,24.19718309859155
18,0,0.0,0.0,8.0,2,25.9,69,1,1.9,,2,1,0,0.0
41,1,0.0,0.0,9.1,0,16.8,86,1,3.6,,0,1,0,0.0
32,1,5.6,531.1,6.8,2,20.1,68,1,3.5,,3,0,1,76.97101449275364
36,0,3.4,321.1,7.6,2,15.0,85,1,1.3,,3,0,0,41.70129870129871
30,1,4.0,379.9,7.5,2,26.7,59,1,13.6,,1,1,1,49.98684210526316
36,0,3.0,287.4,8.2,0,15.0,75,1,12.7,,2,0,1,34.626506024096386
36,1,3.4,320.1,7.2,2,26.2,74,1,5.7,,2,0,0,43.849315068493155
28,0,2.0,192.1,7.0,2,22.8,78,1,11.5,,1,0,0,27.056338028169016
24,1,4.1,386.1,6.0,2,28.9,62,1,7.6,,0,0,0,63.29508196721312
29,1,4.7,441.8,7.1,2,20.3,56,1,10.2,,2,1,0,61.36111111111112
37,0,1.5,141.1,6.4,2,22.0,93,1,10.3,,2,0,1,21.707692307692305
42,0,2.1,202.2,6.8,2,24.6,81,1,11.6,,3,0,1,29.304347826086957
45,1,1.6,154.8,5.6,1,19.7,68,2,13.5,Mild,0,0,0,27.15789473684211
29,0,2.4,225.3,9.2,0,23.8,76,1,11.8,,0,0,0,24.225806451612907
38,1,3.6,343.1,5.2,1,20.1,65,2,10.6,Mild,3,0,1,64.73584905660378
46,1,2.2,212.0,7.4,2,26.3,72,1,9.3,,0,0,0,28.266666666666666
48,0,0.0,0.0,6.1,2,26.8,62,1,3.1,,1,0,0,0.0
34,0,4.0,375.7,4.8,3,28.0,70,0,4.2,Mild,2,0,1,76.6734693877551
32,0,1.4,128.6,7.4,2,19.8,58,1,1.1,,4,0,1,17.146666666666665
37,1,3.1,295.3,8.4,0,27.6,88,1,3.9,,1,1,0,34.741176470588236
21,1,3.3,309.2,5.6,1,18.0,70,2,8.2,Mild,3,0,0,54.245614035087726
32,0,1.9,176.6,7.5,2,19.0,64,1,14.3,,3,0,0,23.236842105263158
43,1,1.1,107.0,9.1,0,25.1,61,1,1.9,,3,1,0,11.630434782608697
42,1,1.8,169.4,9.5,0,18.7,87,1,6.6,,4,1,0,17.645833333333336
31,1,4.9,465.0,6.0,1,28.6,72,2,11.3,Mild,1,0,1,76.22950819672131
37,1,1.1,102.3,6.9,2,27.3,84,1,11.9,,4,0,1,14.614285714285714
25,1,0.8,80.6,7.1,2,33.0,72,1,2.9,Mild,2,0,0,11.194444444444445
43,1,2.8,264.7,7.5,2,22.3,77,1,2.7,,3,1,1,34.828947368421055
34,0,2.2,207.1,6.5,2,26.1,73,1,9.2,,4,0,0,31.37878787878788
31,0,1.9,179.1,7.6,2,24.4,59,1,13.7,,2,0,0,23.259740259740262
30,1,1.1,108.9,6.8,2,23.6,83,1,12.1,,2,0,0,15.782608695652176
34,1,2.5,234.5,5.8,1,29.8,74,2,5.8,Mild,2,0,0,39.74576271186441
29,1,2.3,214.5,7.3,2,22.9,65,1,9.9,,3,0,0,28.986486486486488
42,1,4.5,428.0,5.7,1,24.2,72,2,3.8,Mild,0,0,1,73.79310344827586
30,0,1.2,111.3,5.7,1,26.2,74,2,7.1,Mild,2,1,0,19.189655172413794
54,2,1.8,168.2,6.8,2,27.9,66,1,8.0,Mild,0,0,1,24.3768115942029
52,0,4.4,420.5,5.4,1,21.4,64,2,9.6,Moderate,2,0,0,76.45454545454545
24,0,1.7,163.8,6.4,2,28.2,60,1,6.0,,4,0,0,25.200000000000003
35,1,1.4,134.7,8.0,0,26.8,68,1,0.5,,2,1,0,16.62962962962963
27,1,3.2,301.2,5.9,1,24.3,82,2,13.9,Mild,3,0,0,50.199999999999996
31,0,2.7,260.1,5.2,1,22.5,65,2,14.3,Mild,3,0,1,49.07547169811321
59,0,2.0,193.4,7.5,2,29.6,65,1,10.3,Mild,0,1,0,25.447368421052634
31,0,2.6,248.3,8.0,0,29.5,68,1,4.0,,0,1,0,30.654320987654323
39,1,3.2,305.1,6.1,2,20.2,68,1,8.9,,1,0,0,49.20967741935485
41,0,2.7,260.4,8.3,0,18.5,74,1,4.1,,4,0,1,30.999999999999996
22,1,3.4,319.7,7.3,2,24.1,70,1,10.5,,1,1,0,43.2027027027027
24,0,2.2,210.7,8.5,0,19.3,65,1,5.4,,2,0,0,24.5
20,0,1.0,90.8,5.8,1,21.2,72,2,8.4,Mild,0,0,0,15.389830508474578
24,1,3.3,318.2,4.4,3,19.4,80,0,0.9,Mild,3,0,0,70.71111111111111
18,0,2.1,198.9,7.4,2,27.9,77,1,14.9,,4,0,1,26.52
41,2,2.1,195.2,6.8,2,21.0,67,1,9.9,,3,1,1,28.28985507246377
59,0,3.6,343.8,6.8,2,22.5,77,1,14.1,Mild,0,0,0,49.82608695652174
36,0,5.0,474.1,6.8,2,26.8,72,1,11.2,,1,0,1,68.71014492753623
18,1,0.0,0.0,8.9,0,28.7,65,1,8.4,,4,0,1,0.0
27,0,2.0,192.5,6.0,1,22.2,52,2,11.0,Mild,0,1,1,31.557377049180328
29,1,2.4,226.6,8.7,0,27.2,74,1,7.0,,3,0,0,25.750000000000004
22,1,2.7,253.1,6.1,2,28.0,69,1,14.4,,2,1,0,40.822580645161295
45,1,2.2,211.5,7.3,2,19.9,79,1,11.6,,2,0,1,28.581081081081084
44,0,2.4,224.9,7.2,2,28.2,89,1,1.8,,2,0,0,30.808219178082194
21,1,3.1,289.8,5.7,1,26.5,63,2,14.3,Mild,1,0,0,49.96551724137932
43,1,2.2,209.7,7.3,2,19.5,57,1,8.6,,3,0,0,28.33783783783784
53,1,1.7,161.6,5.6,1,25.0,59,2,6.8,Moderate,4,0,0,28.35087719298246
57,0,1.7,157.4,4.5,3,19.4,74,0,11.9,Moderate,0,0,0,34.21739130434783
69,0,4.5,426.8,7.5,2,21.7,68,1,3.4,Mild,2,0,0,56.15789473684211
24,1,5.5,520.1,7.5,2,22.7,74,1,14.4,,2,0,0,68.4342105263158
68,0,2.0,189.3,5.0,1,27.7,69,2,2.5,Moderate,1,0,0,37.117647058823536
30,1,2.0,192.3,6.4,2,25.0,80,1,4.4,,2,0,0,29.584615384615386
27,0,3.1,293.4,5.2,1,25.5,71,2,13.3,Mild,1,1,1,55.35849056603773
38,0,2.7,256.5,7.4,2,21.7,60,1,9.1,,1,0,0,34.2
28,0,2.3,216.5,8.0,0,23.3,63,1,12.8,,1,0,0,26.728395061728396
39,1,0.6,59.4,5.9,1,18.1,79,2,3.0,Mild,2,0,0,9.9
19,0,1.3,121.3,4.2,3,25.9,65,0,12.1,Mild,2,1,0,28.209302325581397
32,0,3.5,336.1,7.1,2,25.1,77,1,2.7,,4,0,0,46.680555555555564
50,0,2.1,197.8,7.4,2,27.6,71,1,11.1,,1,0,0,26.373333333333335
34,1,5.4,517.7,5.2,1,27.0,81,2,2.3,Mild,0,0,0,97.67924528301889
36,1,5.4,511.6,5.6,1,15.7,86,2,5.1,Mild,3,0,0,89.7543859649123
40,0,1.1,106.7,5.9,1,21.2,63,2,7.1,Mild,1,0,0,17.783333333333335
49,1,4.5,425.8,6.3,2,32.8,83,1,13.8,Mild,0,0,0,66.53125000000001
18,0,2.3,218.5,7.7,2,24.5,61,1,11.0,,1,0,0,28.012820512820515
42,1,2.7,258.2,7.1,2,29.9,79,1,4.2,,2,0,0,35.861111111111114
31,0,3.6,337.7,7.1,2,24.0,67,1,6.7,,2,0,0,46.90277777777778
36,1,4.0,380.4,4.9,3,22.7,50,0,5.3,Mild,4,0,1,76.08
47,1,1.4,134.7,6.1,2,19.6,91,1,14.1,,4,1,0,21.725806451612904
20,1,5.8,549.5,7.6,2,24.8,71,1,2.6,,1,1,0,71.36363636363637
22,1,2.9,277.3,5.1,1,22.0,78,2,13.7,Mild,2,0,0,53.32692307692309
18,0,0.0,0.0,6.0,2,27.1,67,1,12.4,,1,1,0,0.0
28,0,2.1,200.2,7.4,2,28.7,79,1,1.9,,0,1,1,26.69333333333333
50,0,5.7,539.0,4.0,3,20.4,65,0,4.1,Mild,1,0,1,131.46341463414635
33,0,1.6,153.2,5.6,1,20.7,66,2,10.7,Mild,4,1,0,26.87719298245614
18,0,5.9,563.8,7.1,2,24.0,79,1,10.6,,3,1,0,78.30555555555556
29,1,2.7,255.2,4.8,3,22.2,70,0,3.5,Mild,0,0,1,52.08163265306123
18,1,2.5,236.9,5.7,1,23.6,61,2,9.5,Mild,4,1,0,40.8448275862069
21,1,0.9,88.0,7.6,2,24.4,74,1,10.3,,2,0,1,11.428571428571429
39,0,3.4,325.4,5.2,1,30.3,75,2,1.1,Moderate,1,1,0,61.39622641509434
20,1,2.0,190.9,7.7,2,26.7,69,1,5.7,,4,0,0,24.474358974358974
48,1,2.5,234.7,7.0,2,29.7,64,1,13.6,,4,1,1,33.056338028169016
34,0,2.2,207.3,6.4,2,20.3,70,1,13.5,,2,0,0,31.892307692307693
36,0,3.8,357.5,4.2,3,26.6,80,0,9.9,Mild,3,1,0,83.13953488372093
31,0,2.2,208.3,6.7,2,30.0,67,1,9.8,Mild,2,1,1,30.632352941176475
44,0,0.0,0.0,5.1,1,23.8,53,2,12.8,Mild,1,0,1,0.0
44,0,1.2,116.8,4.8,3,24.2,68,0,5.1,Mild,2,1,0,23.836734693877553
39,0,0.5,49.5,7.4,2,22.5,69,1,0.7,,1,0,1,6.6
41,0,4.7,448.7,6.6,2,25.2,74,1,12.7,,2,0,0,66.97014925373135
32,0,3.4,322.7,4.1,3,17.7,73,0,4.7,Mild,3,1,0,76.83333333333334
41,1,2.6,244.3,6.3,2,26.4,77,1,10.1,,1,0,0,38.17187500000001
30,1,2.2,209.6,7.2,2,24.0,69,1,7.3,,1,0,0,28.71232876712329
35,1,0.4,35.9,7.3,2,17.5,68,1,2.2,,4,0,0,4.851351351351352
31,1,2.2,205.3,6.9,2,26.9,73,1,6.3,,2,0,0,29.32857142857143
29,0,3.9,373.3,6.1,2,29.1,54,1,3.9,,4,0,0,60.20967741935485
26,1,3.7,354.2,7.7,2,23.4,67,1,0.1,,0,0,0,45.41025641025641
40,1,3.1,298.6,6.7,2,24.3,67,1,7.9,,1,0,0,43.911764705882355
50,0,0.4,39.2,8.3,0,18.5,68,1,8.5,,3,0,0,4.666666666666667
49,0,1.4,133.1,6.8,2,19.0,59,1,4.6,,3,0,0,19.28985507246377
19,0,3.1,290.5,5.2,1,24.9,72,2,4.4,Mild,1,1,1,54.81132075471698
50,0,0.8,73.9,7.1,2,17.3,67,1,6.7,,4,0,0,10.263888888888891
31,0,3.6,340.4,4.8,3,21.3,57,0,9.3,Mild,1,0,1,69.46938775510205
42,0,0.5,47.8,7.4,2,18.7,64,1,14.5,,0,1,1,6.373333333333333
24,1,0.8,80.4,9.2,0,22.3,71,1,7.2,,0,1,0,8.645161290322582
36,1,0.5,48.7,7.0,2,27.4,81,1,14.0,,0,0,0,6.859154929577466
38,1,1.8,167.1,6.6,2,23.4,86,1,14.6,,1,1,0,24.94029850746269
18,0,0.2,20.8,8.1,0,27.5,68,1,9.1,,2,0,0,2.536585365853659
42,0,1.8,168.2,7.0,2,23.4,82,1,8.4,,4,0,0,23.690140845070424
51,0,1.1,107.7,9.7,0,27.4,80,1,0.9,Mild,3,0,0,10.98979591836735
32,0,1.5,139.9,6.7,2,21.9,76,1,3.3,,2,0,0,20.573529411764707
51,1,3.5,332.8,6.9,2,29.6,63,1,15.0,Mild,1,0,0,47.542857142857144
32,0,2.5,236.0,7.9,2,21.9,77,1,11.2,,4,0,0,29.5
45,0,3.5,332.7,4.7,3,24.6,65,0,10.0,Mild,1,1,0,69.3125
18,1,5.8,553.8,7.0,2,17.4,81,1,8.5,,3,0,1,78.0
64,0,0.0,0.0,6.5,2,27.5,68,1,10.2,Mild,1,0,0,0.0
52,1,1.7,159.8,6.4,2,17.9,69,1,10.2,Mild,1,0,0,24.584615384615386
31,1,1.0,90.8,7.8,2,27.5,76,1,3.3,,2,0,1,11.49367088607595
18,0,1.5,138.4,5.9,1,21.6,86,2,11.8,Mild,1,0,1,23.066666666666666
38,0,3.1,291.2,6.3,2,19.2,76,1,7.0,,3,0,0,45.5
18,1,5.2,489.7,6.0,2,24.5,91,1,10.5,,2,0,0,80.27868852459017
40,0,3.5,329.3,6.4,2,20.2,63,1,5.2,,1,0,1,50.66153846153846
39,0,3.2,306.6,5.7,1,26.7,66,2,8.7,Mild,1,0,0,52.862068965517246
23,0,4.1,385.8,7.1,2,22.4,69,1,11.0,,0,0,0,53.58333333333334
48,1,4.7,450.1,4.9,3,23.7,67,0,9.2,Mild,0,0,0,90.02000000000001
44,1,5.2,493.6,4.0,3,22.9,81,0,9.5,Mild,2,0,0,120.39024390243904
46,1,3.2,306.9,6.2,2,17.8,66,1,2.8,,3,0,0,48.714285714285715
35,0,1.1,100.4,7.5,2,25.2,64,1,7.6,,1,0,0,13.210526315789474
18,1,2.0,189.1,7.4,2,22.0,56,1,4.1,,4,0,1,25.21333333333333
46,1,0.0,0.0,7.4,2,21.0,69,1,5.6,,2,1,1,0.0
31,0,3.6,346.7,6.0,2,23.1,83,1,12.0,,2,0,0,56.83606557377049
18,0,1.2,116.1,7.3,2,31.5,76,1,0.7,Mild,1,0,1,15.68918918918919
51,0,1.4,135.4,6.6,2,19.5,91,1,3.9,Mild,2,0,0,20.2089552238806
60,0,3.0,287.9,6.5,2,16.6,82,1,11.8,Mild,4,0,0,43.62121212121212
34,1,0.0,0.0,4.0,3,26.9,81,0,12.7,Mild,2,0,1,0.0
60,1,4.0,384.5,5.9,1,22.0,91,2,3.2,Moderate,3,0,0,64.08333333333333
36,0,3.3,316.6,4.1,3,21.4,78,0,2.5,Mild,4,1,0,75.3809523809524
30,0,1.9,175.8,9.3,0,21.2,59,1,12.0,,3,0,1,18.70212765957447
27,0,2.4,230.5,7.7,2,28.0,77,1,10.8,,0,0,1,29.55128205128205
54,0,1.5,141.9,8.2,0,23.9,75,1,8.4,Mild,0,0,0,17.096385542168676
25,0,6.4,608.6,5.4,1,20.7,71,2,6.9,Mild,1,1,0,110.65454545454546
43,0,1.1,106.8,6.7,2,24.2,63,1,13.1,,1,1,0,15.705882352941176
28,0,3.0,283.5,5.0,3,25.4,78,0,4.2,Mild,2,0,0,55.58823529411765
29,0,2.1,200.0,5.3,1,22.8,69,2,9.7,Mild,0,0,0,37.03703703703704
47,1,2.6,245.2,6.3,2,25.0,67,1,14.0,,2,0,0,38.3125
30,1,3.3,310.5,5.8,1,25.3,92,2,2.6,Mild,2,0,1,52.6271186440678
30,0,3.3,316.1,7.0,2,15.0,85,1,2.9,,3,0,0,44.521126760563384
48,1,2.0,186.6,7.2,2,30.3,56,1,1.8,Mild,4,0,1,25.561643835616437
54,0,0.8,71.9,6.4,2,25.4,96,1,4.0,Mild,3,0,1,11.061538461538463
42,1,1.4,133.2,7.8,2,17.2,73,1,8.5,,3,0,0,16.860759493670887
27,1,1.8,171.9,5.3,1,27.6,78,2,4.9,Mild,3,0,0,31.83333333333334
28,1,1.6,152.5,5.3,1,30.6,81,2,8.4,Moderate,4,1,0,28.240740740740744
35,1,0.9,89.0,7.5,2,25.0,83,1,7.2,,3,0,0,11.710526315789474
38,1,3.2,301.4,7.2,2,23.3,80,1,8.0,,1,0,1,41.28767123287671
23,1,0.5,44.3,7.9,2,27.6,63,1,14.3,,2,0,0,5.5375
43,0,2.4,230.2,4.9,3,23.0,77,0,3.1,Mild,3,0,1,46.04
36,1,0.1,4.9,6.0,1,22.2,80,2,10.1,Mild,0,0,0,0.8032786885245903
18,1,4.1,393.0,6.7,2,23.6,84,1,7.1,,4,0,1,57.794117647058826
23,1,1.6,149.9,7.2,2,25.3,60,1,10.2,,2,0,1,20.53424657534247
28,0,1.4,133.8,9.1,0,24.7,78,1,9.0,,3,1,0,14.543478260869568
34,0,1.2,109.9,5.6,1,25.1,79,2,11.3,Mild,4,1,0,19.28070175438597
57,0,5.1,480.5,8.8,0,17.4,64,1,8.0,Mild,4,0,1,53.98876404494382
37,1,4.5,426.7,6.9,2,21.7,79,1,10.5,,0,1,0,60.957142857142856
24,1,2.6,245.2,8.0,0,28.0,69,1,11.0,,4,0,0,30.271604938271604
37,0,1.7,166.0,7.5,2,21.3,64,1,2.7,,2,0,0,21.842105263157897
30,0,5.6,533.3,5.3,1,17.5,64,2,13.9,Mild,4,0,0,98.75925925925927
38,1,3.2,308.4,5.8,1,32.0,69,2,10.9,Moderate,3,0,0,52.271186440677965
41,1,2.1,201.1,6.7,2,31.7,79,1,1.5,Mild,1,0,1,29.573529411764707
49,1,1.7,157.6,4.9,3,29.3,50,0,12.9,Mild,4,0,0,31.52
34,1,3.7,354.0,4.5,3,23.8,60,0,2.9,Mild,2,1,0,76.95652173913044
54,0,2.2,206.1,5.9,1,26.1,66,2,8.8,Moderate,3,0,0,34.35
45,0,0.5,46.7,7.8,2,20.6,82,1,4.7,,4,0,0,5.9113924050632916
26,1,2.8,262.0,5.8,1,22.3,70,2,8.6,Mild,4,0,0,44.406779661016955
61,1,2.9,271.5,6.5,2,20.6,84,1,13.3,Mild,3,0,0,41.13636363636364
38,0,2.6,243.8,6.4,2,26.8,67,1,13.4,,4,1,1,37.50769230769231
24,0,3.3,309.5,7.7,2,37.2,56,1,11.8,Mild,3,0,0,39.67948717948718
54,0,2.0,191.4,7.2,2,23.3,56,1,12.2,Mild,0,1,0,26.21917808219178
59,1,2.5,238.5,7.6,2,28.1,65,1,7.6,Mild,1,0,0,30.974025974025977
34,0,2.5,236.1,8.0,0,28.8,54,1,13.0,,4,0,1,29.14814814814815
28,1,0.5,46.7,5.7,1,25.4,71,2,7.0,Mild,0,0,0,8.051724137931036
32,1,3.6,337.6,4.0,3,26.8,90,0,3.1,Mild,3,1,0,82.34146341463416
43,1,3.3,315.9,6.0,2,25.2,58,1,13.5,,1,0,0,51.78688524590164
50,0,4.0,378.5,7.8,2,28.0,79,1,6.9,,4,0,0,47.911392405063296
41,1,1.0,93.7,7.7,2,18.0,85,1,9.0,,0,0,1,12.012820512820513
36,0,1.9,177.3,6.3,2,25.2,66,1,9.4,,3,0,0,27.703125000000004
52,1,4.2,395.5,8.7,0,24.2,69,1,1.2,Mild,4,0,1,44.94318181818182
31,1,1.6,155.4,7.7,2,23.7,58,1,5.3,,0,0,0,19.923076923076923
47,1,5.2,493.5,5.5,1,21.3,59,2,5.4,Mild,1,0,0,88.125
31,1,0.2,15.3,8.4,0,29.8,72,1,10.8,,1,1,0,1.8
40,1,1.7,156.9,4.9,3,24.9,93,0,10.2,Mild,0,0,0,31.380000000000003
33,1,1.8,171.3,7.1,2,28.7,65,1,14.8,,1,0,0,23.79166666666667
34,1,3.6,346.3,5.8,1,25.0,78,2,11.0,Mild,1,0,0,58.694915254237294
30,1,5.0,474.8,6.2,2,28.6,63,1,3.3,,0,0,0,75.36507936507937
51,0,3.0,280.8,7.3,2,26.6,65,1,5.2,Mild,3,0,0,37.94594594594595
26,1,0.0,0.0,8.1,0,23.5,59,1,2.5,,2,0,0,0.0
26,0,2.4,226.0,6.8,2,29.3,63,1,12.9,,4,0,0,32.7536231884058
60,0,2.7,255.0,6.3,2,26.5,72,1,12.7,Mild,1,1,1,39.84375
46,1,3.1,293.5,4.5,3,23.6,54,0,13.7,Mild,3,1,0,63.80434782608696
18,0,2.4,226.3,4.8,3,17.2,69,0,9.9,Mild,3,1,1,46.18367346938776
28,0,4.5,423.7,3.2,3,26.6,51,0,4.0,Mild,2,0,1,128.39393939393938
18,1,1.2,110.9,7.0,2,32.1,65,1,13.5,Mild,0,0,0,15.619718309859156
23,0,1.0,90.6,8.0,2,27.4,58,1,4.1,,1,0,0,11.185185185185185
18,0,1.6,150.2,3.9,3,25.3,84,0,5.8,Mild,4,0,0,37.55
33,2,6.4,608.3,7.3,2,21.0,75,1,0.3,,1,0,1,82.20270270270271
21,0,2.2,211.9,8.3,0,17.4,69,1,8.7,,4,1,0,25.226190476190474
35,1,4.2,401.2,6.6,2,27.8,58,1,6.5,,4,0,0,59.88059701492538
18,1,4.2,398.5,8.2,0,25.5,71,1,9.7,,2,1,0,48.01204819277109
35,0,0.0,0.0,6.9,2,19.5,67,1,14.5,,4,0,0,0.0
30,2,2.4,229.4,5.1,1,22.7,73,2,0.9,Mild,0,1,0,44.11538461538462
53,0,4.2,397.1,6.0,1,22.8,69,2,1.4,Moderate,4,0,0,65.09836065573771
51,0,6.8,645.3,7.9,2,26.1,65,1,8.5,Mild,3,0,1,80.6625
44,1,4.1,391.2,5.6,1,24.2,71,2,15.0,Mild,3,0,0,68.63157894736842
31,1,2.0,188.7,7.2,2,28.4,56,1,4.3,,1,0,1,25.84931506849315
58,0,4.7,445.6,6.9,2,31.6,50,1,8.0,Moderate,4,0,0,63.65714285714286
18,0,1.9,176.1,8.1,0,25.8,61,1,3.1,,2,0,0,21.475609756097562
18,2,0.8,76.3,4.6,3,15.6,56,0,7.9,Mild,4,0,0,16.23404255319149
33,0,3.5,337.2,8.1,0,27.2,83,1,2.8,,4,0,0,41.1219512195122
62,1,0.3,30.6,5.8,1,26.9,82,2,2.7,Moderate,4,0,0,5.186440677966102
32,0,1.6,152.6,8.6,0,27.4,77,1,5.1,,2,0,0,17.54022988505747
32,0,4.7,449.4,5.9,1,30.0,71,2,14.1,Moderate,1,0,1,74.89999999999999
18,0,3.6,339.0,6.0,2,28.8,61,1,9.9,,4,0,0,55.57377049180328
46,1,1.2,114.4,7.7,2,25.5,70,1,5.6,,1,0,0,14.666666666666668
46,1,2.7,257.5,8.2,0,16.2,61,1,9.6,,2,1,0,31.024096385542173
44,0,2.4,223.9,6.1,2,26.5,63,1,3.0,,1,0,1,36.112903225806456
27,1,3.9,366.8,6.1,2,27.7,63,1,9.6,,1,1,0,59.161290322580655
26,0,3.1,291.6,5.8,1,31.1,79,2,13.8,Moderate,0,1,0,49.42372881355933
19,1,2.7,259.6,5.9,1,29.5,68,2,14.1,Mild,4,0,0,43.26666666666667
36,1,2.4,232.3,7.2,2,29.4,50,1,8.8,,1,0,0,31.82191780821918
22,0,0.9,80.8,6.8,2,21.2,61,1,13.2,,4,0,1,11.710144927536232
20,1,4.6,434.2,7.8,2,24.7,70,1,5.8,,0,1,0,54.9620253164557
29,0,3.1,297.2,5.7,1,16.2,72,2,13.3,Mild,0,0,0,51.241379310344826
29,1,2.0,190.7,7.6,2,20.3,55,1,5.0,,1,1,0,24.766233766233768
28,0,2.1,201.0,7.5,2,25.2,77,1,10.5,,1,1,0,26.447368421052634
40,1,2.3,222.9,6.3,2,22.7,81,1,13.8,,0,1,1,34.82812500000001
35,1,1.3,120.3,6.5,2,23.2,74,1,8.5,,3,0,1,18.227272727272727
31,0,1.6,156.6,7.3,2,30.1,71,1,4.1,Mild,1,0,0,21.16216216216216
37,0,4.0,377.6,5.6,1,15.0,77,2,10.5,Mild,3,0,0,66.24561403508773
23,1,0.2,14.5,6.5,2,27.8,73,1,1.7,,2,1,0,2.1969696969696972
36,2,5.3,502.3,4.6,3,30.7,62,0,5.2,Moderate,2,0,0,106.87234042553193
36,0,2.5,238.0,5.5,1,25.5,80,2,13.4,Mild,2,1,0,42.5
18,0,1.3,124.7,5.6,1,25.0,81,2,11.1,Mild,1,1,0,21.877192982456144
46,0,2.0,188.2,5.6,1,27.9,53,2,0.8,Mild,1,0,0,33.01754385964912
24,1,3.1,297.5,4.4,3,25.3,56,0,8.6,Mild,2,0,1,66.11111111111111
36,1,1.8,168.9,4.8,3,22.2,73,0,3.7,Mild,3,1,0,34.46938775510205
48,1,3.5,331.5,7.5,2,29.7,74,1,0.2,,1,0,0,43.61842105263158
46,0,0.9,86.1,6.7,2,18.4,79,1,4.0,,1,0,0,12.661764705882353
35,1,1.3,123.9,8.3,0,22.1,79,1,11.6,,4,0,1,14.75
30,1,2.9,272.3,7.8,2,22.3,76,1,6.0,,4,0,0,34.46835443037975
46,1,1.6,149.1,6.2,2,23.5,70,1,4.0,,4,0,0,23.666666666666668
43,1,5.4,516.7,5.1,1,22.7,63,2,15.0,Mild,0,0,1,99.36538461538464
27,0,3.7,355.7,6.6,2,17.4,80,1,8.7,,1,0,1,53.08955223880597
25,0,3.3,310.5,6.0,1,27.6,78,2,3.3,Mild,2,0,0,50.9016393442623
18,0,2.7,253.4,7.4,2,27.4,80,1,3.0,,0,0,0,33.78666666666667
36,0,2.0,188.1,4.3,3,22.4,58,0,1.5,Mild,0,0,0,42.75000000000001
34,0,2.1,201.0,7.1,2,26.8,82,1,9.2,,0,0,0,27.916666666666668
48,2,1.2,118.5,8.7,0,29.7,81,1,13.2,,2,0,1,13.465909090909092
39,1,2.8,267.7,6.1,2,23.5,61,1,12.9,,0,0,0,43.17741935483871
51,1,0.6,60.0,7.6,2,27.5,72,1,14.1,Mild,4,0,1,7.792207792207793
26,1,4.7,445.3,4.8,3,23.2,76,0,0.3,Mild,0,0,1,90.87755102040818
48,1,2.6,246.2,5.9,1,26.9,80,2,8.4,Mild,3,0,0,41.03333333333333
28,0,4.6,432.7,5.3,1,32.6,70,2,13.8,Moderate,4,0,0,80.12962962962963
44,0,3.8,364.8,8.3,0,27.3,69,1,13.5,,1,0,1,43.42857142857143
18,1,2.4,227.6,9.0,0,22.9,70,1,4.1,,1,1,0,25.01098901098901
37,0,3.2,301.0,5.9,1,24.2,62,2,7.5,Mild,4,0,1,50.166666666666664
18,0,1.9,176.8,8.3,0,21.8,71,1,1.4,,1,0,0,21.047619047619047
31,1,2.4,223.8,7.3,2,24.2,76,1,4.1,,2,0,0,30.243243243243246
40,0,1.3,126.9,6.3,2,21.6,77,1,14.9,,2,0,0,19.828125000000004
28,0,5.0,474.9,8.2,0,23.7,69,1,8.8,,0,0,0,57.216867469879524
22,0,2.8,264.3,5.9,1,16.5,78,2,15.0,Mild,3,1,0,44.050000000000004
45,0,3.8,358.1,5.7,1,22.3,73,2,0.2,Mild,0,0,0,61.74137931034483
33,1,1.8,175.1,5.5,1,23.5,71,2,14.6,Mild,3,0,1,31.267857142857142
29,1,4.9,462.3,7.3,2,30.2,91,1,5.3,Mild,1,1,0,62.472972972972975
35,1,1.4,134.2,5.6,1,27.7,73,2,1.2,Mild,4,0,0,23.54385964912281
66,0,2.3,221.1,6.5,2,24.1,69,1,1.3,Mild,0,0,1,33.5
48,1,1.8,170.4,6.3,2,19.1,72,1,5.2,,2,0,0,26.625000000000004
48,1,2.9,276.7,5.9,1,23.7,71,2,7.1,Mild,0,0,0,46.11666666666667
40,0,1.5,139.0,6.5,2,22.6,68,1,1.3,,2,0,0,21.060606060606062
36,0,3.4,321.7,6.0,1,21.3,78,2,12.8,Mild,4,0,0,52.73770491803279
18,0,2.9,275.0,8.5,0,27.1,72,1,7.3,,4,0,0,31.976744186046513
26,1,2.3,214.8,7.2,2,21.7,81,1,5.5,,4,0,0,29.424657534246577
29,1,0.9,85.7,7.0,2,23.0,69,1,7.8,,0,0,1,12.070422535211268
18,1,2.4,226.0,6.1,2,18.4,88,1,7.3,,2,0,0,36.45161290322581
21,0,2.3,222.5,5.1,1,24.4,71,2,1.5,Mild,1,0,0,42.78846153846155
18,1,3.8,365.2,5.7,1,27.5,72,2,0.8,Mild,3,1,0,62.96551724137931
34,0,2.1,196.3,6.7,2,21.6,65,1,10.2,,4,0,1,28.867647058823533
44,2,1.0,97.9,6.8,2,28.3,74,1,7.3,,1,0,1,14.188405797101451
48,1,0.0,0.0,7.2,2,28.0,90,1,0.4,,0,0,1,0.0
39,1,4.2,401.3,8.1,0,22.6,72,1,10.0,,3,1,1,48.93902439024391
23,0,2.2,212.1,6.1,2,29.2,79,1,10.6,,1,0,0,34.20967741935484
18,0,3.0,284.4,8.2,0,28.6,69,1,14.6,,1,1,0,34.265060240963855
18,0,1.7,164.0,6.5,2,26.5,50,1,9.5,,4,0,1,24.84848484848485
19,1,1.6,152.2,7.0,2,32.5,87,1,4.1,Mild,1,0,0,21.43661971830986
24,1,2.4,223.9,6.5,2,28.0,76,1,3.6,,1,0,1,33.92424242424243
33,0,1.2,118.4,8.4,0,28.7,96,1,6.9,,3,0,1,13.929411764705883
22,0,1.9,185.1,5.7,1,23.9,72,2,1.4,Mild,3,1,0,31.913793103448278
39,1,3.6,339.3,7.4,2,20.6,69,1,7.4,,0,0,0,45.24
32,0,3.6,337.5,8.6,0,21.4,71,1,4.9,,4,1,0,38.793103448275865
35,0,1.7,165.9,6.6,2,24.0,77,1,12.4,,4,0,0,24.76119402985075
48,1,2.2,204.8,3.2,3,27.5,69,0,10.4,Mild,1,0,1,62.06060606060606
20,0,0.0,0.0,5.7,1,23.4,65,2,3.9,Mild,4,0,0,0.0
40,1,0.0,0.0,6.5,2,27.7,62,1,7.2,,4,0,1,0.0
34,0,1.7,164.2,7.2,2,16.8,71,1,10.8,,2,0,0,22.493150684931507
30,0,2.6,243.7,8.2,0,20.3,80,1,2.6,,1,0,0,29.36144578313253
45,1,0.6,56.4,6.8,2,21.8,73,1,14.5,,2,1,0,8.173913043478262
45,0,3.6,337.8,5.9,1,20.6,73,2,1.4,Mild,0,0,0,56.300000000000004
23,0,3.8,358.8,7.2,2,26.6,70,1,14.3,,3,0,0,49.15068493150685
32,0,1.2,117.4,6.6,2,23.5,60,1,0.3,,4,0,0,17.522388059701495
38,1,1.2,111.1,6.9,2,21.0,74,1,7.3,,4,0,0,15.87142857142857
31,0,3.1,296.1,6.0,1,26.6,65,2,4.3,Mild,2,0,1,48.54098360655738
42,0,5.0,475.3,8.2,0,30.7,74,1,14.5,Mild,4,1,1,57.26506024096386
38,0,1.9,178.0,6.9,2,26.8,83,1,12.8,,3,0,0,25.428571428571427
56,0,3.9,370.9,7.8,2,21.7,69,1,13.5,Mild,1,0,1,46.949367088607595
18,1,2.5,233.7,7.1,2,25.1,61,1,7.4,,2,0,0,32.458333333333336
33,1,2.6,246.2,8.0,2,21.3,77,1,1.6,,4,0,0,30.39506172839506
24,0,2.2,210.7,7.7,2,27.4,76,1,3.7,,3,1,0,27.01282051282051
42,1,3.9,370.9,7.4,2,24.9,63,1,8.0,,4,0,0,49.45333333333333
18,0,5.5,519.9,6.7,2,29.3,63,1,5.8,,4,0,0,76.45588235294117
39,0,3.8,359.3,4.6,3,24.4,75,0,4.9,Mild,1,0,0,76.4468085106383
27,1,0.7,69.4,5.0,1,24.9,81,2,4.5,Mild,2,0,1,13.607843137254903
26,0,2.1,201.3,5.5,1,18.1,77,2,3.5,Mild,2,0,0,35.94642857142858
18,1,0.0,0.0,8.4,0,16.6,64,1,8.1,,3,0,0,0.0
29,0,5.6,530.4,6.9,2,25.2,87,1,10.3,,2,0,0,75.77142857142857
48,1,3.0,287.7,6.1,2,17.6,67,1,10.4,,0,0,0,46.403225806451616
34,1,1.3,123.2,8.6,0,20.7,82,1,0.7,,1,0,1,14.160919540229887
42,1,2.9,274.9,7.8,2,25.6,83,1,0.4,,4,0,0,34.79746835443038
54,0,5.3,506.2,6.8,2,22.6,79,1,1.3,Mild,2,0,0,73.36231884057972
38,1,1.2,118.3,7.7,2,19.7,63,1,0.3,,0,1,0,15.166666666666666
28,1,1.6,156.2,7.5,2,21.6,83,1,6.6,,2,0,0,20.552631578947366
40,1,0.7,70.3,5.4,1,30.0,89,2,0.8,Moderate,4,0,1,12.781818181818181
28,1,3.4,318.3,6.6,2,24.5,83,1,6.5,,2,0,0,47.50746268656717
28,0,2.3,217.6,7.3,2,25.9,60,1,5.1,,4,1,0,29.405405405405407
18,1,0.0,0.0,7.0,2,24.4,57,1,0.9,,3,0,1,0.0
46,0,3.0,285.6,5.7,1,30.0,75,2,1.3,Mild,2,0,0,49.24137931034483
30,0,3.9,372.8,4.4,3,25.5,60,0,11.6,Mild,1,0,0,82.84444444444445
37,0,1.7,161.6,5.8,1,26.4,73,2,10.9,Mild,4,0,0,27.389830508474578
22,1,2.4,231.0,7.7,2,17.3,71,1,4.3,,1,0,1,29.615384615384617
40,0,2.2,208.7,7.3,2,23.6,63,1,1.9,,3,1,1,28.2027027027027
25,1,3.5,335.5,4.6,3,23.2,80,0,5.3,Mild,1,0,0,71.38297872340426
33,0,0.0,1.5,7.9,2,19.5,60,1,7.3,,1,0,0,0.1875
45,2,1.5,143.9,5.2,1,18.4,78,2,7.8,Mild,3,0,1,27.150943396226417
44,0,2.0,193.9,6.5,2,22.8,69,1,0.4,,2,1,0,29.378787878787882
34,0,3.7,347.3,7.4,2,34.8,72,1,9.0,Mild,3,0,0,46.306666666666665
18,2,2.5,237.8,6.2,2,19.9,70,1,9.5,,0,0,0,37.74603174603175
70,0,0.5,50.9,5.3,1,24.9,69,2,9.6,Moderate,4,1,0,9.425925925925927
55,1,1.6,155.4,3.6,3,23.5,86,0,9.4,Moderate,4,1,0,42.0
43,1,4.4,417.0,5.2,1,26.4,51,2,14.4,Mild,2,1,0,78.67924528301887
25,1,0.5,49.0,6.4,2,31.7,84,1,10.6,Mild,3,0,0,7.538461538461538
33,1,4.0,383.9,6.9,2,15.8,51,1,4.8,,4,1,0,54.84285714285714
28,0,3.9,370.9,5.7,1,20.3,83,2,12.2,Mild,4,0,0,63.94827586206896
50,0,4.3,411.2,5.7,1,30.2,71,2,6.5,Moderate,1,0,0,70.89655172413794
38,1,4.1,394.2,5.8,1,25.5,77,2,0.9,Mild,3,0,1,66.8135593220339
25,0,4.5,431.7,5.5,1,22.1,70,2,9.7,Mild,1,1,1,77.08928571428572
29,1,0.0,0.0,9.2,0,22.4,69,1,5.7,,0,1,0,0.0
48,2,4.5,424.0,6.6,2,17.4,73,1,14.0,,0,1,0,63.28358208955225
54,0,3.2,308.1,5.4,1,25.4,73,2,5.1,Moderate,0,0,1,56.01818181818182
53,0,1.6,156.0,4.2,3,24.4,63,0,0.7,Moderate,2,0,0,36.27906976744186
44,0,0.7,69.3,7.0,2,24.1,57,1,14.2,,3,0,0,9.76056338028169
31,1,2.5,241.8,8.4,0,21.9,50,1,12.5,,2,0,1,28.447058823529414
18,0,6.1,576.8,6.7,2,24.9,72,1,14.7,,0,1,0,84.8235294117647
38,1,3.3,311.8,9.6,0,20.3,95,1,2.7,,2,0,1,32.14432989690722
34,1,1.8,168.3,6.0,2,21.5,54,1,0.3,,4,0,0,27.590163934426233
36,0,6.1,575.0,6.7,2,25.5,89,1,14.3,,2,0,0,84.55882352941177
35,1,3.5,329.5,4.7,3,22.4,74,0,11.1,Mild,3,0,0,68.64583333333334
19,0,3.5,334.1,4.4,3,24.3,71,0,12.9,Mild,1,0,0,74.24444444444445
41,0,2.9,278.8,6.3,2,22.4,78,1,0.1,,3,0,0,43.56250000000001
42,1,3.3,310.8,7.9,2,25.9,68,1,9.9,,1,1,0,38.85
43,0,0.0,0.0,9.0,0,21.9,63,1,10.7,,2,0,0,0.0
46,1,2.7,259.3,6.7,2,25.2,56,1,5.2,,2,0,0,38.13235294117647
42,0,3.7,350.9,5.4,1,27.1,71,2,7.1,Mild,3,1,1,63.8
30,0,4.9,462.7,3.6,3,23.8,70,0,2.0,Mild,1,0,1,125.05405405405405
34,1,5.9,564.4,5.4,1,23.2,69,2,1.2,Mild,0,0,0,102.61818181818181
36,1,4.2,394.9,6.3,2,22.3,81,1,12.2,,0,1,1,61.703125
36,1,2.8,267.8,5.9,1,23.2,68,2,12.3,Mild,2,0,0,44.63333333333333
46,0,2.6,247.5,4.4,3,29.9,79,0,3.5,Mild,2,0,0,55.0
42,1,1.5,138.0,6.8,2,28.4,57,1,12.3,,4,1,1,20.0
59,1,3.3,315.3,6.1,2,26.1,81,1,5.5,Mild,2,0,0,50.85483870967742
61,0,5.5,519.7,6.7,2,22.0,85,1,4.3,Mild,2,0,0,76.4264705882353
35,0,1.9,184.9,5.7,1,29.3,71,2,11.9,Mild,4,1,1,31.879310344827587
18,0,2.8,264.0,6.1,2,31.3,71,1,10.6,Mild,4,0,0,42.58064516129033
49,0,1.4,136.6,6.8,2,16.9,78,1,9.5,,3,1,0,19.797101449275363
28,0,4.1,385.4,6.8,2,23.7,77,1,11.9,,2,0,1,55.85507246376812
25,0,4.4,415.3,5.7,1,24.7,67,2,12.9,Mild,0,0,1,71.60344827586208
30,1,1.5,138.8,5.8,1,22.2,72,2,14.2,Mild,2,0,0,23.525423728813564
29,0,3.4,320.8,5.1,1,17.9,94,2,9.4,Mild,2,0,0,61.6923076923077
42,1,0.0,0.0,7.1,2,20.7,64,1,1.4,,1,1,1,0.0
18,1,2.1,198.8,6.2,2,29.5,76,1,5.3,,1,1,1,31.555555555555557
22,0,4.4,420.6,8.3,0,20.2,77,1,2.0,,3,1,0,50.07142857142857
39,1,1.8,170.8,6.5,2,21.5,71,1,1.8,,0,0,0,25.878787878787882
42,0,0.5,52.2,7.0,2,24.6,82,1,14.8,,1,0,0,7.352112676056339
42,1,3.5,335.9,7.5,2,24.0,88,1,2.8,,0,0,0,44.19736842105263
25,1,2.3,221.9,7.9,2,21.9,86,1,11.1,,4,0,1,27.7375
23,0,2.8,265.5,6.0,2,27.1,79,1,11.7,,2,1,0,43.52459016393443
28,0,3.0,285.7,8.8,0,27.0,85,1,7.4,,3,0,0,32.10112359550561
37,0,3.9,367.1,8.9,0,20.5,61,1,0.1,,0,0,0,40.78888888888889
52,0,4.1,391.7,5.9,1,18.8,55,2,10.9,Moderate,1,0,0,65.28333333333333
18,1,3.1,292.7,6.5,2,25.8,50,1,14.3,,2,0,0,44.34848484848485
32,0,4.3,405.4,6.7,2,23.7,66,1,11.5,,2,0,0,59.61764705882353
19,1,2.5,234.8,5.7,1,25.8,87,2,7.9,Mild,2,0,1,40.48275862068966
18,0,3.0,283.1,6.4,2,23.8,74,1,8.8,,3,0,1,43.55384615384616
46,1,2.5,242.2,5.4,1,21.9,63,2,2.4,Mild,4,0,0,44.03636363636363
41,0,0.7,70.4,6.8,2,23.2,94,1,13.3,,2,0,1,10.202898550724639
40,0,4.7,449.8,6.1,2,29.4,63,1,9.0,,2,1,0,72.5483870967742
46,1,2.6,246.1,7.0,2,21.3,62,1,3.7,,2,0,0,34.66197183098592
29,0,4.9,465.4,6.9,2,23.2,66,1,1.5,,4,1,0,66.48571428571428
29,1,3.2,303.8,6.4,2,18.6,80,1,4.0,,1,1,0,46.73846153846154
61,1,3.1,298.3,8.0,0,18.0,59,1,11.5,Mild,0,0,1,36.827160493827165
32,0,3.9,372.9,5.2,1,19.1,77,2,14.3,Mild,2,0,0,70.35849056603773
43,1,2.9,280.0,6.1,2,16.8,59,1,3.5,,2,0,1,45.16129032258065
35,1,1.6,150.0,5.9,1,19.2,75,2,4.6,Mild,1,1,0,25.0
18,0,2.3,218.4,8.4,0,25.8,77,1,12.1,,4,0,0,25.694117647058825
18,0,4.3,405.1,6.1,2,26.7,66,1,10.9,,4,0,0,65.33870967741936
28,1,3.6,340.6,6.2,2,19.0,69,1,1.9,,0,0,0,54.06349206349207
47,0,1.2,116.7,8.4,0,19.1,50,1,13.7,,4,0,0,13.729411764705883
44,0,3.0,281.3,4.7,3,23.5,74,0,3.5,Mild,4,0,0,58.60416666666667
45,0,1.0,98.6,5.6,1,33.2,69,2,11.5,Moderate,1,0,0,17.29824561403509
23,0,2.6,251.7,6.4,2,21.2,60,1,9.8,,1,0,0,38.723076923076924
54,0,4.0,382.9,5.7,1,22.8,87,2,7.0,Moderate,1,0,1,66.01724137931035
23,0,1.6,152.2,7.8,2,29.1,72,1,1.3,,0,0,1,19.265822784810126
37,1,2.4,224.0,4.9,3,28.6,69,0,13.4,Mild,4,0,1,44.8
34,1,1.1,104.5,7.5,2,27.0,84,1,8.0,,1,0,0,13.75
32,0,3.4,324.6,5.3,1,28.0,52,2,1.7,Mild,3,0,0,60.11111111111112
51,2,2.7,258.4,6.9,2,29.0,62,1,7.2,Mild,2,0,1,36.91428571428571
26,0,1.5,146.3,7.8,2,21.9,66,1,1.6,,3,0,0,18.518987341772153
18,1,3.1,297.5,8.8,0,26.0,52,1,5.6,,0,1,0,33.42696629213483
35,0,2.5,234.1,4.8,3,22.4,67,0,1.8,Mild,4,0,0,47.775510204081634
30,0,3.3,309.1,6.6,2,20.7,51,1,3.9,,4,0,0,46.13432835820896
75,0,1.1,105.9,8.0,2,26.2,58,1,12.2,Mild,2,0,1,13.074074074074076
43,0,2.0,191.3,6.8,2,23.1,73,1,3.5,,0,1,0,27.724637681159425
30,0,2.7,257.0,7.1,2,23.5,68,1,9.6,,0,1,0,35.69444444444445
22,1,3.5,335.7,5.6,1,28.7,73,2,3.5,Mild,3,0,0,58.89473684210527
18,0,1.0,98.5,6.5,2,25.5,58,1,9.2,,0,0,0,14.924242424242426
22,0,2.7,253.8,5.7,1,23.4,68,2,11.2,Mild,4,1,0,43.758620689655174
36,1,4.0,378.9,7.1,2,23.6,68,1,1.5,,4,0,1,52.625
52,1,2.6,246.3,8.8,0,18.5,52,1,12.7,Mild,4,0,0,27.674157303370787
48,0,2.0,192.3,6.9,2,26.7,77,1,13.7,,4,0,0,27.47142857142857
37,0,1.7,160.8,6.8,2,23.5,84,1,5.6,,3,0,0,23.30434782608696
31,1,1.7,163.2,4.2,3,23.1,82,0,13.2,Mild,4,0,0,37.95348837209302
38,1,2.8,269.5,6.5,2,30.4,53,1,1.7,Mild,4,0,0,40.833333333333336
28,1,0.0,0.0,7.7,2,27.2,78,1,6.4,,2,0,0,0.0
55,1,1.7,159.5,4.8,3,24.8,65,0,2.4,Moderate,3,0,0,32.55102040816327
32,0,3.1,297.0,6.7,2,25.6,89,1,14.4,,3,0,0,43.6764705882353
33,0,3.6,343.7,6.4,2,28.5,70,1,11.6,,0,0,0,52.87692307692308
18,0,1.1,104.1,4.4,3,23.2,81,0,9.3,Mild,0,0,0,23.133333333333333
32,0,1.6,148.0,7.3,2,26.9,58,1,1.1,,1,0,1,20.0
45,1,2.6,248.1,6.1,2,19.8,71,1,2.5,,4,0,1,40.01612903225807
22,1,3.4,326.0,6.6,2,25.0,97,1,5.3,,4,1,0,48.65671641791045
25,1,1.9,184.8,7.1,2,17.5,57,1,3.4,,2,0,0,25.66666666666667
44,1,2.3,219.5,5.7,1,24.6,73,2,4.7,Mild,3,0,0,37.8448275862069
18,1,3.0,285.8,7.0,2,29.0,78,1,14.5,,3,0,0,40.25352112676057
47,0,0.8,73.1,6.3,2,21.9,65,1,12.0,,2,0,0,11.421875
28,0,4.9,469.1,6.4,2,24.2,64,1,1.0,,3,0,0,72.16923076923078
30,0,2.6,249.3,5.8,1,21.2,84,2,0.8,Mild,2,0,0,42.2542372881356
21,0,2.0,187.6,8.0,2,24.9,74,1,0.7,,4,1,0,23.160493827160494
39,0,4.2,400.0,7.2,2,19.6,90,1,10.8,,4,0,1,54.794520547945204
64,0,2.7,255.6,6.2,2,19.5,68,1,7.7,Mild,2,1,0,40.57142857142857
44,1,2.2,212.7,7.5,2,25.9,74,1,2.2,,4,0,0,27.986842105263158
24,2,3.1,290.5,6.0,2,20.2,61,1,14.1,,0,1,0,47.622950819672134
48,1,2.6,243.4,6.9,2,30.1,80,1,3.0,Mild,0,0,0,34.77142857142857
31,1,1.6,149.8,5.7,1,29.9,62,2,10.8,Mild,1,1,1,25.827586206896555
51,1,4.1,389.6,7.5,2,20.1,77,1,15.0,Mild,2,1,1,51.26315789473685
44,0,0.3,24.1,6.8,2,33.1,67,1,14.9,Mild,3,1,1,3.492753623188406
18,2,1.9,179.8,5.9,1,23.8,70,2,9.3,Mild,3,0,0,29.96666666666667
22,0,5.3,501.7,6.5,2,24.1,73,1,2.3,,1,0,0,76.01515151515152
46,0,2.7,252.5,4.5,3,27.4,72,0,14.9,Mild,0,1,0,54.89130434782609
36,0,0.1,11.6,5.8,1,29.5,71,2,10.9,Mild,2,0,0,1.9661016949152543
22,0,4.2,398.4,6.0,2,29.4,59,1,12.4,,1,0,0,65.31147540983606
27,0,2.1,197.0,6.8,2,32.2,75,1,14.7,Mild,0,1,0,28.55072463768116
18,0,0.9,86.5,7.0,2,25.7,65,1,3.0,,2,0,0,12.183098591549296
33,1,4.1,387.6,5.7,1,25.7,77,2,4.8,Mild,4,1,0,66.82758620689656
61,1,4.1,393.9,7.1,2,25.8,77,1,3.7,Mild,0,0,1,54.708333333333336
44,0,4.6,440.9,4.8,3,24.7,64,0,14.9,Mild,2,0,1,89.9795918367347
61,1,1.0,99.4,6.5,2,18.5,58,1,9.8,Mild,0,0,0,15.060606060606062
45,0,2.3,217.6,7.9,2,15.8,75,1,4.7,,0,0,0,27.2
47,0,2.1,195.8,7.4,2,20.0,70,1,5.6,,1,0,1,26.10666666666667
58,0,1.1,104.6,8.4,0,27.4,72,1,6.8,Mild,4,0,0,12.305882352941175
39,1,3.4,319.0,9.2,0,23.2,67,1,6.6,,2,0,1,34.30107526881721
32,0,4.1,393.3,5.6,1,19.8,69,2,2.6,Mild,0,0,1,69.00000000000001
47,1,1.8,172.5,7.1,2,28.8,63,1,12.8,,3,1,0,23.958333333333336
52,0,2.7,259.6,5.6,1,21.6,72,2,11.6,Moderate,4,0,1,45.543859649122815
29,0,2.7,258.1,5.3,1,15.0,65,2,13.7,Mild,0,0,1,47.796296296296305
26,0,4.1,392.0,6.9,2,19.1,52,1,7.9,,3,0,0,56.0
36,0,2.5,238.6,6.7,2,21.8,71,1,10.1,,1,0,1,35.088235294117645
44,1,2.5,242.2,6.1,2,20.8,72,1,11.3,,2,0,0,39.06451612903226
44,0,3.9,368.0,7.1,2,23.5,90,1,8.9,,4,0,1,51.111111111111114
18,1,2.7,255.1,6.2,2,25.1,62,1,10.6,,4,0,0,40.492063492063494
57,1,1.6,156.4,4.9,3,25.2,70,0,8.0,Moderate,2,0,1,31.28
27,1,0.9,81.6,7.7,2,23.5,81,1,6.0,,0,0,0,10.461538461538462
31,0,1.6,149.3,5.9,1,27.8,72,2,14.7,Mild,2,0,1,24.883333333333336
24,1,2.9,272.1,7.5,2,28.4,78,1,7.2,,2,0,0,35.80263157894737
67,1,0.6,52.3,7.4,2,26.1,72,1,12.6,Mild,4,0,1,6.973333333333333
37,0,2.9,276.4,3.4,3,28.1,71,0,9.0,Mild,0,0,0,78.97142857142856
24,0,0.2,22.1,6.6,2,18.3,70,1,4.1,,2,1,1,3.2985074626865676
45,1,1.0,95.5,5.7,1,15.9,74,2,1.7,Mild,0,0,0,16.46551724137931
44,0,3.5,330.4,7.6,2,20.0,81,1,13.7,,1,0,1,42.909090909090914
32,0,1.8,174.1,6.0,2,25.4,86,1,5.1,,4,0,0,28.54098360655738
45,1,2.8,270.3,7.6,2,28.0,56,1,4.4,,4,0,1,35.10389610389611
25,0,2.4,229.6,6.7,2,19.8,62,1,11.2,,1,0,0,33.76470588235294
29,0,4.8,459.5,5.6,1,25.5,85,2,9.7,Mild,2,0,0,80.6140350877193
18,0,2.7,256.9,7.2,2,27.9,81,1,9.9,,1,0,1,35.1917808219178
19,0,1.0,91.7,7.9,2,22.2,71,1,2.0,,1,0,0,11.4625
56,0,3.4,324.2,5.1,1,21.9,73,2,3.7,Moderate,4,0,1,62.346153846153854
54,1,0.9,87.4,5.0,1,27.0,75,2,7.4,Moderate,3,0,0,17.137254901960787
35,0,4.0,378.9,6.3,2,20.8,76,1,13.0,,4,0,0,59.203125
54,1,3.7,350.6,6.0,1,20.9,66,2,6.4,Moderate,1,0,1,57.47540983606558
33,1,2.9,279.7,7.1,2,22.8,57,1,2.1,,4,0,0,38.84722222222222
32,1,3.6,345.1,7.4,2,23.1,64,1,6.0,,3,0,0,46.013333333333335
35,0,4.3,404.7,4.4,3,22.4,70,0,4.4,Mild,1,0,0,89.93333333333334
33,1,2.5,233.6,6.2,2,15.0,71,1,14.9,,4,0,1,37.07936507936508
32,1,2.8,261.8,4.7,3,24.5,65,0,5.6,Mild,2,0,0,54.54166666666667
48,1,2.9,272.0,4.9,3,30.0,90,0,9.2,Mild,1,0,0,54.4
36,0,1.4,133.1,4.8,3,23.2,61,0,8.6,Mild,3,0,0,27.16326530612245
43,1,1.6,155.4,6.3,2,19.9,61,1,2.6,,4,0,1,24.281250000000004
47,0,2.6,245.7,4.7,3,26.9,69,0,2.0,Mild,1,0,1,51.1875
39,1,2.5,236.6,5.8,1,22.5,61,2,0.3,Mild,4,0,0,40.10169491525424
23,1,2.9,273.7,5.5,1,21.2,84,2,2.1,Mild,0,0,0,48.875
18,0,1.8,167.2,6.3,2,27.9,70,1,10.9,,1,1,0,26.125
36,0,0.3,27.7,7.0,2,22.1,89,1,9.5,,1,0,0,3.9014084507042255
32,1,4.7,447.0,6.2,2,25.0,87,1,4.3,,0,0,0,70.95238095238095
36,1,0.4,38.9,5.5,1,28.3,67,2,3.2,Mild,4,1,0,6.946428571428571
34,1,3.7,353.4,6.4,2,24.5,64,1,0.5,,2,0,0,54.36923076923077
66,0,2.0,194.2,6.2,2,22.4,74,1,4.2,Mild,2,0,0,30.825396825396826
19,1,2.8,266.0,7.1,2,25.9,84,1,5.0,,2,0,1,36.94444444444445
18,0,3.5,331.9,5.7,1,15.0,60,2,13.0,Mild,0,0,1,57.224137931034484
38,1,1.8,172.5,7.4,2,27.1,51,1,0.2,,3,0,1,23.0
30,1,0.4,42.6,5.8,1,20.9,65,2,4.0,Mild,1,0,1,7.220338983050849
38,1,4.0,380.0,5.3,1,24.4,64,2,14.3,Mild,3,0,0,70.37037037037038
42,0,3.5,332.8,6.3,2,24.2,81,1,12.8,,1,0,0,52.00000000000001
50,0,2.6,247.8,4.5,3,25.4,60,0,13.2,Mild,3,0,0,53.86956521739131
18,1,3.7,355.1,5.4,1,25.3,76,2,0.0,Mild,3,0,0,64.56363636363636
28,0,3.0,284.3,7.9,2,20.6,65,1,5.4,,0,0,0,35.5375
40,1,2.4,229.7,7.4,2,21.7,63,1,7.2,,0,0,0,30.626666666666665
44,0,2.2,208.9,6.2,2,20.8,75,1,1.6,,3,1,1,33.15873015873016
61,0,0.0,0.0,9.8,0,22.4,57,1,1.2,Mild,1,0,1,0.0
46,1,2.9,275.6,6.4,2,17.4,83,1,5.4,,4,0,0,42.400000000000006
34,0,1.0,92.7,7.0,2,15.0,73,1,13.8,,3,1,0,13.056338028169016
24,0,3.2,300.2,8.3,0,25.8,63,1,6.0,,0,0,1,35.738095238095234
28,1,2.1,196.0,7.1,2,30.0,92,1,11.4,,1,0,0,27.222222222222225
27,0,0.0,0.0,6.6,2,19.6,86,1,9.0,,4,0,1,0.0
42,1,2.4,228.5,7.5,2,26.7,52,1,13.3,,3,0,0,30.065789473684212
38,0,1.8,173.5,7.5,2,18.6,67,1,5.0,,0,0,0,22.828947368421055
19,1,4.6,433.9,5.4,1,23.9,67,2,2.0,Mild,2,1,0,78.89090909090909
29,0,0.0,0.0,6.7,2,26.4,62,1,2.1,,1,0,0,0.0
45,1,1.3,119.2,7.0,2,31.1,82,1,2.8,Mild,4,1,1,16.7887323943662
39,1,0.7,69.6,7.1,2,24.3,61,1,12.1,,0,0,0,9.666666666666666
41,1,3.7,350.0,5.4,1,19.3,69,2,8.6,Mild,2,0,0,63.63636363636363
39,1,2.8,267.8,6.9,2,24.1,68,1,8.2,,3,0,0,38.25714285714286
54,0,3.6,344.0,6.0,2,24.8,50,1,1.8,Mild,1,1,0,56.39344262295082
37,1,0.8,78.7,7.4,2,33.8,78,1,2.7,Mild,4,0,0,10.493333333333334
30,0,1.1,100.2,7.9,2,33.1,86,1,3.1,Mild,0,0,0,12.525
24,1,2.6,245.8,5.6,1,26.8,63,2,11.3,Mild,3,0,0,43.12280701754387
37,0,5.1,484.7,5.8,1,21.7,77,2,10.4,Mild,0,0,0,82.15254237288136
18,0,3.3,315.0,6.7,2,24.6,73,1,8.8,,2,0,1,46.32352941176471
32,2,1.2,112.5,7.7,2,19.3,78,1,1.5,,3,0,1,14.423076923076923
32,2,2.8,268.6,5.9,1,20.6,86,2,2.3,Mild,0,0,1,44.76666666666667
18,0,3.4,322.4,6.5,2,28.6,70,1,3.9,,1,0,1,48.848484848484844
23,0,0.5,43.8,8.9,0,27.5,57,1,12.5,,1,1,0,4.866666666666666
44,1,2.1,201.2,7.7,2,26.2,93,1,10.8,,4,1,1,25.794871794871796
37,0,2.2,211.8,6.4,2,22.0,70,1,13.7,,1,0,0,32.58461538461539
36,0,5.2,493.4,8.5,0,17.1,62,1,0.5,,1,1,1,57.372093023255815
38,1,2.6,251.2,7.2,2,23.6,67,1,12.3,,4,0,0,34.41095890410959
36,0,5.0,474.6,8.3,0,19.8,71,1,0.4,,3,1,1,56.5
49,1,1.4,130.9,8.1,0,20.4,59,1,10.0,,0,0,0,15.963414634146343
36,0,3.3,315.6,9.9,0,26.5,62,1,9.7,,3,0,0,31.560000000000002
18,1,0.4,39.9,8.7,0,33.6,80,1,4.0,Mild,0,0,1,4.534090909090909
54,0,3.4,325.2,5.9,1,23.6,74,2,11.2,Moderate,1,0,0,54.199999999999996
39,0,1.9,182.4,7.7,2,24.8,78,1,6.3,,2,1,0,23.384615384615387
27,0,2.0,191.2,5.6,1,19.9,77,2,9.5,Mild,4,0,1,33.54385964912281
19,0,3.6,339.1,7.6,2,20.6,61,1,9.5,,3,0,1,44.03896103896105
39,0,3.7,353.4,8.5,0,23.5,71,1,13.2,,0,0,0,41.093023255813954
33,1,3.0,281.0,5.6,1,15.0,85,2,10.1,Mild,2,0,0,49.298245614035096
53,1,5.2,495.1,7.1,2,19.9,73,1,10.1,Mild,0,0,0,68.7638888888889
30,1,2.6,247.3,7.4,2,26.3,80,1,8.9,,4,1,0,32.973333333333336
24,1,3.0,284.1,7.4,2,30.7,77,1,1.5,Mild,3,0,0,37.88
45,1,2.9,275.2,5.1,1,25.7,62,2,4.5,Mild,4,0,0,52.92307692307693
46,0,3.6,337.4,5.9,1,21.1,82,2,6.9,Mild,3,1,0,56.23333333333333
37,0,2.5,240.9,7.0,2,19.0,85,1,3.8,,4,0,0,33.929577464788736
43,0,1.0,91.8,6.4,2,23.0,71,1,2.5,,3,0,1,14.123076923076923
34,1,3.1,291.5,5.4,1,23.3,81,2,7.7,Mild,1,0,1,53.0
37,1,0.2,18.7,8.1,0,20.8,71,1,12.5,,3,0,0,2.280487804878049
48,0,3.8,359.6,5.7,1,27.2,72,2,9.5,Mild,1,1,0,62.00000000000001
42,1,4.3,404.6,6.3,2,18.7,68,1,10.4,,2,1,0,63.21875000000001
32,1,1.8,168.3,9.4,0,21.2,60,1,2.1,,3,0,1,17.71578947368421
51,1,1.7,163.5,8.0,2,22.5,64,1,12.0,Mild,0,0,1,20.185185185185187
18,1,0.0,0.0,7.1,2,32.8,59,1,1.7,Mild,3,0,0,0.0
59,1,2.4,229.8,7.1,2,27.6,83,1,4.2,Mild,3,0,0,31.91666666666667
18,1,3.1,292.1,6.9,2,25.8,71,1,13.2,,2,0,0,41.728571428571435
27,1,3.0,284.9,4.8,3,27.1,83,0,13.8,Mild,0,0,1,58.142857142857146
34,0,2.9,275.9,7.0,2,24.9,50,1,1.3,,1,1,0,38.859154929577464
33,1,2.1,199.8,8.1,0,25.1,60,1,2.4,,3,0,0,24.36585365853659
47,1,3.9,367.3,6.3,2,23.2,66,1,5.4,,3,0,0,57.39062500000001
22,0,1.1,99.8,7.7,2,28.9,79,1,10.7,,0,0,1,12.794871794871796
38,0,1.1,103.4,7.5,2,24.6,72,1,2.2,,2,0,0,13.605263157894738
28,1,0.5,45.2,7.7,2,22.1,70,1,2.3,,0,0,1,5.794871794871796
38,0,1.5,143.9,5.5,1,27.9,54,2,8.2,Mild,0,0,1,25.696428571428573
34,1,0.8,74.4,7.4,2,23.2,78,1,8.9,,4,0,0,9.92
36,1,0.0,0.0,9.1,0,23.9,69,1,1.3,,1,0,0,0.0
28,2,1.4,134.6,6.8,2,23.2,89,1,6.1,,2,0,1,19.507246376811594
28,0,3.7,353.2,6.1,2,30.4,50,1,11.0,Mild,3,0,0,56.96774193548388
38,1,2.9,278.8,7.6,2,23.5,70,1,5.1,,2,0,1,36.20779220779221
46,0,3.4,327.1,7.6,2,25.0,60,1,3.6,,2,1,1,42.48051948051949
27,0,3.3,312.7,8.0,2,15.0,60,1,1.7,,0,0,0,38.60493827160494
24,1,2.0,191.5,6.6,2,23.5,64,1,7.0,,3,0,0,28.58208955223881
42,1,2.2,204.9,7.3,2,24.7,86,1,14.1,,3,0,0,27.689189189189193
34,1,1.4,135.2,9.1,0,29.8,71,1,9.2,,4,0,0,14.695652173913043
44,0,2.9,272.8,5.6,1,26.6,68,2,1.0,Mild,3,0,0,47.85964912280703
24,1,6.8,644.9,4.3,3,23.8,70,0,3.9,Mild,4,0,0,146.56818181818184
18,0,0.5,51.7,7.9,2,23.2,73,1,11.1,,0,0,0,6.4625
28,1,4.0,379.7,6.9,2,15.0,67,1,11.4,,1,1,0,54.24285714285714
25,1,1.7,161.5,6.3,2,21.4,73,1,5.6,,2,1,0,25.234375000000004
34,0,4.7,444.6,5.5,1,24.3,74,2,1.0,Mild,2,0,0,79.39285714285715
27,0,3.1,289.9,6.5,2,15.7,70,1,8.1,,3,0,0,43.92424242424242
43,1,1.6,155.8,8.0,2,25.3,74,1,11.0,,3,1,0,19.23456790123457
31,1,2.1,203.9,7.8,2,29.2,63,1,5.0,,2,0,1,25.810126582278482
36,0,3.6,339.6,6.7,2,29.4,69,1,11.8,,1,0,0,49.94117647058824
36,1,5.0,478.3,5.7,1,21.0,59,2,4.9,Mild,1,0,0,82.46551724137932
37,1,3.7,352.4,3.4,3,30.3,54,0,2.5,Moderate,1,1,0,100.68571428571428
34,0,1.8,174.2,7.3,2,23.4,84,1,12.0,,3,0,0,23.54054054054054
41,0,3.2,307.0,7.3,2,20.3,79,1,2.0,,3,0,0,41.48648648648649
25,1,4.9,465.1,6.1,2,22.3,85,1,3.7,,1,0,0,75.01612903225808
51,0,3.2,303.8,9.3,0,24.2,81,1,12.8,Mild,2,0,1,32.319148936170215
32,0,2.3,219.1,5.8,1,15.1,64,2,7.8,Mild,4,0,0,37.13559322033898
19,1,0.4,36.1,8.7,0,28.2,50,1,2.3,,2,0,0,4.1022727272727275
37,0,4.3,412.7,7.3,2,16.3,64,1,9.2,,4,0,0,55.770270270270274
24,1,2.3,219.1,6.4,2,23.2,75,1,8.8,,1,0,0,33.707692307692305
42,1,1.4,136.6,4.9,3,28.2,71,0,8.3,Mild,3,1,0,27.32
61,1,3.6,341.9,8.1,0,23.9,72,1,5.1,Mild,1,1,1,41.69512195121951
25,1,3.7,347.5,6.5,2,26.1,68,1,6.1,,0,0,1,52.651515151515156
38,0,1.1,106.0,9.0,0,29.1,58,1,11.4,,3,0,0,11.64835164835165
18,1,1.4,130.0,6.9,2,27.3,87,1,13.9,,4,1,0,18.571428571428573
40,0,3.3,317.7,8.2,0,25.1,77,1,8.7,,3,0,0,38.277108433734945
24,1,4.3,409.8,4.6,3,35.1,77,0,14.0,Moderate,1,0,0,87.19148936170214
27,1,2.0,190.5,5.1,1,18.3,55,2,2.6,Mild,4,0,0,36.63461538461539
21,0,2.2,208.0,6.2,2,25.6,69,1,4.4,,0,0,0,33.01587301587302
43,0,1.5,139.1,4.2,3,26.3,76,0,12.5,Mild,2,0,1,32.348837209302324
47,0,4.3,413.0,6.7,2,16.9,91,1,14.4,,0,0,1,60.73529411764706
35,0,3.5,331.1,5.6,1,21.6,82,2,13.4,Mild,2,0,0,58.087719298245624
24,1,0.8,78.6,7.8,2,19.8,67,1,7.4,,3,0,0,9.949367088607595
54,0,5.0,474.2,3.9,3,24.2,79,0,12.2,Moderate,1,0,0,118.55
25,1,7.7,729.2,7.2,2,22.5,77,1,3.0,,1,0,0,99.89041095890411
18,0,0.0,0.0,7.1,2,31.8,78,1,4.8,Mild,2,0,0,0.0
40,0,3.0,287.2,7.6,2,28.4,68,1,15.0,,1,1,0,37.2987012987013
21,1,0.2,17.1,6.8,2,25.2,71,1,2.7,,3,1,1,2.4782608695652177
46,1,2.1,195.2,4.7,3,23.8,62,0,3.6,Mild,0,0,0,40.666666666666664
30,0,0.3,28.5,8.5,0,15.1,66,1,10.8,,3,0,0,3.313953488372093
42,0,4.7,447.0,7.2,2,17.1,84,1,10.0,,3,0,1,61.23287671232877
51,1,1.9,185.1,7.9,2,25.7,73,1,10.8,Mild,0,1,0,23.1375
20,0,4.0,381.5,6.5,2,24.8,57,1,14.3,,4,1,0,57.803030303030305
28,0,2.8,262.0,8.8,0,16.9,66,1,1.8,,4,0,1,29.43820224719101
34,1,5.1,480.3,9.3,0,26.5,79,1,8.7,,2,1,0,51.09574468085106
53,1,0.7,65.0,8.5,0,22.3,52,1,3.9,Mild,2,0,0,7.558139534883721
27,0,0.0,0.0,5.3,1,19.6,77,2,5.9,Mild,4,0,0,0.0
27,1,1.6,155.0,7.1,2,24.9,81,1,4.9,,4,0,0,21.52777777777778
40,1,1.9,184.2,5.9,1,26.3,74,2,14.0,Mild,3,0,0,30.7
28,0,0.1,10.5,5.4,1,21.3,63,2,14.2,Mild,1,0,0,1.9090909090909092
36,0,3.1,298.7,6.4,2,26.5,55,1,7.5,,2,0,0,45.95384615384615
18,0,3.1,291.9,7.9,2,20.9,60,1,10.9,,1,0,1,36.4875
61,1,4.5,427.5,5.8,1,21.9,88,2,3.2,Moderate,0,0,0,72.45762711864407
18,0,4.1,385.0,5.7,1,15.0,70,2,5.1,Mild,4,0,0,66.37931034482759
31,0,1.8,166.4,6.4,2,25.3,83,1,9.9,,3,0,1,25.6
34,1,0.8,72.6,9.4,0,17.4,67,1,10.1,,0,0,0,7.6421052631578945
57,0,0.0,0.0,7.6,2,20.0,62,1,13.6,Mild,2,0,1,0.0
19,0,2.2,209.4,5.8,1,21.9,70,2,11.3,Mild,3,0,0,35.49152542372882
58,0,2.2,206.9,8.8,0,28.4,83,1,12.6,Mild,0,0,0,23.247191011235955
44,0,3.1,292.4,6.7,2,21.8,77,1,12.4,,0,0,0,43.0
40,1,0.1,5.1,6.0,1,28.7,59,2,4.1,Mild,1,0,1,0.8360655737704918
23,0,2.7,257.5,6.0,2,18.0,64,1,12.2,,4,0,1,42.21311475409836
41,0,3.3,312.7,5.5,1,26.0,57,2,3.1,Mild,3,1,0,55.839285714285715
26,0,1.5,145.1,6.6,2,27.4,83,1,0.2,,3,0,0,21.65671641791045
50,2,3.3,317.8,6.4,2,23.7,73,1,9.2,,3,0,0,48.892307692307696
23,1,2.1,203.2,6.9,2,28.3,73,1,5.5,,0,0,0,29.02857142857143
33,1,4.3,406.4,5.7,1,22.7,76,2,10.1,Mild,4,1,0,70.06896551724138
28,1,4.7,441.8,7.0,2,24.3,71,1,3.3,,3,0,1,62.22535211267606
23,0,2.5,241.4,8.5,0,15.0,64,1,3.8,,0,0,1,28.069767441860467
43,1,3.8,360.0,5.7,1,22.0,52,2,13.5,Mild,4,0,0,62.06896551724138
41,0,0.5,44.9,8.5,0,19.5,72,1,10.0,,0,0,0,5.22093023255814
49,1,1.8,169.8,7.0,2,27.7,92,1,1.3,,3,0,0,23.915492957746483
18,1,3.1,289.8,6.4,2,27.3,61,1,5.3,,1,0,0,44.58461538461539
47,1,1.8,173.8,7.6,2,28.7,52,1,9.8,,3,0,0,22.571428571428577
65,0,2.1,198.0,7.3,2,15.0,68,1,10.7,Mild,2,0,0,26.756756756756758
29,0,1.0,98.7,7.6,2,24.7,74,1,7.5,,2,0,1,12.81818181818182
57,0,5.1,484.4,5.4,1,25.3,62,2,3.8,Moderate,1,0,0,88.07272727272726
31,0,1.1,101.3,5.6,1,16.5,64,2,10.0,Mild,3,0,0,17.771929824561404
18,1,3.7,347.4,3.9,3,18.2,59,0,1.3,Mild,3,0,0,86.85
31,1,1.7,165.5,7.2,2,32.6,71,1,11.9,Mild,4,1,0,22.67123287671233
47,2,3.4,326.0,5.4,1,27.0,75,2,11.3,Mild,2,0,0,59.27272727272727
24,0,1.6,147.9,6.1,2,22.6,67,1,4.3,,1,0,0,23.854838709677423
27,1,2.0,187.1,6.6,2,28.4,61,1,0.9,,4,0,1,27.92537313432836
42,0,3.1,295.0,5.1,1,19.2,77,2,1.3,Mild,0,0,0,56.73076923076924
35,1,3.4,324.0,8.2,0,25.1,79,1,6.4,,0,0,0,39.036144578313255
42,1,3.8,362.7,6.1,2,26.9,69,1,2.8,,4,1,0,58.50000000000001
37,1,2.5,241.6,7.3,2,18.3,74,1,6.5,,1,0,0,32.64864864864865
40,0,4.1,390.7,7.4,2,20.3,80,1,0.9,,4,0,0,52.093333333333334
29,1,2.8,270.6,4.4,3,23.9,63,0,6.6,Mild,1,0,0,60.13333333333334
37,1,2.3,216.1,6.2,2,28.7,56,1,13.5,,3,0,0,34.301587301587304
23,1,3.8,358.0,7.5,2,30.6,79,1,10.2,Mild,0,0,0,47.10526315789474
50,1,2.7,252.8,5.4,1,30.4,90,2,1.0,Moderate,0,1,0,45.96363636363637
27,0,2.9,271.4,7.0,2,27.0,51,1,1.3,,4,0,0,38.225352112676056
48,1,1.0,96.8,5.8,1,24.2,86,2,7.6,Mild,2,1,1,16.40677966101695
32,1,1.5,145.9,7.3,2,35.3,70,1,4.0,Mild,4,0,0,19.716216216216218
37,0,3.1,295.6,5.9,1,25.0,81,2,6.6,Mild,3,0,0,49.26666666666667
29,1,1.2,111.7,6.9,2,26.3,57,1,11.5,,4,0,1,15.957142857142857
22,1,2.5,241.6,8.2,0,28.8,65,1,5.9,,1,0,0,29.108433734939762
18,1,0.0,0.0,7.9,2,20.3,79,1,4.5,,3,0,1,0.0
22,0,5.4,509.0,5.3,1,28.1,82,2,13.4,Mild,0,0,1,94.25925925925927
31,0,3.5,333.6,7.1,2,20.6,68,1,10.7,,1,0,1,46.33333333333334
37,1,1.8,173.5,7.2,2,27.9,69,1,9.5,,4,0,1,23.767123287671232
47,0,4.8,452.3,7.7,2,28.3,67,1,1.1,,2,0,1,57.98717948717949
29,0,1.2,110.4,6.9,2,26.6,57,1,7.5,,2,0,1,15.771428571428572
24,0,1.7,157.5,6.8,2,24.9,72,1,13.4,,1,0,0,22.826086956521742
18,1,3.3,309.8,7.5,2,29.9,70,1,12.3,,4,0,1,40.76315789473684
40,1,3.9,370.2,7.4,2,18.1,67,1,1.0,,2,0,0,49.36
51,0,1.6,155.9,10.0,0,22.0,57,1,11.3,Mild,1,0,0,15.435643564356436
50,0,3.2,302.9,8.4,0,20.6,69,1,13.1,,2,0,0,35.63529411764706
43,0,3.0,285.5,6.6,2,23.3,73,1,3.7,,1,0,0,42.61194029850747
42,1,2.5,233.9,6.5,2,23.4,77,1,7.8,,1,1,0,35.439393939393945
55,1,1.7,160.2,5.9,1,23.3,72,2,13.3,Moderate,4,0,1,26.7
38,0,3.8,357.5,4.7,3,34.1,56,0,13.2,Moderate,2,0,0,74.47916666666667
42,0,0.0,0.0,7.1,2,21.9,67,1,6.2,,1,0,0,0.0
31,1,2.7,257.3,4.0,3,23.5,80,0,7.6,Mild,0,0,0,62.75609756097562
18,1,1.5,140.1,9.2,0,31.7,65,1,1.6,Mild,1,1,0,15.06451612903226
26,1,2.3,220.2,5.7,1,27.5,51,2,8.0,Mild,1,0,0,37.96551724137931
34,0,1.5,138.6,8.3,0,25.6,65,1,12.9,,3,0,0,16.5
35,0,0.7,65.5,6.8,2,29.9,64,1,2.6,,1,0,0,9.492753623188406
58,0,1.5,145.5,7.5,2,20.0,81,1,6.9,Mild,4,1,0,19.144736842105264
35,0,1.7,158.5,5.2,1,28.9,77,2,9.6,Mild,4,0,0,29.90566037735849
49,1,2.2,204.5,7.4,2,29.7,90,1,0.7,,1,1,0,27.266666666666666
29,0,2.5,235.8,6.8,2,30.4,74,1,0.5,Mild,4,0,0,34.173913043478265
31,2,3.4,326.8,8.8,0,26.4,97,1,12.7,,1,0,0,36.71910112359551
19,0,4.7,448.7,4.8,3,22.4,93,0,14.5,Mild,4,0,0,91.57142857142858
26,0,2.6,247.2,5.0,1,28.8,77,2,11.4,Mild,0,0,0,48.470588235294116
41,1,0.9,88.7,5.6,1,19.1,79,2,14.4,Mild,1,1,0,15.561403508771932
35,0,3.7,348.0,4.0,3,27.0,81,0,2.3,Mild,1,0,0,84.87804878048782
46,0,2.9,275.3,5.6,1,26.0,78,2,13.1,Mild,0,0,1,48.298245614035096
37,0,1.0,95.4,5.7,1,25.3,61,2,13.6,Mild,4,0,1,16.448275862068968
30,1,2.6,248.3,6.6,2,23.8,69,1,4.4,,4,0,0,37.05970149253732
60,0,3.5,333.8,6.5,2,30.4,69,1,9.7,Moderate,2,0,0,50.57575757575758
33,1,1.2,117.0,5.0,1,26.3,81,2,4.6,Mild,0,1,1,22.941176470588236
48,1,1.7,157.1,8.2,0,27.7,76,1,1.6,,0,0,0,18.927710843373497
30,1,2.6,248.3,7.3,2,24.4,73,1,12.2,,3,0,1,33.554054054054056
43,0,2.1,196.1,7.8,2,28.7,58,1,13.6,,4,1,0,24.822784810126585
46,1,0.2,17.0,8.4,0,22.7,64,1,1.7,,1,1,0,2.0
37,1,6.0,571.7,4.9,3,19.4,67,0,9.7,Mild,0,0,1,114.34
18,0,1.6,151.6,6.1,2,22.0,91,1,14.6,,3,0,0,24.451612903225808
35,0,1.4,137.7,7.3,2,21.6,68,1,4.1,,4,0,1,18.60810810810811
49,0,1.9,183.7,8.3,0,15.0,62,1,11.3,,1,0,0,21.869047619047617
41,1,2.3,221.6,7.0,2,24.1,72,1,6.2,,3,0,0,31.211267605633804
40,0,3.0,281.8,6.6,2,18.6,74,1,1.0,,0,0,0,42.05970149253732
18,1,0.9,83.6,6.1,2,22.9,69,1,10.5,,1,1,0,13.483870967741936
26,1,4.4,415.1,4.8,3,24.2,86,0,3.7,Mild,1,0,1,84.71428571428572
39,1,0.3,33.2,8.4,0,21.3,82,1,8.9,,2,0,1,3.905882352941177
39,0,1.8,172.4,6.3,2,24.7,64,1,1.1,,3,0,1,26.937500000000004
49,1,3.6,344.9,6.5,2,23.3,64,1,1.8,,1,1,0,52.25757575757576
33,1,3.5,336.1,8.5,0,20.0,57,1,0.1,,0,0,1,39.08139534883721
39,1,0.0,0.0,6.6,2,21.1,106,1,3.3,,1,0,0,0.0
35,0,2.4,227.2,6.8,2,26.7,64,1,2.0,,2,0,1,32.92753623188406
23,0,2.6,243.7,6.1,2,25.9,71,1,4.4,,2,0,0,39.30645161290323
18,0,2.8,269.5,5.0,1,34.0,66,2,3.1,Moderate,1,0,1,52.84313725490196
40,1,1.6,150.0,7.2,2,21.2,58,1,4.0,,4,0,0,20.547945205479454
37,1,2.1,200.0,4.4,3,23.1,84,0,1.9,Mild,1,0,1,44.44444444444444
27,1,3.3,309.8,8.3,0,21.1,76,1,2.7,,2,0,0,36.88095238095238
18,0,3.6,342.6,4.0,3,19.8,69,0,4.2,Mild,2,0,0,83.56097560975611
42,1,0.3,31.6,6.7,2,21.1,51,1,6.5,,0,1,0,4.647058823529412
31,1,3.2,302.6,5.9,1,20.6,70,2,3.9,Mild,0,0,0,50.43333333333334
41,0,3.0,286.2,7.9,2,24.7,76,1,2.8,,4,0,0,35.775
57,1,3.8,356.8,5.6,1,21.5,61,2,9.5,Moderate,0,0,0,62.596491228070185
18,1,1.2,113.2,4.9,3,22.0,79,0,5.4,Mild,1,0,0,22.64
26,1,3.2,299.6,5.0,3,21.5,83,0,9.1,Mild,1,1,1,58.7450980392157
32,1,0.0,0.0,4.5,3,21.4,74,0,6.0,Mild,2,0,1,0.0
52,0,1.9,184.1,7.8,2,23.1,61,1,6.2,Mild,1,1,0,23.303797468354432
18,0,2.0,190.9,8.9,0,33.3,64,1,5.6,Mild,2,0,0,21.211111111111112
58,1,2.6,248.7,8.1,0,25.7,76,1,12.8,Mild,1,0,0,30.32926829268293
36,1,3.6,340.7,6.6,2,26.6,83,1,5.8,,1,0,0,50.85074626865672
33,0,0.9,81.4,7.3,2,16.2,65,1,9.0,,1,0,0,11.000000000000002
32,0,4.3,408.6,6.0,1,24.0,71,2,7.0,Mild,1,0,0,66.98360655737706
29,1,0.0,0.0,6.4,2,21.1,63,1,8.9,,0,1,0,0.0
47,0,0.0,0.0,7.6,2,25.3,66,1,2.9,,0,0,1,0.0
22,1,3.9,371.5,4.9,3,27.7,84,0,1.8,Mild,2,0,0,74.3
39,0,2.7,252.3,7.3,2,24.3,71,1,8.9,,3,0,1,34.0945945945946
30,0,5.1,480.7,6.2,2,23.4,62,1,14.7,,1,0,1,76.3015873015873
25,0,3.6,346.7,7.3,2,23.6,58,1,3.9,,2,1,1,46.851351351351354
66,0,2.5,239.3,7.3,2,22.9,68,1,0.0,Mild,2,0,1,32.33783783783784
40,1,1.8,167.4,5.3,1,15.6,85,2,13.7,Mild,1,0,0,31.000000000000004
42,0,1.6,148.1,7.7,2,23.0,60,1,2.0,,1,0,1,18.987179487179485
48,0,3.1,289.8,8.4,0,19.9,77,1,13.0,,2,1,1,34.09411764705882
18,0,1.6,154.6,7.7,2,15.0,77,1,7.7,,2,0,0,19.82051282051282
56,1,2.9,273.1,5.5,1,24.8,58,2,2.7,Moderate,0,1,0,48.76785714285715
18,0,1.5,141.2,7.9,2,17.5,61,1,3.0,,0,0,1,17.65
25,0,2.8,266.4,7.2,2,24.4,65,1,7.9,,1,0,0,36.49315068493151
29,1,4.8,456.9,4.1,3,21.1,78,0,11.9,Mild,2,1,1,108.78571428571429
41,1,3.3,316.5,6.3,2,18.7,51,1,12.2,,1,1,0,49.45312500000001
37,1,1.8,170.7,7.7,2,26.9,83,1,3.6,,4,0,1,21.884615384615383
32,0,3.0,287.5,6.5,2,26.3,61,1,10.7,,1,0,1,43.56060606060606
34,0,2.9,276.9,7.2,2,26.0,66,1,7.2,,1,0,1,37.93150684931506
23,0,2.8,267.0,5.9,1,22.0,50,2,9.3,Mild,2,0,0,44.5
18,1,3.1,292.2,6.9,2,19.7,65,1,1.9,,2,0,0,41.74285714285714
43,0,3.9,366.8,7.9,2,21.6,88,1,6.5,,0,0,1,45.85
43,0,4.1,390.7,7.0,2,23.3,62,1,1.8,,3,0,1,55.02816901408451
54,1,2.5,237.8,7.0,2,18.5,85,1,7.5,Mild,1,0,0,33.49295774647888
25,1,0.4,41.1,7.1,2,25.6,53,1,0.9,,0,0,0,5.708333333333334
43,1,2.6,249.6,6.5,2,30.0,62,1,2.0,,4,0,0,37.81818181818182
31,0,2.3,215.0,5.8,1,22.5,71,2,4.9,Mild,1,0,1,36.440677966101696
49,1,3.3,316.0,6.1,2,23.9,74,1,7.7,,3,0,0,50.96774193548388
47,1,0.7,65.0,7.1,2,31.5,73,1,1.7,Mild,4,0,1,9.027777777777779
37,1,3.3,308.8,4.1,3,26.7,57,0,13.2,Mild,1,1,0,73.52380952380953
30,0,2.7,255.7,8.1,0,25.1,86,1,4.2,,2,0,0,31.182926829268293
46,1,1.0,98.7,6.2,2,21.7,68,1,8.8,,3,0,0,15.666666666666668
42,1,0.0,0.0,5.6,1,28.1,78,2,2.1,Mild,2,1,1,0.0
26,1,3.8,361.4,8.8,0,24.3,64,1,11.1,,4,0,0,40.6067415730337
19,1,1.0,96.6,7.1,2,25.0,73,1,8.1,,0,0,0,13.416666666666668
31,1,0.3,26.6,8.3,0,15.0,66,1,14.0,,2,0,0,3.1666666666666665
53,0,1.7,157.0,6.0,1,28.2,81,2,10.3,Moderate,3,0,1,25.73770491803279
48,0,4.3,404.4,7.7,2,24.6,78,1,14.7,,2,0,0,51.84615384615385
21,0,2.8,265.3,7.5,2,21.4,74,1,12.2,,0,0,0,34.90789473684211
20,0,3.2,300.9,6.1,2,27.5,71,1,8.0,,1,0,0,48.53225806451613
50,1,2.4,230.7,4.6,3,25.6,54,0,3.4,Mild,0,0,0,49.08510638297873
21,0,3.0,280.5,7.8,2,27.8,86,1,5.1,,4,0,0,35.50632911392405
41,1,2.2,208.4,6.4,2,21.1,93,1,5.6,,1,0,0,32.06153846153846
27,1,1.8,170.4,8.1,0,21.9,73,1,13.7,,2,0,0,20.780487804878053
54,0,1.5,146.2,6.3,2,22.2,63,1,3.9,Mild,2,0,0,22.84375
25,0,2.0,193.8,6.6,2,20.6,68,1,10.8,,0,1,0,28.925373134328364
48,0,6.1,581.4,6.5,2,22.9,85,1,8.8,,1,0,1,88.0909090909091
37,0,3.4,318.8,8.9,0,27.0,68,1,2.6,,0,0,0,35.422222222222224
38,2,1.2,115.3,5.9,1,20.9,85,2,4.0,Mild,1,0,0,19.216666666666665
18,0,0.5,47.9,6.4,2,25.3,74,1,4.3,,0,1,0,7.369230769230769
18,0,2.4,224.6,6.0,1,15.6,61,2,2.7,Mild,3,1,0,36.81967213114754
32,0,0.0,0.0,6.2,2,25.7,80,1,11.8,,3,1,0,0.0
37,1,3.9,366.6,6.4,2,25.7,79,1,4.7,,1,0,1,56.400000000000006
21,1,0.0,0.0,8.3,0,22.1,63,1,8.0,,1,1,0,0.0
21,0,2.0,193.0,6.2,2,21.7,73,1,11.1,,0,0,0,30.634920634920636
41,1,0.0,0.0,9.3,0,27.7,57,1,14.5,,3,0,1,0.0
41,1,3.2,301.3,8.1,0,19.5,71,1,13.7,,0,0,0,36.743902439024396
33,1,1.4,129.5,6.7,2,30.5,76,1,3.2,Mild,2,1,1,19.044117647058822
44,1,3.6,337.9,5.6,1,23.6,65,2,13.4,Mild,1,0,1,59.280701754385966
20,0,0.0,0.0,7.9,2,21.8,77,1,12.7,,3,0,1,0.0
30,0,4.2,398.5,8.2,0,17.1,70,1,0.4,,2,0,0,48.01204819277109
54,0,3.0,287.5,7.8,2,26.6,66,1,13.3,Mild,1,0,1,36.39240506329114
35,0,2.4,232.5,5.8,1,24.3,90,2,8.0,Mild,3,0,0,39.406779661016955
36,0,1.2,117.5,6.6,2,26.5,80,1,2.9,,2,0,0,17.537313432835823
62,0,2.0,193.4,5.0,3,29.5,50,0,14.9,Moderate,0,1,0,37.92156862745098
18,0,3.6,339.7,4.9,3,21.0,84,0,4.7,Mild,0,0,1,67.94
44,1,1.2,118.4,8.0,2,22.3,71,1,2.8,,3,0,1,14.617283950617285
54,1,2.3,221.6,7.4,2,20.0,74,1,2.6,Mild,4,0,0,29.546666666666667
31,1,2.0,194.7,8.7,0,21.0,66,1,7.9,,4,0,0,22.125
45,0,2.8,263.4,5.2,1,28.2,61,2,2.6,Mild,1,1,1,49.698113207547166
23,0,0.4,38.8,8.6,0,27.2,84,1,7.8,,1,1,0,4.459770114942529
26,0,4.7,444.4,7.9,2,24.5,69,1,11.1,,2,1,0,55.55
39,0,3.9,371.0,8.9,0,26.2,67,1,14.2,,2,1,0,41.22222222222222
44,1,0.0,0.0,8.0,0,31.2,55,1,5.5,Mild,0,1,0,0.0
48,1,0.0,0.0,3.9,3,22.5,76,0,14.6,Mild,4,0,0,0.0
53,0,4.6,437.8,7.0,2,27.3,62,1,14.8,Mild,1,0,0,61.66197183098592
34,1,2.6,247.0,4.4,3,26.5,60,0,8.8,Mild,4,0,0,54.888888888888886
49,0,0.0,0.0,4.4,3,20.9,79,0,4.5,Mild,2,0,0,0.0
30,0,1.8,167.0,7.1,2,23.5,50,1,12.8,,4,1,0,23.194444444444446
45,0,2.1,196.2,7.6,2,21.4,58,1,0.8,,0,0,0,25.480519480519483
37,1,3.5,328.6,4.4,3,30.0,78,0,6.6,Moderate,1,0,0,73.02222222222223
40,0,3.9,372.2,3.8,3,19.5,82,0,9.5,Mild,0,1,1,95.43589743589743
40,0,2.7,255.4,6.1,2,15.6,57,1,14.7,,1,0,1,41.19354838709678
18,2,2.2,212.9,7.3,2,17.7,85,1,10.4,,0,0,0,28.770270270270274
21,0,1.8,169.9,6.7,2,21.8,78,1,3.5,,2,0,1,24.98529411764706
36,0,4.6,438.1,5.9,1,25.1,64,2,12.8,Mild,3,0,0,73.01666666666667
18,1,1.9,177.3,5.3,1,18.1,78,2,9.9,Mild,0,0,0,32.833333333333336
44,0,3.3,311.2,6.1,2,25.0,74,1,13.0,,0,0,0,50.193548387096776
45,0,0.9,84.5,8.1,0,25.5,67,1,10.4,,4,0,0,10.30487804878049
38,1,0.6,57.0,7.1,2,22.5,76,1,5.2,,2,0,0,7.916666666666668
21,1,2.8,264.7,7.0,2,23.3,65,1,1.7,,3,0,0,37.28169014084507
51,1,1.9,183.4,8.8,0,26.0,78,1,10.4,Mild,3,0,1,20.60674157303371
59,0,0.4,41.6,9.3,0,25.1,64,1,3.0,Mild,1,0,1,4.425531914893617
36,1,2.0,191.6,9.0,0,24.5,75,1,1.0,,1,0,0,21.054945054945055
41,1,6.2,592.0,9.3,0,16.1,66,1,4.4,,3,0,0,62.97872340425532
37,0,2.4,232.2,5.6,1,21.6,68,2,4.8,Mild,3,1,0,40.73684210526316
41,0,2.1,194.8,5.3,1,19.4,60,2,14.9,Mild,2,0,0,36.07407407407408
33,1,2.1,195.0,7.3,2,26.4,59,1,8.5,,3,0,0,26.351351351351354
34,1,4.3,408.3,6.0,2,22.1,84,1,14.9,,1,1,0,66.9344262295082
45,1,2.3,216.8,6.7,2,29.8,80,1,11.6,,1,1,0,31.882352941176475
63,1,2.9,272.9,4.1,3,28.8,85,0,7.4,Moderate,4,0,0,64.97619047619048
18,1,3.6,339.6,6.9,2,29.4,76,1,4.3,,3,0,0,48.51428571428572
33,0,4.5,423.3,5.8,1,22.5,93,2,3.4,Mild,2,0,0,71.74576271186442
20,0,1.4,133.8,6.3,2,21.4,62,1,3.5,,0,1,1,20.906250000000004
54,0,1.1,100.4,6.7,2,22.6,73,1,12.9,Mild,1,0,1,14.764705882352942
27,1,1.4,135.8,4.9,3,27.8,50,0,5.9,Mild,0,1,1,27.160000000000004
18,0,3.5,330.6,5.7,1,28.7,74,2,6.8,Mild,1,0,1,57.00000000000001
42,0,3.7,346.9,8.2,0,23.0,61,1,9.3,,2,0,0,41.795180722891565
55,1,2.8,265.4,7.0,2,28.5,69,1,0.8,Mild,0,0,0,37.38028169014084
42,1,4.0,377.0,8.1,0,23.1,57,1,7.1,,4,0,0,45.97560975609756
37,0,3.7,347.0,5.0,1,24.8,63,2,0.2,Mild,2,0,1,68.03921568627452
39,0,1.6,148.9,7.1,2,22.2,89,1,11.2,,1,0,0,20.680555555555557
51,1,0.3,23.8,5.7,1,32.0,76,2,0.3,Severe,3,0,0,4.103448275862069
24,0,1.8,174.9,9.3,0,31.5,59,1,10.6,Mild,0,0,0,18.606382978723403
33,0,3.3,314.1,5.2,1,27.2,71,2,3.0,Mild,3,0,0,59.26415094339623
29,0,3.2,307.9,7.7,2,23.0,83,1,12.2,,1,0,0,39.47435897435897
20,1,0.0,0.0,6.5,2,17.1,50,1,4.7,,0,0,0,0.0
31,0,0.0,0.0,8.4,0,24.3,81,1,13.6,,0,0,0,0.0
48,1,3.5,335.9,4.9,3,26.3,70,0,11.1,Mild,0,0,0,67.17999999999999
41,0,3.6,339.4,5.9,1,18.3,98,2,3.2,Mild,2,0,0,56.56666666666666
42,0,3.0,288.7,7.3,2,31.0,63,1,13.3,Mild,2,0,1,39.013513513513516
36,1,3.9,366.5,6.3,2,29.7,79,1,0.3,,2,0,0,57.26562500000001
41,0,2.8,267.5,6.8,2,20.4,51,1,9.3,,2,0,1,38.76811594202899
25,1,0.5,48.1,6.4,2,24.6,68,1,12.6,,1,0,1,7.4
31,0,2.0,193.3,6.5,2,24.9,68,1,1.9,,4,0,0,29.287878787878793
37,1,2.4,226.5,6.3,2,23.8,63,1,0.7,,1,1,0,35.390625
38,0,1.6,156.3,5.9,1,25.0,70,2,13.3,Mild,0,0,1,26.05
38,1,1.6,153.8,9.2,0,21.5,76,1,4.4,,2,0,0,16.537634408602155
33,0,2.4,224.3,8.6,0,23.5,87,1,10.0,,0,0,1,25.781609195402304
30,0,1.3,119.4,8.5,0,24.6,73,1,12.6,,2,1,0,13.88372093023256
72,0,0.0,0.0,7.9,2,21.5,69,1,1.7,Mild,3,0,0,0.0
45,1,2.7,252.8,7.8,2,26.9,73,1,5.7,,3,0,0,32.00000000000001
39,0,4.4,414.9,5.5,1,24.1,77,2,10.9,Mild,2,0,0,74.08928571428571
32,1,0.0,0.0,5.7,1,22.0,70,2,1.2,Mild,3,0,0,0.0
29,0,2.7,261.1,8.1,0,20.4,85,1,11.2,,2,0,0,31.841463414634152
33,0,1.0,93.4,7.4,2,26.5,67,1,13.2,,4,0,0,12.453333333333335
38,0,3.5,334.4,8.0,0,24.4,56,1,11.9,,0,0,0,41.28395061728395
18,0,3.1,291.8,7.1,2,21.0,68,1,3.6,,1,0,0,40.527777777777786
18,1,4.1,387.5,5.5,1,22.7,73,2,12.6,Mild,1,0,0,69.19642857142857
27,0,1.2,117.2,5.5,1,22.6,73,2,10.4,Mild,1,0,0,20.92857142857143
37,1,2.6,246.9,7.3,2,27.4,80,1,11.2,,2,0,0,33.36486486486487
32,0,6.2,592.3,7.1,2,30.1,86,1,11.2,Mild,2,0,0,82.26388888888889
52,0,2.8,266.4,7.3,2,23.4,59,1,6.7,Mild,4,0,0,36.0
18,0,3.6,338.6,5.3,1,25.5,71,2,13.5,Mild,2,0,0,62.70370370370372
25,0,4.6,437.5,6.6,2,26.5,90,1,1.9,,1,0,0,65.29850746268657
53,1,1.2,111.7,7.2,2,19.4,57,1,14.4,Mild,3,0,0,15.301369863013699
36,0,0.0,0.0,6.3,2,24.2,62,1,0.1,,0,0,0,0.0
45,1,0.0,0.0,8.7,0,25.8,73,1,11.5,,2,0,1,0.0
59,0,0.8,72.2,6.8,2,26.1,50,1,2.8,Mild,1,0,0,10.463768115942031
26,0,1.9,177.8,8.6,0,23.0,55,1,1.0,,0,0,1,20.436781609195407
33,1,3.2,308.3,7.1,2,18.8,78,1,7.5,,0,0,0,42.81944444444445
31,1,3.9,373.3,6.3,2,26.0,78,1,7.7,,2,0,0,58.32812500000001
18,1,0.9,84.3,7.1,2,25.0,76,1,10.0,,2,0,1,11.708333333333334
31,2,5.7,543.1,3.7,3,27.3,75,0,8.9,Mild,2,0,0,142.92105263157893
45,1,4.5,422.8,6.4,2,15.6,63,1,0.5,,4,0,1,65.04615384615384
41,0,1.7,165.4,4.0,3,24.1,70,0,3.1,Mild,1,0,0,40.34146341463415
42,0,6.1,576.8,5.5,1,22.7,83,2,10.7,Mild,2,0,0,103.0
30,1,3.4,322.1,7.0,2,22.0,55,1,14.1,,0,0,0,45.3661971830986
27,1,2.4,228.0,6.2,2,19.1,82,1,11.5,,4,0,0,36.19047619047619
50,0,1.1,104.0,8.7,0,20.1,56,1,14.8,,1,0,0,11.81818181818182
29,1,0.8,78.6,7.0,2,24.6,78,1,1.9,,3,0,0,11.070422535211268
38,0,3.9,371.1,7.3,2,21.0,65,1,14.4,,2,0,0,50.14864864864865
36,1,2.6,251.2,6.5,2,20.1,66,1,5.6,,2,1,1,38.06060606060606
52,1,3.1,298.0,7.1,2,23.8,59,1,8.4,Mild,3,0,0,41.38888888888889
46,0,0.8,75.5,6.6,2,20.7,102,1,14.6,,2,0,0,11.268656716417912
19,1,3.3,315.1,7.3,2,23.7,75,1,6.7,,1,0,1,42.58108108108109
20,0,2.6,248.1,8.1,0,23.6,84,1,4.7,,4,0,0,30.25609756097561
41,0,0.9,82.9,7.1,2,24.8,52,1,11.9,,0,0,1,11.513888888888891
34,1,0.4,34.8,8.7,0,20.2,79,1,10.6,,3,1,0,3.9545454545454546
29,1,2.6,243.0,6.4,2,27.4,81,1,0.3,,1,0,1,37.38461538461539
47,1,3.5,335.1,8.1,0,27.0,72,1,7.3,,1,1,0,40.865853658536594
37,1,4.1,388.7,7.4,2,23.8,67,1,13.8,,3,0,0,51.82666666666667
35,0,2.8,270.7,6.4,2,25.3,62,1,8.2,,4,1,0,41.646153846153844
44,0,1.3,122.6,7.7,2,25.7,77,1,9.2,,4,0,0,15.717948717948717
30,1,2.5,240.4,7.5,2,26.2,62,1,7.3,,0,0,0,31.631578947368425
53,1,3.0,288.1,7.7,2,26.0,73,1,8.8,Mild,0,0,0,36.93589743589744
25,1,1.4,128.6,4.3,3,25.8,81,0,4.4,Mild,0,0,0,29.22727272727273
42,1,1.8,170.3,5.5,1,25.1,86,2,3.0,Mild,4,0,0,30.41071428571429
52,0,2.5,241.6,6.3,2,25.5,76,1,5.9,Mild,2,0,0,37.75
18,0,2.8,269.1,6.9,2,15.4,67,1,3.5,,2,0,1,38.44285714285714
30,0,0.6,58.2,7.7,2,19.5,76,1,13.7,,2,0,1,7.461538461538462
48,1,1.7,158.9,6.3,2,26.2,78,1,2.2,,3,1,1,24.828125000000004
48,0,2.7,257.5,7.6,2,19.7,56,1,3.6,,3,0,0,33.44155844155844
32,1,3.2,308.3,4.0,3,24.0,69,0,11.8,Mild,3,0,0,75.19512195121952
26,0,2.7,257.4,5.0,3,20.7,64,0,1.5,Mild,3,0,0,50.470588235294116
46,1,2.9,279.1,6.0,1,24.9,78,2,12.0,Mild,4,0,0,45.754098360655746
49,0,2.9,274.0,9.1,0,15.0,50,1,8.7,,3,0,1,29.782608695652176
21,0,1.3,120.4,7.9,2,25.1,68,1,6.9,,0,0,1,15.05
20,1,4.6,433.9,5.9,1,23.4,77,2,13.1,Mild,3,0,0,72.31666666666666
37,0,1.9,182.7,8.7,0,20.1,58,1,6.0,,1,0,0,20.761363636363637
42,0,1.4,129.9,5.6,1,27.6,70,2,4.1,Mild,2,0,0,22.78947368421053
31,1,0.3,29.7,6.1,2,30.7,73,1,8.1,Mild,1,0,0,4.790322580645162
43,1,1.7,163.9,7.1,2,15.4,50,1,8.4,,1,0,0,22.763888888888893
26,0,1.5,138.5,6.9,2,21.3,70,1,1.8,,0,0,0,19.785714285714285
18,0,1.9,183.8,7.2,2,17.9,63,1,11.8,,4,0,0,25.178082191780824
29,0,3.0,282.9,6.1,2,16.9,62,1,5.6,,0,1,1,45.62903225806452
35,0,4.3,407.0,7.2,2,24.4,82,1,1.9,,4,0,0,55.75342465753425
31,0,3.7,353.4,6.6,2,19.7,93,1,1.5,,0,0,0,52.74626865671642
21,0,0.0,0.0,8.5,0,19.7,77,1,8.5,,4,0,1,0.0
18,0,4.0,381.2,7.4,2,20.9,78,1,5.6,,3,0,0,50.82666666666667
28,1,3.3,311.8,5.7,1,23.7,54,2,4.8,Mild,0,0,0,53.758620689655174
45,0,5.2,494.2,4.8,3,28.4,67,0,6.9,Mild,1,0,0,100.85714285714286
50,1,1.5,146.6,8.1,0,25.3,73,1,11.9,,0,0,0,17.878048780487806
49,1,1.0,93.9,5.5,1,25.2,62,2,2.6,Mild,1,0,0,16.767857142857146
25,0,3.8,360.7,7.7,2,20.6,96,1,1.8,,4,0,1,46.243589743589745
21,1,3.6,344.9,6.1,2,27.5,70,1,13.1,,3,0,1,55.62903225806452
40,1,1.5,141.1,7.5,2,28.3,85,1,12.2,,3,0,1,18.565789473684212
42,1,2.1,201.3,5.9,1,27.5,76,2,2.5,Mild,3,0,0,33.550000000000004
39,0,3.2,305.7,7.1,2,21.0,76,1,8.4,,1,1,0,42.458333333333336
18,0,3.0,287.2,7.9,2,27.2,75,1,8.2,,2,1,0,35.9
24,0,2.4,232.3,6.1,2,28.8,90,1,11.6,,2,0,0,37.46774193548388
34,0,2.6,250.7,5.5,1,27.3,69,2,4.9,Mild,0,0,0,44.767857142857146
40,1,1.3,120.9,5.9,1,23.3,59,2,1.0,Mild,2,1,0,20.150000000000002
44,1,2.2,208.7,3.9,3,20.6,69,0,2.8,Mild,2,0,0,52.175
36,1,0.4,40.1,5.9,1,24.7,59,2,3.2,Mild,2,0,1,6.683333333333334
38,1,2.5,236.7,8.1,0,22.0,61,1,7.0,,2,1,0,28.865853658536587
36,1,0.4,42.3,4.9,3,15.0,65,0,7.6,Mild,1,0,1,8.459999999999999
43,1,0.8,80.3,6.2,2,21.4,63,1,3.1,,3,0,0,12.746031746031745
38,1,7.3,691.6,6.1,2,25.0,50,1,4.8,,4,0,0,111.5483870967742
35,0,0.0,0.0,7.1,2,25.7,69,1,11.8,,1,0,0,0.0
31,0,4.0,376.4,5.4,1,30.1,78,2,0.7,Moderate,2,0,1,68.43636363636364
35,0,2.9,276.3,8.1,0,29.5,68,1,11.1,,2,0,1,33.69512195121952
40,0,3.0,280.3,7.5,2,25.9,88,1,14.7,,1,1,0,36.881578947368425
38,1,0.9,85.5,5.7,1,20.7,76,2,11.4,Mild,4,1,0,14.741379310344827
39,0,3.6,341.5,6.3,2,24.4,79,1,14.0,,3,0,0,53.35937500000001
51,1,0.0,0.0,6.3,2,22.3,55,1,3.9,Mild,2,1,0,0.0
38,0,1.8,167.1,7.3,2,15.4,70,1,7.8,,0,0,0,22.58108108108108
27,0,2.5,240.2,8.4,0,34.7,79,1,6.2,Mild,4,0,0,28.258823529411764
45,0,5.0,474.5,6.9,2,19.6,65,1,4.1,,2,0,0,67.78571428571429
18,0,3.5,330.9,8.4,0,16.6,93,1,0.6,,0,0,0,38.92941176470588
22,0,1.9,176.0,6.6,2,16.5,81,1,11.4,,1,0,1,26.26865671641791
39,0,2.1,197.8,4.8,3,23.1,77,0,10.9,Mild,3,0,1,40.36734693877552
41,1,3.4,319.2,5.6,1,28.0,70,2,8.5,Mild,0,0,0,56.00000000000001
20,0,0.7,64.8,7.8,2,21.1,50,1,14.6,,2,0,1,8.202531645569621
30,1,4.2,395.7,6.3,2,26.1,80,1,13.0,,0,0,1,61.828125
27,0,2.4,224.0,6.8,2,25.4,64,1,8.4,,1,0,0,32.46376811594203
29,1,1.2,112.8,6.3,2,22.7,63,1,13.8,,2,1,1,17.625
46,1,0.4,38.7,6.3,2,19.8,66,1,8.4,,4,1,0,6.046875000000001
43,0,0.0,0.0,8.4,0,27.4,56,1,12.6,,0,0,1,0.0
34,1,5.1,487.1,8.5,0,24.6,62,1,7.5,,4,0,0,56.639534883720934
28,0,0.0,0.0,6.4,2,24.0,77,1,12.1,,1,0,0,0.0
18,1,3.2,305.8,5.8,1,29.0,76,2,6.7,Mild,0,0,1,51.83050847457628
52,0,3.2,299.3,7.6,2,25.2,74,1,8.6,Mild,3,0,0,38.87012987012987
42,0,1.8,169.6,8.6,0,20.9,54,1,2.9,,1,1,1,19.49425287356322
26,0,2.3,221.3,8.0,2,28.1,84,1,9.3,,0,0,0,27.32098765432099
43,1,1.9,180.4,9.0,0,29.4,76,1,12.0,,0,0,1,19.824175824175825
34,1,2.8,269.3,8.0,2,25.6,54,1,12.6,,3,0,1,33.24691358024692
31,0,1.9,182.1,7.7,2,23.2,79,1,11.5,,0,0,0,23.346153846153847
40,1,2.1,196.3,8.2,0,30.8,65,1,0.2,Mild,0,1,0,23.65060240963856
26,1,2.4,225.7,7.2,2,30.2,76,1,14.0,Mild,4,0,0,30.91780821917808
30,0,3.4,326.6,6.7,2,25.7,54,1,0.9,,4,0,0,48.029411764705884
36,1,3.4,322.9,7.2,2,18.6,66,1,10.6,,2,0,0,44.23287671232877
29,1,2.3,219.7,7.3,2,21.2,50,1,12.3,,0,0,0,29.68918918918919
43,1,2.1,201.4,5.9,1,33.3,70,2,11.5,Moderate,1,0,1,33.56666666666667
57,1,3.3,317.8,7.2,2,21.4,77,1,11.6,Mild,1,0,0,43.53424657534247
25,0,1.2,115.0,7.0,2,28.7,63,1,3.4,,0,0,0,16.19718309859155
18,1,0.8,71.4,7.5,2,19.7,72,1,1.3,,2,0,0,9.394736842105264
18,0,0.5,46.3,7.0,2,21.2,57,1,7.1,,4,1,1,6.52112676056338
33,1,2.9,271.6,7.1,2,21.9,70,1,9.5,,4,0,0,37.72222222222223
27,1,4.1,393.4,6.8,2,26.2,86,1,12.4,,2,0,1,57.01449275362319
37,0,2.6,247.6,5.3,1,25.1,69,2,5.3,Mild,0,0,0,45.851851851851855
36,1,2.9,275.1,5.7,1,34.8,81,2,12.4,Moderate,2,0,0,47.431034482758626
18,0,1.7,163.5,5.0,3,17.1,77,0,7.5,Mild,1,1,1,32.05882352941177
18,0,2.9,274.6,8.3,0,16.8,80,1,11.8,,0,1,1,32.69047619047619
38,1,2.7,257.0,6.6,2,21.6,55,1,3.4,,0,1,1,38.35820895522389
36,0,3.2,306.3,6.9,2,25.2,79,1,11.5,,2,0,0,43.75714285714286
29,1,0.0,0.0,7.0,2,25.6,84,1,3.2,,2,1,0,0.0
18,1,3.1,298.6,5.3,1,23.6,88,2,1.2,Mild,3,1,0,55.296296296296305
40,1,3.4,327.4,6.3,2,20.0,62,1,11.8,,3,0,0,51.15625
50,0,3.4,324.0,6.5,2,23.4,72,1,11.7,,4,0,1,49.09090909090909
38,1,2.3,220.2,4.5,3,20.2,57,0,1.7,Mild,3,0,0,47.869565217391305
24,0,5.1,487.6,6.8,2,23.9,67,1,6.4,,4,1,0,70.66666666666667
35,0,3.9,371.1,6.8,2,27.6,59,1,0.5,,1,1,0,53.78260869565218
18,1,4.7,444.4,5.9,1,15.1,82,2,10.8,Mild,3,1,0,74.06666666666666
47,1,3.2,302.1,8.3,0,28.4,81,1,11.7,,2,0,0,35.964285714285715
35,0,2.5,237.7,7.1,2,16.5,77,1,10.1,,4,0,1,33.01388888888889
18,0,3.4,321.8,7.6,2,19.5,73,1,7.9,,4,0,1,41.7922077922078
31,1,1.6,148.3,7.2,2,34.2,73,1,2.0,Mild,1,0,1,20.315068493150687
40,0,3.7,355.5,6.9,2,21.6,70,1,14.8,,3,0,0,50.785714285714285
31,1,1.8,172.8,4.1,3,27.9,77,0,3.8,Mild,2,1,0,41.14285714285715
31,0,1.6,153.5,6.1,2,29.6,81,1,12.6,,4,0,1,24.758064516129036
20,0,0.5,49.9,6.8,2,28.0,78,1,1.1,,1,0,0,7.231884057971015
41,0,4.0,380.9,5.1,1,17.3,84,2,2.9,Mild,1,0,1,73.25
27,0,5.5,524.5,5.9,1,22.8,99,2,10.3,Mild,3,0,1,87.41666666666667
18,0,4.6,432.5,7.4,2,20.1,79,1,0.6,,2,0,0,57.666666666666664
30,0,3.9,365.9,6.4,2,25.4,60,1,0.1,,3,0,1,56.29230769230769
46,0,3.9,369.9,4.8,3,21.3,61,0,9.2,Mild,4,0,0,75.48979591836735
30,1,3.8,365.0,7.0,2,28.7,60,1,10.1,,2,0,0,51.40845070422535
55,0,2.3,219.5,4.3,3,26.5,69,0,10.6,Moderate,3,0,0,49.88636363636364
40,1,1.9,183.1,7.4,2,21.7,69,1,13.0,,2,0,1,24.413333333333334
39,1,1.0,98.8,6.2,2,23.7,70,1,4.8,,1,0,0,15.682539682539682
33,1,5.3,502.8,8.5,0,25.6,72,1,1.3,,1,1,0,58.46511627906977
34,1,2.2,208.9,4.9,3,23.6,74,0,6.0,Mild,0,0,1,41.78
31,1,2.7,257.8,6.6,2,20.4,73,1,3.8,,1,0,1,38.477611940298516
31,0,0.8,77.4,5.5,1,22.6,84,2,14.4,Mild,3,1,0,13.821428571428573
41,1,1.3,127.2,6.3,2,21.8,84,1,3.0,,1,0,1,19.875000000000004
23,0,1.0,97.2,9.4,0,15.9,68,1,10.5,,4,0,0,10.23157894736842
22,1,2.0,186.3,6.2,2,27.3,73,1,13.8,,1,0,0,29.571428571428573
21,1,3.5,328.4,5.0,1,21.3,89,2,10.0,Mild,3,0,0,64.3921568627451
59,1,3.2,303.9,7.3,2,21.6,66,1,1.0,Mild,4,0,0,41.067567567567565
41,1,3.4,323.3,6.1,2,26.9,62,1,13.9,,0,0,0,52.14516129032259
38,0,2.5,235.2,6.2,2,25.0,63,1,2.2,,1,0,1,37.333333333333336
22,0,3.6,344.2,6.0,2,22.6,58,1,3.0,,0,1,1,56.42622950819672
42,1,2.3,216.5,6.3,2,24.6,65,1,10.9,,3,0,1,33.828125
33,1,3.2,302.5,7.9,2,22.0,55,1,7.4,,2,0,0,37.8125
37,0,1.9,181.5,4.8,3,19.8,62,0,11.7,Mild,3,0,0,37.04081632653062
23,1,4.2,394.9,6.5,2,22.6,86,1,2.5,,1,0,0,59.833333333333336
36,1,1.2,110.0,7.1,2,22.5,54,1,12.8,,0,0,0,15.277777777777779
29,0,4.2,398.0,6.6,2,20.8,71,1,4.6,,3,1,1,59.40298507462687
25,1,3.0,289.1,5.2,1,18.4,63,2,7.8,Mild,0,1,0,54.547169811320764
43,0,4.8,453.7,5.1,1,23.9,73,2,1.7,Mild,4,0,0,87.25000000000001
18,0,1.5,143.4,6.4,2,15.0,69,1,5.3,,0,0,0,22.06153846153846
41,1,2.2,204.6,5.5,1,24.0,77,2,5.4,Mild,3,0,0,36.535714285714285
43,1,2.1,200.7,7.1,2,22.4,72,1,14.5,,4,0,0,27.875
24,0,1.2,114.5,8.2,0,23.4,56,1,12.5,,3,0,1,13.795180722891567
25,1,5.5,518.6,6.3,2,24.4,73,1,0.9,,2,0,0,81.03125000000001
32,0,1.4,136.0,6.4,2,26.5,50,1,4.3,,1,1,0,20.923076923076923
38,0,1.1,105.8,4.3,3,21.4,51,0,3.1,Mild,3,0,0,24.045454545454547
33,1,4.7,444.4,6.7,2,22.1,83,1,4.8,,4,1,0,65.35294117647058
40,0,3.6,346.7,5.5,1,24.3,76,2,0.2,Mild,2,0,1,61.910714285714285
56,1,2.2,210.4,6.3,2,19.8,64,1,11.7,Mild,0,0,0,32.87500000000001
28,1,0.0,0.0,6.1,2,20.4,68,1,2.1,,3,0,0,0.0
18,0,5.1,481.7,6.0,1,25.0,81,2,3.0,Mild,3,1,1,78.9672131147541
44,0,5.4,514.8,6.4,2,22.7,73,1,9.8,,0,1,0,79.19999999999999
55,0,3.4,324.5,7.0,2,19.8,63,1,9.5,Mild,4,0,0,45.70422535211268
39,1,3.3,311.7,7.8,2,17.9,62,1,12.4,,0,0,0,39.45569620253165
21,0,2.8,266.6,6.3,2,23.5,54,1,2.1,,2,0,0,41.65625000000001
33,1,1.9,176.3,6.5,2,25.8,63,1,3.3,,3,0,1,26.712121212121215
21,0,4.3,409.9,7.8,2,26.8,59,1,13.1,,0,0,0,51.88607594936709
42,0,1.9,182.9,7.8,2,18.4,77,1,10.0,,3,0,0,23.151898734177216
18,0,3.3,317.0,8.0,0,25.6,75,1,1.2,,3,0,1,39.135802469135804
31,0,2.8,268.6,7.7,2,19.8,59,1,1.4,,3,0,0,34.43589743589744
22,0,2.5,235.8,9.5,0,30.8,62,1,8.0,Mild,0,0,0,24.562500000000004
36,2,1.2,116.0,7.7,2,22.8,67,1,11.3,,0,0,0,14.871794871794872
30,0,0.7,67.2,5.6,1,19.0,64,2,9.7,Mild,1,0,0,11.789473684210527
37,0,3.2,308.0,7.4,2,25.2,82,1,10.2,,0,1,0,41.06666666666667
35,0,1.9,176.0,7.2,2,23.7,92,1,8.6,,2,0,1,24.10958904109589
23,0,2.7,258.1,6.1,2,26.8,60,1,13.2,,4,0,0,41.62903225806453
42,0,2.8,266.1,6.0,2,24.9,81,1,13.5,,1,0,0,43.622950819672134
34,1,3.0,281.6,6.3,2,30.7,68,1,9.1,Mild,3,0,0,44.00000000000001
23,1,2.3,220.4,4.1,3,22.5,70,0,11.0,Mild,0,0,0,52.47619047619049
61,0,3.5,329.9,3.4,3,27.5,73,0,6.9,Moderate,4,0,0,94.25714285714285
40,1,2.4,225.9,6.7,2,21.4,65,1,4.0,,4,0,0,33.220588235294116
33,0,2.1,203.3,6.1,2,24.9,62,1,9.5,,4,0,1,32.79032258064517
51,1,3.6,342.8,5.8,1,22.1,65,2,12.2,Moderate,3,0,0,58.10169491525424
57,1,2.5,241.3,6.2,2,28.4,73,1,3.9,Mild,1,0,1,38.301587301587304
33,0,2.8,270.6,4.7,3,27.8,74,0,9.4,Mild,4,0,0,56.37500000000001
39,0,3.9,372.3,7.3,2,26.0,92,1,9.3,,1,0,0,50.310810810810814
23,1,3.1,297.7,6.2,2,25.4,70,1,13.8,,2,0,0,47.25396825396825
33,0,3.9,370.3,6.5,2,26.8,66,1,11.4,,2,0,1,56.10606060606061
32,0,0.1,12.2,8.1,0,27.8,65,1,12.2,,4,0,0,1.4878048780487805
37,1,6.5,614.1,5.6,1,24.4,69,2,8.6,Mild,4,0,1,107.73684210526318
38,1,3.6,340.2,7.5,2,26.2,70,1,10.9,,2,0,0,44.76315789473684
41,1,3.4,322.8,6.9,2,30.2,74,1,3.7,Mild,1,0,0,46.114285714285714
37,1,2.3,217.8,7.7,2,23.2,95,1,8.7,,1,0,1,27.923076923076927
20,1,0.3,23.8,8.1,0,25.0,68,1,9.9,,1,0,0,2.9024390243902443
23,1,3.6,339.9,7.1,2,22.4,57,1,12.5,,0,0,0,47.208333333333336
28,1,4.2,395.5,6.3,2,29.4,87,1,2.5,,2,0,1,61.79687500000001
31,0,0.0,0.0,7.6,2,23.0,74,1,4.9,,0,0,1,0.0
47,0,3.8,363.7,5.2,1,26.0,55,2,11.9,Mild,0,0,1,68.62264150943396
21,0,4.8,457.5,6.7,2,32.5,74,1,6.5,Mild,2,0,1,67.27941176470588
30,1,4.8,451.8,7.2,2,28.0,73,1,7.3,,0,0,1,61.89041095890411
46,0,3.3,313.2,5.4,1,23.0,79,2,9.3,Mild,0,0,1,56.945454545454545
31,0,2.4,226.4,8.2,0,27.3,95,1,10.9,,3,0,0,27.277108433734945
40,0,3.9,372.6,6.3,2,25.7,71,1,4.3,,2,0,1,58.21875000000001
33,0,3.1,296.5,7.0,2,17.8,67,1,13.0,,4,0,0,41.760563380281695
38,0,3.0,289.5,5.1,1,19.4,72,2,5.5,Mild,4,0,0,55.673076923076934
32,0,1.7,162.4,4.1,3,22.8,67,0,3.9,Mild,1,0,0,38.66666666666667
43,0,0.1,7.6,8.4,0,25.4,56,1,10.5,,1,0,0,0.8941176470588235
18,1,3.8,359.6,6.3,2,21.6,78,1,5.4,,4,0,0,56.18750000000001
30,1,2.0,191.3,7.9,2,24.1,50,1,7.6,,1,0,0,23.9125
38,1,1.0,97.8,6.6,2,21.9,56,1,5.0,,0,1,0,14.597014925373136
41,1,0.8,79.0,5.8,1,20.4,56,2,12.8,Mild,4,0,0,13.389830508474578
52,1,2.2,211.6,8.7,0,22.2,70,1,7.5,Mild,4,0,0,24.045454545454547
30,0,0.7,63.2,6.8,2,25.2,64,1,1.0,,1,1,0,9.159420289855074
52,1,4.1,391.2,6.5,2,26.0,80,1,0.9,Mild,1,0,1,59.27272727272727
27,0,3.3,314.7,6.3,2,22.6,83,1,5.5,,0,0,0,49.171875
50,0,4.2,396.7,4.7,3,29.9,58,0,6.1,Mild,0,0,0,82.64583333333333
44,1,1.0,90.6,7.5,2,21.2,57,1,0.6,,3,0,1,11.921052631578947
24,0,0.4,38.6,7.4,2,25.0,55,1,12.8,,4,0,0,5.1466666666666665
38,1,5.1,487.9,7.3,2,22.4,85,1,7.6,,0,0,1,65.93243243243244
34,2,1.3,123.4,5.8,1,20.6,71,2,8.2,Mild,0,0,0,20.91525423728814
42,0,2.6,251.1,4.7,3,20.4,62,0,9.8,Mild,0,0,0,52.3125
32,1,1.4,128.7,7.5,2,23.6,77,1,3.3,,0,0,0,16.934210526315788
31,0,1.3,120.4,8.4,0,17.9,63,1,7.8,,4,0,0,14.164705882352942
51,0,3.4,322.3,4.6,3,25.5,75,0,3.3,Moderate,1,0,1,68.57446808510639
33,1,2.3,219.2,5.0,3,25.6,66,0,6.2,Mild,1,0,1,42.98039215686275
44,0,4.5,424.7,5.7,1,26.5,59,2,9.4,Mild,2,1,0,73.22413793103448
32,0,0.0,0.0,5.2,1,30.7,78,2,3.5,Moderate,1,0,0,0.0
54,1,2.5,235.0,6.2,2,25.3,67,1,13.3,Mild,1,0,1,37.301587301587304
26,0,1.7,164.7,7.2,2,19.8,80,1,4.4,,2,0,1,22.561643835616437
27,1,2.1,202.5,7.6,2,22.3,89,1,4.6,,3,0,0,26.2987012987013
53,1,2.2,212.4,7.3,2,24.1,78,1,13.8,Mild,3,1,1,28.702702702702705
29,1,3.5,329.2,6.3,2,23.1,81,1,5.8,,2,0,0,51.4375
54,0,2.2,211.1,8.2,0,20.2,78,1,2.0,Mild,2,0,1,25.433734939759038
45,0,2.2,212.5,4.4,3,21.3,66,0,6.4,Mild,4,0,0,47.22222222222222
33,1,5.1,485.7,5.0,3,25.6,80,0,5.1,Mild,2,0,0,95.23529411764706
18,1,0.7,63.7,6.9,2,26.6,69,1,7.4,,4,0,0,9.1
34,1,0.9,82.8,5.9,1,22.2,52,2,9.2,Mild,3,0,0,13.799999999999999
36,0,5.3,502.2,6.0,2,24.9,77,1,4.9,,4,0,0,82.32786885245902
49,1,5.1,481.0,6.8,2,18.4,79,1,10.7,,1,0,0,69.71014492753623
54,0,0.0,0.0,6.3,2,19.7,64,1,4.5,Mild,1,0,1,0.0
26,0,5.7,542.9,5.5,1,23.7,56,2,12.6,Mild,2,0,0,96.94642857142857
44,0,3.4,320.0,6.2,2,18.6,87,1,14.4,,3,0,0,50.7936507936508
44,1,1.4,136.5,7.8,2,24.7,73,1,0.2,,2,0,0,17.27848101265823
47,1,2.5,238.3,7.4,2,18.3,81,1,1.7,,3,0,1,31.773333333333333
40,1,1.9,176.3,7.7,2,29.0,67,1,7.7,,4,0,0,22.602564102564106
18,0,2.5,237.6,6.8,2,29.2,69,1,9.3,,1,0,1,34.434782608695656
33,0,1.9,178.4,6.9,2,29.6,60,1,13.7,,0,0,1,25.485714285714288
21,0,0.7,69.7,8.3,0,20.3,87,1,9.5,,0,1,0,8.297619047619047
32,1,0.5,49.1,5.9,1,27.2,98,2,13.0,Mild,4,0,0,8.183333333333334
46,0,2.8,268.2,8.0,0,21.5,70,1,7.8,,0,0,0,33.111111111111114
38,1,1.3,123.4,7.0,2,16.5,72,1,10.3,,3,0,0,17.380281690140848
48,1,0.4,34.6,7.0,2,21.0,85,1,13.9,,4,0,0,4.873239436619719
39,0,3.3,313.2,5.9,1,27.6,52,2,10.2,Mild,0,1,0,52.199999999999996
19,1,3.3,311.7,8.0,2,25.2,98,1,7.2,,0,1,0,38.48148148148148
18,0,3.3,311.8,7.5,2,21.7,90,1,8.9,,1,0,1,41.026315789473685
36,0,2.6,248.6,5.0,3,23.2,59,0,6.5,Mild,3,0,0,48.74509803921569
32,0,1.2,112.6,7.2,2,21.6,60,1,2.3,,0,0,0,15.424657534246576
23,1,4.3,409.0,5.5,1,23.4,57,2,11.6,Mild,1,0,0,73.03571428571429
18,1,3.8,363.1,6.1,2,29.5,57,1,6.2,,1,0,0,58.56451612903227
26,1,5.8,555.2,4.3,3,22.5,79,0,1.4,Mild,0,0,1,126.1818181818182
32,1,4.4,417.1,6.5,2,31.3,63,1,10.6,Mild,2,0,0,63.1969696969697
42,0,3.0,282.9,6.8,2,19.9,75,1,11.5,,0,0,1,41.0
37,0,5.1,489.2,6.6,2,26.2,85,1,1.6,,1,1,1,73.01492537313433
54,1,2.6,248.0,6.1,2,27.8,80,1,6.8,Mild,1,0,0,40.00000000000001
22,0,2.6,249.2,6.3,2,18.6,81,1,7.2,,0,0,0,38.9375
45,0,2.4,230.7,4.4,3,25.2,78,0,3.5,Mild,2,0,0,51.266666666666666
35,1,1.7,165.7,7.9,2,18.7,82,1,12.0,,4,0,0,20.7125
43,1,5.8,554.6,4.0,3,31.4,73,0,8.0,Moderate,2,0,0,135.26829268292684
29,1,1.3,119.1,7.3,2,29.2,64,1,8.6,,2,0,1,16.094594594594597
47,0,0.0,1.3,6.7,2,26.6,56,1,5.4,,2,0,0,0.1911764705882353
38,0,1.8,171.0,7.4,2,24.1,79,1,3.7,,0,0,0,22.8
26,0,3.0,289.6,6.7,2,21.9,81,1,12.0,,4,0,0,42.58823529411765
34,1,1.7,160.4,5.6,1,21.4,63,2,8.0,Mild,2,0,0,28.140350877192986
32,0,2.0,186.8,7.4,2,29.8,66,1,3.6,,2,1,1,24.90666666666667
40,1,0.0,0.0,6.9,2,24.7,69,1,6.4,,3,1,0,0.0
20,2,0.6,59.5,6.6,2,29.1,68,1,8.3,,2,0,1,8.880597014925375
34,0,0.5,49.7,7.2,2,29.3,60,1,8.3,,3,0,0,6.808219178082192
39,1,3.8,356.8,7.8,2,23.6,87,1,8.4,,4,1,0,45.16455696202532
35,0,0.4,37.9,6.5,2,23.3,65,1,2.5,,2,0,1,5.742424242424242
51,0,1.5,144.9,7.2,2,23.0,75,1,8.3,Mild,1,1,0,19.84931506849315
44,0,2.2,210.6,6.9,2,20.7,65,1,5.2,,0,0,1,30.085714285714285
34,1,0.9,83.8,6.4,2,23.5,62,1,8.5,,1,1,0,12.892307692307693
37,1,2.9,276.8,5.9,1,23.8,68,2,10.0,Mild,2,0,0,46.13333333333333
38,0,3.2,301.6,5.3,1,26.6,61,2,3.5,Mild,2,1,0,55.85185185185186
39,0,4.7,445.8,6.9,2,23.6,56,1,1.8,,3,1,1,63.68571428571429
18,1,2.5,237.9,5.9,1,27.1,69,2,9.1,Mild,4,0,0,39.65
31,0,0.0,0.0,5.5,1,26.3,73,2,10.4,Mild,1,0,1,0.0
18,1,1.6,155.3,6.7,2,26.9,76,1,13.0,,2,0,1,22.83823529411765
50,0,2.1,197.0,7.9,2,24.6,70,1,3.7,,0,0,1,24.625
34,1,4.4,421.2,7.7,2,26.0,67,1,1.9,,0,0,0,54.0
32,1,2.2,205.0,3.3,3,24.9,74,0,14.6,Mild,4,0,0,60.294117647058826
45,0,3.1,295.5,6.7,2,17.9,62,1,0.6,,1,0,0,43.45588235294118
40,1,2.0,194.4,7.3,2,22.3,84,1,6.2,,3,0,0,26.270270270270274
21,0,3.3,314.7,7.1,2,20.4,71,1,7.4,,3,0,0,43.708333333333336
34,0,1.6,147.6,6.7,2,30.0,80,1,10.7,Mild,3,0,1,21.705882352941178
30,1,0.0,0.0,8.9,0,27.8,75,1,12.2,,3,0,0,0.0
18,1,0.0,0.0,8.5,0,25.0,68,1,8.4,,0,0,0,0.0
26,0,3.3,309.9,6.4,2,25.5,73,1,0.4,,0,0,0,47.676923076923075
32,1,3.0,284.3,6.1,2,29.7,59,1,15.0,,2,0,1,45.85483870967742
33,0,3.1,294.8,6.9,2,21.9,74,1,9.6,,2,0,0,42.114285714285714
18,0,2.7,254.4,7.2,2,29.0,63,1,12.5,,1,0,1,34.849315068493155
48,0,0.0,0.0,7.1,2,31.2,62,1,6.2,Mild,1,0,0,0.0
33,0,1.5,145.4,6.9,2,24.3,82,1,0.8,,4,0,0,20.771428571428572
35,1,2.3,223.2,8.5,0,20.9,65,1,1.2,,0,1,0,25.953488372093023
39,0,1.4,133.5,8.7,0,23.3,81,1,11.6,,4,0,0,15.170454545454547
25,2,3.4,318.6,7.4,2,28.3,63,1,3.2,,3,0,0,42.480000000000004
40,1,2.3,215.4,7.8,2,26.3,80,1,12.8,,2,0,0,27.26582278481013
30,0,3.5,331.3,7.5,2,25.1,62,1,3.8,,2,0,1,43.5921052631579
24,0,4.2,402.1,6.1,2,20.5,72,1,3.9,,4,0,0,64.85483870967742
41,1,3.2,300.7,7.1,2,24.3,74,1,1.5,,4,0,1,41.76388888888889
52,1,2.8,261.6,6.9,2,25.3,75,1,2.1,Mild,0,0,0,37.371428571428574
43,0,0.5,50.2,8.4,0,22.2,70,1,1.9,,3,1,0,5.905882352941177
46,1,2.6,245.9,7.0,2,22.4,59,1,0.6,,1,0,1,34.63380281690141
28,1,0.1,9.1,8.0,0,27.0,53,1,3.6,,1,0,0,1.123456790123457
18,1,0.7,65.6,6.8,2,26.5,69,1,0.3,,4,0,0,9.507246376811594
52,1,2.9,278.8,7.4,2,24.2,90,1,10.6,Mild,4,0,0,37.17333333333333
59,1,0.6,57.1,7.2,2,23.3,65,1,9.2,Mild,4,0,0,7.821917808219179
53,0,5.9,560.7,5.2,1,23.6,87,2,2.6,Moderate,1,0,0,105.7924528301887
30,1,3.9,367.7,7.3,2,28.2,82,1,12.9,,2,0,1,49.68918918918919
21,2,2.6,244.6,7.9,2,26.4,78,1,4.3,,2,0,0,30.575
22,1,0.0,0.0,5.0,1,24.8,58,2,8.0,Mild,1,0,1,0.0
18,1,0.0,0.0,4.9,3,30.6,75,0,12.2,Moderate,2,0,1,0.0
33,1,5.9,562.2,6.4,2,21.4,78,1,5.5,,0,0,0,86.4923076923077
54,1,1.7,159.4,7.2,2,19.5,71,1,3.8,Mild,4,0,1,21.835616438356166
33,1,4.3,406.2,5.3,1,15.0,75,2,12.9,Mild,3,0,0,75.22222222222223
38,0,1.7,163.3,7.1,2,26.2,64,1,1.1,,3,0,1,22.68055555555556
51,0,1.0,95.1,6.7,2,30.2,77,1,9.8,Moderate,2,0,0,13.985294117647058
30,1,0.9,85.5,4.4,3,29.9,81,0,12.6,Mild,1,0,0,19.0
59,1,0.2,18.8,7.2,2,21.6,50,1,10.7,Mild,0,0,0,2.5753424657534247
58,1,3.4,318.3,5.3,1,20.9,72,2,5.6,Moderate,3,0,0,58.94444444444445
33,0,3.1,291.7,7.2,2,15.0,56,1,14.3,,3,0,0,39.95890410958904
28,0,1.7,160.5,6.1,2,21.3,63,1,2.0,,2,0,1,25.88709677419355
43,1,0.0,0.0,7.4,2,19.6,73,1,10.7,,1,0,0,0.0
30,1,2.1,201.9,8.1,0,29.0,74,1,10.8,,3,0,0,24.621951219512198
21,0,3.3,317.4,6.0,1,24.7,66,2,9.2,Mild,0,0,0,52.0327868852459
50,1,5.8,552.3,6.0,1,24.3,92,2,7.3,Mild,4,1,0,90.54098360655738
49,0,4.0,383.5,7.9,2,21.2,74,1,14.3,,1,0,0,47.9375
36,1,2.8,264.9,7.3,2,18.6,65,1,7.0,,4,0,0,35.7972972972973
19,0,1.2,117.0,6.7,2,18.8,74,1,5.0,,4,0,0,17.205882352941178
20,0,4.4,415.1,8.1,0,19.9,55,1,7.7,,1,1,0,50.621951219512205
36,2,2.7,253.8,6.3,2,27.1,75,1,12.0,,0,1,0,39.65625000000001
29,0,2.7,260.1,6.3,2,18.4,68,1,2.4,,0,0,1,40.64062500000001
30,1,4.3,405.8,5.3,1,26.2,85,2,5.6,Mild,2,0,0,75.14814814814815
47,0,2.1,202.8,7.4,2,36.0,60,1,8.5,Mild,1,0,0,27.040000000000003
43,1,3.8,365.3,5.2,1,22.3,80,2,12.6,Mild,1,0,0,68.9245283018868
51,2,0.7,66.4,8.5,0,25.4,70,1,6.0,Mild,2,0,0,7.720930232558141
23,0,1.4,135.7,6.1,2,24.2,78,1,8.3,,0,0,0,21.887096774193548
30,1,3.2,304.7,7.1,2,18.9,81,1,1.8,,1,0,0,42.31944444444445
44,1,2.4,229.0,6.7,2,19.8,75,1,1.4,,1,0,0,33.6764705882353
40,0,2.1,200.4,7.3,2,22.1,80,1,3.2,,4,0,1,27.081081081081084
53,2,0.7,68.1,7.4,2,23.8,73,1,10.3,Mild,4,0,0,9.08
40,0,3.9,374.4,6.5,2,31.9,65,1,3.2,Mild,0,0,0,56.72727272727273
57,1,0.0,2.3,6.6,2,21.4,87,1,13.2,Mild,4,0,0,0.34328358208955223
41,1,3.8,362.4,6.7,2,20.7,51,1,13.5,,4,0,0,53.29411764705882
47,1,2.6,244.8,8.1,0,20.3,59,1,4.0,,0,0,0,29.85365853658537
31,0,2.6,247.0,6.2,2,28.8,67,1,1.6,,0,0,0,39.20634920634921
35,2,2.4,230.5,5.3,1,21.7,63,2,6.2,Mild,2,0,1,42.68518518518519
45,0,1.2,114.3,7.6,2,30.7,70,1,11.9,Mild,1,0,0,14.844155844155845
54,0,2.4,232.5,6.9,2,25.3,71,1,1.6,Mild,1,0,0,33.214285714285715
43,0,3.0,289.6,8.2,0,30.4,64,1,1.5,Mild,0,0,0,34.89156626506025
34,0,3.1,296.2,7.2,2,24.3,75,1,3.7,,0,0,0,40.57534246575342
51,0,2.4,223.3,8.1,0,23.3,59,1,10.4,Mild,3,0,1,27.231707317073173
18,0,2.3,221.4,8.7,0,24.9,76,1,5.6,,4,0,0,25.159090909090914
18,1,2.3,220.3,6.3,2,29.4,65,1,11.1,,3,0,0,34.42187500000001
43,0,2.1,201.0,6.6,2,25.1,69,1,6.1,,1,1,0,30.000000000000004
35,1,0.0,0.0,8.3,0,26.2,58,1,1.2,,0,0,0,0.0
42,1,1.7,163.3,6.8,2,24.4,93,1,15.0,,2,0,0,23.66666666666667
35,0,0.9,89.5,6.4,2,23.2,64,1,10.2,,1,0,1,13.76923076923077
41,0,2.3,214.4,6.3,2,26.1,88,1,9.5,,0,1,1,33.50000000000001
25,0,1.1,106.8,6.1,2,25.0,60,1,7.4,,1,0,1,17.225806451612904
41,1,3.0,286.6,4.1,3,25.0,66,0,1.2,Mild,3,1,0,68.23809523809526
46,0,4.3,406.8,7.1,2,19.2,75,1,14.8,,0,1,0,56.50000000000001
49,0,2.0,191.9,5.8,1,21.9,73,2,7.0,Mild,4,0,1,32.525423728813564
59,1,2.9,276.3,4.8,3,24.2,66,0,0.6,Moderate,2,1,0,56.38775510204083
37,0,1.8,170.1,7.8,2,18.7,70,1,5.1,,0,0,0,21.531645569620252
38,1,2.3,222.8,4.9,3,27.0,82,0,0.5,Mild,1,0,0,44.56
18,1,4.5,431.4,7.7,2,19.3,58,1,7.6,,0,0,0,55.30769230769231
28,0,0.2,17.3,7.8,2,21.0,79,1,11.3,,4,1,1,2.189873417721519
32,1,1.5,141.4,7.3,2,25.4,74,1,14.4,,4,0,0,19.10810810810811
47,1,2.7,252.6,5.2,1,18.5,75,2,12.7,Mild,0,0,0,47.660377358490564
27,1,2.2,213.7,4.5,3,26.7,54,0,4.1,Mild,3,0,1,46.45652173913044
44,1,1.9,184.0,5.8,1,19.2,78,2,5.2,Mild,2,0,0,31.186440677966104
34,1,0.7,69.3,3.8,3,25.7,53,0,7.8,Mild,2,0,0,17.76923076923077
32,1,3.1,299.1,3.7,3,22.1,66,0,10.3,Mild,4,1,0,78.71052631578948
37,1,2.3,223.1,7.7,2,24.6,65,1,11.0,,1,0,1,28.602564102564102
30,1,3.5,329.1,8.9,0,23.0,70,1,12.7,,4,1,0,36.56666666666667
29,1,4.1,385.6,6.5,2,21.0,70,1,3.4,,3,1,1,58.42424242424243
18,1,2.4,231.5,6.7,2,15.0,68,1,1.7,,4,0,1,34.044117647058826
32,0,4.5,426.4,5.6,1,19.0,71,2,2.7,Mild,3,1,1,74.80701754385966
29,0,4.1,386.5,7.5,2,17.2,81,1,14.2,,3,0,1,50.85526315789474
28,1,1.8,175.3,4.9,3,21.5,97,0,2.0,Mild,1,1,1,35.06
40,0,4.7,446.2,6.5,2,26.5,54,1,4.8,,0,1,1,67.60606060606061
42,2,3.5,331.0,8.7,0,30.5,63,1,2.9,Mild,1,0,0,37.61363636363637
37,0,4.4,419.6,6.5,2,28.5,72,1,1.7,,1,0,0,63.575757575757585
46,1,0.0,0.0,6.7,2,27.2,65,1,7.9,,0,0,0,0.0
41,0,3.5,333.0,8.3,0,30.5,69,1,5.7,Mild,0,0,0,39.64285714285714
31,1,3.0,281.9,8.8,0,28.7,69,1,10.9,,0,0,0,31.674157303370784
29,1,1.3,121.1,8.6,0,31.4,73,1,5.9,Mild,1,1,1,13.919540229885058
38,1,0.3,23.9,6.9,2,24.8,85,1,8.3,,4,0,0,3.414285714285714
41,1,2.3,216.1,7.7,2,26.2,85,1,12.3,,4,1,0,27.705128205128204
51,0,2.6,244.6,8.4,0,18.7,62,1,7.9,Mild,1,1,0,28.776470588235295
49,0,1.6,153.7,6.2,2,18.6,61,1,6.6,,0,1,0,24.396825396825395
28,0,1.4,130.6,5.7,1,27.1,58,2,2.0,Mild,1,0,0,22.517241379310345
33,1,1.7,159.2,7.3,2,19.6,57,1,8.4,,4,0,1,21.513513513513512
43,1,1.5,141.5,5.6,1,24.2,53,2,1.5,Mild,0,0,0,24.824561403508774
47,1,3.9,370.2,5.0,3,31.0,86,0,1.6,Moderate,1,0,1,72.58823529411765
46,1,1.3,123.0,6.1,2,24.0,79,1,6.8,,4,1,0,19.838709677419356
34,2,0.0,3.1,6.0,1,26.1,64,2,7.8,Mild,0,1,0,0.5081967213114754
19,0,3.7,349.5,5.3,1,22.9,70,2,11.2,Mild,0,0,1,64.72222222222223
23,0,3.9,367.8,6.6,2,28.0,63,1,6.8,,2,0,0,54.89552238805971
38,0,2.3,220.3,7.0,2,26.7,59,1,9.3,,0,1,0,31.02816901408451
39,1,0.8,76.8,5.2,1,26.8,78,2,13.8,Mild,4,0,0,14.49056603773585
21,1,0.0,0.0,7.5,2,27.2,73,1,14.1,,4,0,0,0.0
35,1,2.6,242.5,6.8,2,22.0,62,1,4.0,,3,0,0,35.14492753623189
42,1,3.3,310.6,5.3,1,34.4,88,2,6.8,Moderate,4,0,1,57.518518518518526
21,0,1.3,121.7,6.8,2,23.1,84,1,8.0,,4,0,0,17.637681159420293
48,1,3.7,351.8,6.8,2,23.0,60,1,6.7,,4,0,0,50.98550724637682
30,1,0.4,33.5,7.4,2,20.7,56,1,14.5,,0,1,1,4.466666666666667
50,0,2.6,247.7,7.7,2,24.0,75,1,4.4,,3,0,1,31.756410256410255
28,0,0.0,0.0,8.0,2,24.9,92,1,7.8,,3,0,0,0.0
22,1,1.1,102.3,6.9,2,23.3,61,1,1.9,,1,0,0,14.614285714285714
29,0,0.0,0.0,5.9,1,29.3,77,2,9.4,Mild,1,0,0,0.0
33,1,3.3,317.9,5.9,1,25.2,66,2,4.9,Mild,3,0,1,52.98333333333333
30,0,3.0,286.1,6.8,2,27.7,78,1,12.1,,3,0,0,41.46376811594204
32,1,6.2,586.5,7.6,2,16.4,52,1,2.0,,0,0,0,76.16883116883118
39,1,2.8,265.2,3.8,3,23.0,63,0,13.2,Mild,4,0,0,68.0
32,0,1.9,176.3,6.8,2,26.3,73,1,6.5,,3,0,0,25.550724637681164
34,1,1.0,90.5,6.7,2,20.0,73,1,6.1,,2,0,1,13.308823529411764
18,0,4.0,378.0,6.7,2,20.3,51,1,11.5,,0,0,0,55.588235294117645
39,0,6.5,614.1,4.4,3,24.0,65,0,4.5,Mild,1,0,1,136.46666666666667
33,1,4.0,381.3,7.5,2,23.9,65,1,12.9,,0,0,1,50.17105263157895
54,0,2.8,267.7,6.6,2,21.8,77,1,4.2,Mild,3,1,1,39.95522388059702
23,0,2.6,247.4,6.3,2,23.1,69,1,11.0,,2,0,1,38.65625000000001
18,1,0.1,5.0,7.5,2,27.7,74,1,0.8,,3,1,0,0.6578947368421053
42,0,3.8,362.9,6.8,2,22.4,85,1,10.5,,1,1,0,52.594202898550726
39,0,1.4,135.2,6.8,2,18.8,69,1,3.9,,0,0,0,19.594202898550723
22,0,0.7,66.3,6.2,2,23.8,76,1,10.9,,1,0,0,10.523809523809524
18,0,2.2,210.8,6.4,2,22.0,80,1,12.4,,3,0,0,32.43076923076923
53,0,1.3,126.5,6.8,2,28.0,67,1,2.6,Mild,3,0,0,18.333333333333336
51,2,1.1,105.9,9.0,0,30.3,65,1,2.5,Moderate,0,0,0,11.637362637362639
18,0,1.8,167.8,6.9,2,19.8,78,1,11.2,,3,0,1,23.97142857142857
29,1,0.0,0.0,7.8,2,25.7,74,1,2.5,,4,1,0,0.0
54,1,2.1,200.4,7.7,2,15.1,82,1,0.3,Mild,0,0,1,25.692307692307693
29,1,2.9,271.8,6.6,2,26.8,75,1,0.9,,1,0,0,40.56716417910448
29,0,1.0,96.5,8.5,0,25.5,67,1,0.4,,2,0,0,11.22093023255814
31,0,4.5,429.5,4.3,3,24.5,74,0,13.6,Mild,3,0,1,97.61363636363637
21,1,1.6,156.0,7.1,2,23.9,65,1,13.0,,2,1,0,21.666666666666668
18,1,0.9,83.9,8.2,0,20.1,50,1,8.3,,1,0,0,10.10843373493976
47,1,3.7,353.9,7.1,2,20.7,80,1,7.7,,2,1,0,49.15277777777778
18,1,2.6,246.7,4.5,3,20.2,59,0,3.7,Mild,0,0,0,53.630434782608695
37,0,4.5,428.7,6.7,2,25.0,75,1,7.5,,1,0,0,63.044117647058826
45,0,4.9,466.6,6.2,2,18.0,72,1,14.0,,0,0,0,74.06349206349206
18,0,0.4,40.6,7.0,2,17.7,72,1,8.6,,0,0,0,5.71830985915493
23,1,5.8,554.8,5.7,1,29.9,59,2,0.9,Mild,2,0,0,95.6551724137931
49,0,0.0,0.0,8.0,0,24.8,55,1,0.6,,4,0,1,0.0
41,0,0.6,56.8,6.7,2,18.0,70,1,13.1,,0,0,0,8.352941176470589
27,0,0.5,47.0,8.5,0,27.8,71,1,3.3,,0,1,1,5.465116279069767
49,0,4.5,429.7,6.5,2,20.5,75,1,0.1,,1,0,1,65.10606060606061
49,1,3.3,311.5,5.8,1,21.5,64,2,11.2,Mild,4,0,0,52.79661016949153
38,1,2.9,276.9,8.9,0,24.0,60,1,12.3,,3,0,0,30.766666666666666
24,0,0.0,0.0,6.1,2,18.6,77,1,4.3,,0,0,1,0.0
30,0,2.5,234.3,6.2,2,26.4,89,1,12.5,,1,0,0,37.19047619047619
38,0,6.2,584.9,6.5,2,21.6,78,1,12.1,,2,0,0,88.62121212121212
32,1,3.3,311.0,4.7,3,15.0,81,0,7.3,Mild,1,0,0,64.79166666666667
46,0,2.0,190.7,6.9,2,25.4,52,1,14.1,,4,1,1,27.24285714285714
18,1,4.1,391.6,5.7,1,29.3,80,2,12.7,Mild,1,1,0,67.51724137931035
18,2,2.7,258.3,9.3,0,29.0,65,1,0.4,,3,1,0,27.47872340425532
37,0,1.8,166.3,6.4,2,18.9,67,1,13.5,,2,0,0,25.584615384615386
29,0,1.5,140.7,5.6,1,26.0,84,2,8.1,Mild,2,0,0,24.68421052631579
27,0,3.3,314.8,6.9,2,22.1,67,1,7.0,,0,1,1,44.971428571428575
18,1,2.1,197.4,6.8,2,25.1,77,1,14.4,,4,1,0,28.608695652173918
35,1,2.8,261.3,7.6,2,18.5,67,1,4.3,,2,0,0,33.935064935064936
34,1,0.0,0.0,6.0,1,21.5,53,2,6.6,Mild,2,0,1,0.0
42,1,2.3,221.9,8.5,0,19.8,78,1,2.8,,3,0,1,25.80232558139535
35,0,0.9,86.4,7.3,2,16.5,71,1,13.1,,1,0,0,11.675675675675677
33,1,4.1,385.3,5.5,1,19.6,73,2,1.0,Mild,3,0,0,68.80357142857143
49,0,0.9,86.6,7.0,2,24.3,73,1,0.2,,4,0,0,12.19718309859155
19,1,1.4,128.5,7.6,2,18.7,85,1,2.3,,4,0,1,16.68831168831169
41,0,0.5,44.8,7.5,2,24.0,70,1,9.5,,2,0,0,5.894736842105263
18,0,3.7,355.6,5.0,3,26.6,50,0,1.8,Mild,0,1,0,69.72549019607844
24,1,3.3,311.2,4.2,3,28.7,86,0,13.8,Mild,1,0,0,72.37209302325581
20,1,0.9,81.2,5.2,1,31.0,73,2,10.2,Moderate,1,1,0,15.320754716981133
44,1,1.1,105.6,7.1,2,27.0,61,1,10.2,,4,0,0,14.666666666666668
34,0,3.7,350.5,6.9,2,19.2,80,1,14.6,,3,0,1,50.07142857142857
34,0,5.6,528.6,3.0,3,26.1,59,0,0.9,Mild,2,0,0,170.51612903225808
21,1,3.2,301.3,6.9,2,27.7,50,1,9.8,,1,1,0,43.042857142857144
31,0,4.2,401.1,5.5,1,20.3,82,2,13.5,Mild,3,0,0,71.62500000000001
25,1,2.1,199.9,5.2,1,28.4,82,2,9.3,Mild,3,0,0,37.716981132075475
39,0,0.9,86.1,6.1,2,21.6,82,1,6.9,,4,0,0,13.88709677419355
23,1,2.2,213.6,6.7,2,24.2,66,1,0.3,,2,0,0,31.41176470588235
50,0,4.1,392.2,6.3,2,28.4,68,1,2.6,,2,0,0,61.28125
18,0,1.7,156.8,4.1,3,22.0,66,0,13.8,Mild,0,0,1,37.33333333333334
25,0,2.0,188.1,8.4,0,22.8,56,1,14.7,,2,0,0,22.129411764705882
55,1,5.8,554.5,6.9,2,27.8,69,1,7.4,Mild,4,0,0,79.21428571428571
29,1,5.1,488.9,6.4,2,26.0,69,1,13.5,,3,0,0,75.21538461538461
19,0,2.7,257.9,4.5,3,15.4,59,0,7.2,Mild,1,0,0,56.065217391304344
37,1,4.3,405.6,5.4,1,18.0,86,2,2.4,Mild,3,0,1,73.74545454545455
29,1,0.7,68.1,6.8,2,23.0,62,1,1.3,,1,0,0,9.869565217391305
24,0,3.5,332.3,7.4,2,22.7,86,1,12.5,,0,0,0,44.306666666666665
21,1,2.7,252.7,7.9,2,20.7,80,1,14.1,,0,0,0,31.5875
68,1,3.1,297.6,9.5,0,32.4,73,1,6.1,Moderate,0,0,0,31.000000000000004
31,0,0.5,45.9,7.1,2,28.4,56,1,1.9,,3,0,0,6.375
18,1,0.2,16.6,6.2,2,15.0,77,1,12.7,,4,0,0,2.6349206349206353
52,1,1.7,157.6,7.7,2,28.4,91,1,5.1,Mild,2,0,0,20.205128205128204
42,0,0.4,42.7,5.7,1,20.0,63,2,7.3,Mild,1,1,0,7.362068965517242
25,0,1.1,102.2,7.3,2,23.4,74,1,14.9,,4,1,0,13.810810810810812
23,1,6.4,606.0,8.6,0,17.7,69,1,10.2,,2,0,1,69.65517241379311
43,0,4.3,413.0,6.0,1,28.8,54,2,10.8,Mild,1,0,0,67.70491803278689
32,0,3.0,286.9,5.8,1,24.8,72,2,4.2,Mild,3,0,1,48.6271186440678
18,1,3.2,301.6,4.9,3,29.4,69,0,3.9,Mild,1,0,1,60.32000000000001
56,1,3.1,296.9,6.7,2,25.1,58,1,4.4,Mild,3,0,1,43.66176470588235
29,1,2.2,210.3,4.9,3,22.2,80,0,9.0,Mild,2,0,0,42.06
52,0,3.0,283.6,5.2,1,20.9,63,2,14.1,Moderate,4,1,0,53.509433962264154
50,0,3.9,372.4,4.8,3,17.4,65,0,10.3,Mild,1,0,0,76.0
22,1,2.2,204.6,7.9,2,22.7,77,1,4.3,,2,0,0,25.575
47,0,4.7,443.2,6.1,2,24.9,60,1,9.6,,0,0,1,71.48387096774194
27,0,2.1,202.8,8.3,0,15.3,78,1,2.1,,4,0,0,24.142857142857142
18,1,1.0,96.1,7.1,2,27.2,72,1,6.4,,0,0,0,13.347222222222223
29,0,2.9,274.9,6.0,2,24.3,74,1,13.3,,0,0,0,45.0655737704918
39,1,2.2,210.1,7.4,2,22.6,83,1,3.7,,4,1,0,28.013333333333332
29,0,2.1,201.1,7.5,2,19.6,66,1,8.4,,1,0,1,26.460526315789473
31,0,3.8,362.9,7.9,2,19.3,62,1,1.2,,2,0,1,45.3625
48,0,2.0,185.7,5.6,1,23.3,50,2,1.3,Mild,4,0,0,32.578947368421055
36,0,1.1,104.5,6.9,2,23.4,62,1,1.0,,1,0,0,14.928571428571429
24,0,1.9,181.9,5.3,1,15.6,69,2,3.1,Mild,4,0,0,33.68518518518519
43,0,1.4,132.1,7.1,2,33.1,65,1,6.8,Mild,4,0,0,18.347222222222225
37,0,1.4,130.5,3.6,3,19.9,73,0,13.7,Mild,1,0,0,35.27027027027027
18,0,4.0,377.0,5.2,1,28.7,59,2,5.2,Mild,0,0,1,71.13207547169812
40,0,1.0,91.8,5.9,1,22.1,66,2,9.5,Mild,3,0,1,15.299999999999999
39,1,2.7,254.4,6.6,2,26.0,77,1,8.3,,1,0,0,37.97014925373135
35,0,2.0,190.2,7.9,2,22.9,80,1,2.2,,3,0,0,23.775
45,0,2.3,221.8,4.6,3,22.2,87,0,7.1,Mild,3,0,0,47.19148936170214
26,0,0.0,0.0,8.0,0,24.4,64,1,2.1,,4,0,0,0.0
39,2,3.5,329.2,6.9,2,22.0,59,1,4.6,,1,1,1,47.028571428571425
18,1,2.1,197.5,7.2,2,28.5,79,1,1.5,,1,0,0,27.054794520547947
39,1,4.0,375.9,6.1,2,18.2,72,1,3.2,,0,0,0,60.62903225806452
58,1,3.1,294.5,7.4,2,23.2,66,1,5.6,Mild,3,0,1,39.266666666666666
23,0,2.6,244.4,6.4,2,20.9,60,1,9.4,,0,1,1,37.6
25,0,2.5,238.6,5.6,1,26.5,61,2,2.1,Mild,2,0,1,41.85964912280702
26,0,5.9,556.6,5.9,1,15.2,69,2,8.9,Mild,3,1,1,92.76666666666667
36,1,1.3,123.1,6.9,2,28.6,97,1,3.6,,0,0,1,17.585714285714285
22,0,2.9,279.1,5.3,1,19.7,71,2,1.0,Mild,0,0,0,51.6851851851852
40,0,2.9,271.5,3.7,3,26.2,80,0,13.8,Mild,3,0,0,71.44736842105263
45,0,0.1,7.6,7.8,2,15.2,60,1,0.8,,0,0,0,0.9620253164556962
41,1,2.4,229.1,5.7,1,21.5,50,2,12.6,Mild,2,0,0,39.5
18,0,0.2,15.6,3.9,3,22.0,76,0,10.8,Mild,1,0,0,3.9
46,0,2.4,227.8,6.8,2,24.2,61,1,4.4,,2,0,0,33.014492753623195
46,2,0.1,6.3,6.8,2,25.8,60,1,10.8,,3,0,0,0.9130434782608696
44,0,3.1,291.8,4.9,3,32.5,71,0,3.9,Moderate,4,0,1,58.36
39,0,0.6,58.0,6.1,2,21.6,85,1,11.9,,3,0,1,9.35483870967742
37,1,2.5,235.8,7.8,2,26.5,80,1,1.5,,1,0,0,29.848101265822788
47,1,0.1,6.0,5.1,1,21.9,63,2,0.5,Mild,2,0,0,1.153846153846154
58,0,3.2,305.3,5.9,1,25.1,74,2,2.1,Moderate,0,0,0,50.88333333333333
23,1,2.4,226.3,7.2,2,17.5,76,1,10.8,,0,1,0,31.000000000000004
47,1,2.2,211.3,4.8,3,24.8,76,0,14.5,Mild,4,0,1,43.122448979591844
33,1,2.7,257.5,8.8,0,19.9,68,1,9.8,,2,1,0,28.93258426966292
33,0,3.3,312.1,7.5,2,16.8,76,1,13.2,,0,0,0,41.06578947368421
18,0,1.2,115.1,8.9,0,23.4,75,1,0.4,,3,1,1,12.788888888888888
31,1,2.5,235.1,6.6,2,24.3,75,1,6.2,,0,1,0,35.08955223880597
23,0,1.8,171.1,8.6,0,22.6,59,1,8.6,,1,0,0,19.666666666666668
29,0,4.5,423.0,6.5,2,25.5,72,1,6.1,,2,0,0,64.0909090909091
21,1,1.9,179.3,6.4,2,31.0,80,1,10.7,Mild,0,0,0,27.584615384615386
29,1,1.3,122.9,5.5,1,20.1,50,2,3.3,Mild,0,1,1,21.946428571428573
30,0,0.2,23.1,7.3,2,27.2,82,1,3.9,,1,1,0,3.121621621621622
36,0,2.1,199.4,5.9,1,21.0,79,2,7.6,Mild,0,1,1,33.233333333333334
18,1,1.5,139.1,5.9,1,25.3,74,2,10.0,Mild,4,1,0,23.183333333333334
18,1,3.0,289.0,6.7,2,23.6,76,1,2.0,,2,0,0,42.5
39,1,2.8,269.1,8.7,0,30.1,71,1,4.5,Mild,0,1,0,30.57954545454546
25,1,3.3,313.2,8.1,0,23.7,62,1,4.2,,3,0,0,38.19512195121951
47,1,0.6,58.1,7.9,2,23.9,67,1,7.3,,0,0,0,7.2625
37,0,0.0,0.0,6.9,2,28.1,70,1,14.5,,4,1,0,0.0
42,0,2.5,237.4,6.7,2,25.9,68,1,5.9,,3,1,0,34.911764705882355
51,0,3.7,354.8,8.2,0,26.5,75,1,12.9,Mild,4,0,0,42.746987951807235
31,1,1.9,181.4,7.3,2,29.0,74,1,6.0,,1,0,1,24.513513513513516
28,0,5.2,491.9,3.0,3,24.8,72,0,4.9,Mild,3,1,1,158.6774193548387
45,1,2.3,219.9,9.6,0,30.0,76,1,1.4,Mild,3,0,0,22.670103092783506
41,1,1.4,132.6,6.8,2,18.0,77,1,10.7,,4,0,0,19.217391304347828
32,0,3.1,296.8,6.6,2,23.2,60,1,4.3,,4,0,0,44.29850746268657
51,0,4.6,434.3,6.6,2,23.8,83,1,10.5,Mild,1,0,0,64.82089552238807
32,1,2.4,231.4,6.7,2,20.7,64,1,5.5,,3,0,1,34.029411764705884
35,0,3.6,344.9,6.2,2,26.8,75,1,0.2,,3,0,0,54.74603174603175
35,0,1.9,177.3,4.9,3,24.9,68,0,2.4,Mild,3,1,0,35.46
23,0,1.9,180.5,5.2,1,15.4,71,2,11.7,Mild,3,0,1,34.056603773584904
35,0,4.2,396.9,8.4,0,28.8,84,1,3.3,,1,0,0,46.69411764705882
51,2,0.0,0.0,6.1,2,28.1,68,1,3.5,Mild,0,0,0,0.0
40,0,0.9,88.0,8.2,0,24.8,74,1,5.0,,3,0,0,10.602409638554219
35,0,3.4,320.2,6.8,2,25.4,82,1,2.8,,2,0,0,46.40579710144928
33,1,2.0,188.5,3.9,3,19.1,79,0,8.1,Mild,1,0,0,47.125
38,1,2.9,280.0,5.0,1,20.2,76,2,7.7,Mild,0,0,0,54.90196078431373
43,0,3.3,313.4,5.5,1,15.0,92,2,9.5,Mild,4,1,0,55.964285714285715
42,0,0.5,49.7,7.8,2,21.1,71,1,14.5,,0,0,0,6.29113924050633
31,1,0.5,48.5,6.6,2,23.5,80,1,1.8,,4,0,1,7.238805970149254
38,0,4.2,401.8,7.2,2,26.1,98,1,5.8,,2,0,0,55.041095890410965
40,1,1.9,182.5,6.4,2,19.0,65,1,7.5,,1,0,0,28.076923076923077
22,0,1.5,141.2,7.5,2,27.8,87,1,13.6,,0,0,1,18.57894736842105
37,1,3.1,290.3,5.3,1,24.4,76,2,9.5,Mild,4,0,1,53.75925925925927
18,1,4.0,377.1,5.8,1,28.1,89,2,6.3,Mild,3,1,0,63.915254237288146
40,0,3.7,348.5,6.8,2,27.4,73,1,0.8,,2,0,0,50.5072463768116
42,1,3.2,303.3,6.2,2,24.5,80,1,11.4,,2,0,0,48.142857142857146
43,1,4.2,402.5,6.4,2,25.5,58,1,8.4,,1,1,0,61.92307692307692
30,0,3.3,310.1,6.6,2,21.4,60,1,10.1,,1,0,0,46.28358208955225
38,0,1.7,158.5,7.7,2,23.7,77,1,4.8,,1,0,1,20.32051282051282
52,0,2.9,274.9,6.6,2,24.7,78,1,3.9,Mild,1,1,0,41.02985074626866
51,0,3.7,349.1,6.3,2,27.3,64,1,9.5,Mild,3,0,0,54.54687500000001
34,1,1.3,122.2,7.2,2,24.2,77,1,6.4,,2,1,0,16.73972602739726
36,0,1.6,156.6,7.4,2,32.0,75,1,5.3,Mild,3,0,0,20.88
48,0,2.8,265.6,6.7,2,24.4,77,1,3.2,,1,0,1,39.05882352941177
18,2,3.5,335.4,5.2,1,15.0,82,2,6.1,Mild,0,0,0,63.283018867924525
31,0,2.5,234.2,7.6,2,22.2,58,1,14.0,,4,0,0,30.415584415584416
51,0,2.9,274.3,7.3,2,20.2,79,1,1.6,Mild,0,0,0,37.06756756756757
46,0,0.0,0.0,6.6,2,22.6,75,1,2.4,,2,0,0,0.0
39,1,4.9,465.4,6.9,2,19.4,65,1,9.1,,2,0,0,66.48571428571428
18,1,3.7,348.0,8.7,0,17.1,59,1,3.6,,3,1,0,39.54545454545455
34,0,3.6,341.2,6.1,2,20.8,67,1,13.1,,4,0,0,55.032258064516135
27,0,3.5,329.0,6.4,2,25.5,68,1,12.8,,1,0,1,50.61538461538461
38,0,3.6,341.6,6.8,2,26.0,67,1,6.3,,1,1,0,49.5072463768116
25,0,4.6,435.7,9.8,0,20.7,73,1,10.2,,0,1,0,44.01010101010101
22,1,4.2,397.0,6.6,2,26.9,83,1,11.6,,4,0,0,59.25373134328359
18,0,3.1,298.5,5.8,1,21.6,75,2,5.0,Mild,3,1,1,50.59322033898305
49,1,3.7,352.3,4.9,3,21.1,61,0,4.8,Mild,1,0,1,70.46000000000001
30,1,2.9,277.1,6.1,2,22.2,75,1,0.0,,2,0,0,44.69354838709678
36,1,1.4,129.1,6.7,2,15.0,67,1,3.5,,1,0,0,18.985294117647058
34,0,1.7,165.1,7.5,2,22.9,66,1,10.2,,4,1,0,21.723684210526315
22,1,1.9,177.6,6.7,2,17.5,65,1,6.6,,2,1,1,26.11764705882353
19,0,2.2,213.3,6.7,2,21.7,73,1,9.5,,3,0,1,31.367647058823533
22,1,2.1,203.7,6.9,2,20.8,71,1,3.4,,1,0,0,29.099999999999998
26,1,0.8,72.9,7.1,2,27.6,64,1,9.1,,2,1,0,10.125000000000002
39,0,2.8,267.5,8.0,0,20.3,75,1,3.7,,3,0,0,33.02469135802469
25,0,3.6,342.6,5.3,1,32.9,70,2,10.6,Moderate,4,0,0,63.44444444444446
55,1,1.8,171.2,9.0,0,20.8,67,1,2.3,Mild,3,1,0,18.813186813186814
47,1,2.0,191.3,8.3,0,22.0,72,1,4.3,,3,0,1,22.773809523809526
44,0,3.6,345.0,7.7,2,24.8,70,1,3.1,,2,1,1,44.23076923076923
33,1,2.8,264.5,5.6,1,21.4,66,2,0.4,Mild,1,1,1,46.40350877192983
53,0,3.8,363.1,6.3,2,27.6,81,1,13.7,Mild,2,0,1,56.73437500000001
32,1,3.6,342.3,5.6,1,15.5,82,2,1.1,Mild,0,0,0,60.05263157894738
34,1,1.3,124.8,5.8,1,24.5,65,2,6.2,Mild,2,0,0,21.152542372881356
37,1,2.8,269.8,6.2,2,21.1,74,1,5.3,,2,0,0,42.82539682539683
43,0,3.4,323.0,6.3,2,26.9,68,1,2.7,,1,1,0,50.46875000000001
42,0,1.5,138.3,6.3,2,23.6,67,1,6.7,,4,0,0,21.609375000000004
29,1,0.7,71.2,6.9,2,25.8,64,1,7.6,,0,1,0,10.171428571428573
28,0,2.5,234.9,7.6,2,27.7,60,1,4.0,,1,1,1,30.50649350649351
42,0,0.0,0.0,7.9,2,29.5,70,1,7.9,,1,0,1,0.0
43,0,0.0,0.0,7.5,2,25.4,68,1,9.6,,3,0,0,0.0
30,1,3.4,323.1,6.4,2,30.6,68,1,7.8,Mild,0,0,0,49.70769230769231
18,1,1.4,129.2,6.3,2,19.3,83,1,13.5,,3,0,0,20.1875
32,0,2.0,194.5,7.0,2,22.3,74,1,2.1,,3,0,0,27.3943661971831
42,1,2.9,271.9,7.8,2,21.1,74,1,12.6,,1,0,0,34.41772151898734
56,1,2.4,231.7,8.2,0,24.1,88,1,2.2,Mild,4,0,0,27.91566265060241
20,0,1.3,128.2,5.3,1,24.6,75,2,6.5,Mild,1,0,1,23.74074074074074
29,1,5.4,516.8,6.1,2,21.6,93,1,2.3,,2,0,1,83.35483870967742
30,1,2.4,226.3,5.6,1,28.3,67,2,9.1,Mild,4,1,1,39.70175438596492
51,1,6.6,630.3,4.2,3,15.0,73,0,5.2,Moderate,0,0,0,146.5813953488372
34,0,1.1,103.6,8.2,0,28.2,80,1,6.8,,4,0,0,12.481927710843374
24,1,1.9,183.8,8.2,0,21.4,50,1,2.5,,0,0,0,22.144578313253017
41,0,2.5,241.0,6.4,2,25.5,73,1,7.1,,3,0,0,37.07692307692308
30,0,2.6,248.1,6.1,2,18.7,97,1,11.0,,1,0,0,40.01612903225807
20,0,4.0,378.6,5.9,1,24.7,62,2,14.0,Mild,1,0,1,63.1
24,1,0.0,0.0,4.9,3,24.8,84,0,4.3,Mild,2,0,0,0.0
55,1,4.8,455.1,7.6,2,28.0,71,1,6.5,Mild,1,0,1,59.10389610389611
39,0,0.0,0.0,6.4,2,27.5,98,1,11.7,,4,0,1,0.0
36,1,1.3,126.7,6.5,2,18.3,63,1,8.4,,2,1,0,19.1969696969697
32,0,2.6,244.9,7.0,2,23.7,64,1,11.1,,1,0,1,34.49295774647888
38,0,3.1,296.0,4.1,3,27.5,62,0,11.8,Mild,2,0,0,70.47619047619048
38,0,2.2,209.1,6.7,2,21.4,72,1,11.0,,1,1,1,30.75
38,1,1.8,169.3,6.9,2,16.7,66,1,14.3,,1,0,1,24.185714285714287
36,0,2.5,238.5,6.0,1,24.0,65,2,11.0,Mild,3,0,0,39.09836065573771
45,1,1.9,180.8,9.3,0,18.2,74,1,1.8,,1,0,1,19.23404255319149
35,1,4.1,391.9,4.9,3,21.4,78,0,12.0,Mild,1,0,0,78.38
23,0,3.5,336.1,7.0,2,20.1,51,1,1.3,,4,0,0,47.33802816901409
27,0,3.2,301.2,5.3,1,22.8,80,2,6.0,Mild,0,0,1,55.77777777777778
18,0,4.0,383.2,6.7,2,28.3,59,1,5.3,,4,1,0,56.35294117647059
59,0,3.0,287.1,5.2,1,26.2,68,2,2.4,Moderate,2,0,0,54.169811320754725
45,0,2.1,203.5,7.8,2,28.6,67,1,1.6,,2,0,1,25.759493670886076
25,1,0.1,8.3,7.4,2,25.8,73,1,4.3,,1,0,0,1.1066666666666667
31,1,5.3,503.0,4.2,3,24.5,64,0,10.3,Mild,1,0,0,116.97674418604652
27,0,4.2,397.5,6.5,2,29.0,79,1,3.1,,3,0,0,60.227272727272734
53,1,0.7,65.2,6.3,2,18.1,62,1,14.6,Mild,1,0,0,10.187500000000002
18,0,3.6,341.9,6.3,2,29.5,82,1,0.1,,4,0,0,53.421875
36,1,3.2,303.2,4.5,3,26.1,70,0,8.5,Mild,4,0,0,65.91304347826087
33,1,1.1,103.1,8.5,0,27.5,72,1,8.4,,4,0,1,11.988372093023255
44,1,4.6,434.9,5.2,1,21.6,82,2,4.1,Mild,4,0,0,82.05660377358491
33,0,2.7,261.1,6.3,2,20.6,69,1,8.9,,0,0,0,40.79687500000001
18,0,0.8,73.9,5.8,1,24.1,92,2,8.4,Mild,4,0,0,12.52542372881356
31,1,0.7,64.0,6.6,2,19.2,68,1,10.3,,4,0,0,9.55223880597015
23,1,3.1,296.8,6.4,2,22.1,73,1,13.1,,2,1,0,45.66153846153846
35,0,1.1,101.4,6.7,2,22.3,86,1,1.5,,2,0,0,14.911764705882355
52,1,1.4,132.8,8.5,0,22.0,75,1,12.5,Mild,2,0,0,15.441860465116282
18,0,3.1,298.0,6.4,2,21.1,80,1,0.3,,1,0,1,45.84615384615385
25,0,1.5,143.4,8.7,0,17.5,67,1,0.9,,2,0,0,16.295454545454547
28,0,1.8,170.5,5.0,1,25.9,50,2,13.6,Mild,1,0,1,33.43137254901961
30,0,1.3,124.9,8.2,0,24.7,64,1,10.6,,2,0,0,15.04819277108434
43,1,3.5,333.3,7.7,2,19.3,71,1,9.6,,4,0,0,42.73076923076923
32,0,4.4,414.0,7.7,2,25.4,64,1,7.8,,2,0,1,53.07692307692308
39,0,0.0,0.0,9.6,0,22.8,70,1,11.7,,3,0,0,0.0
27,0,1.0,97.3,3.8,3,20.4,55,0,10.9,Mild,1,0,1,24.94871794871795
37,1,0.0,0.0,4.5,3,26.3,70,0,5.2,Mild,4,0,0,0.0
44,0,2.7,255.5,6.7,2,24.0,64,1,7.4,,4,0,1,37.57352941176471
26,0,2.8,266.7,4.1,3,29.4,55,0,7.2,Mild,4,0,0,63.50000000000001
44,0,1.1,102.2,4.4,3,21.1,71,0,6.5,Mild,2,0,0,22.711111111111112
35,1,1.8,175.3,6.4,2,25.7,71,1,10.2,,1,0,0,26.96923076923077
47,1,3.2,302.8,5.9,1,30.1,68,2,12.2,Moderate,4,1,0,50.46666666666667
32,0,4.8,458.7,4.1,3,24.4,63,0,14.3,Mild,4,0,0,109.21428571428574
39,0,1.4,132.1,6.0,2,19.7,60,1,6.2,,2,0,0,21.65573770491803
34,1,2.7,253.1,7.5,2,21.9,86,1,10.5,,4,0,1,33.30263157894737
33,0,3.3,315.3,7.1,2,29.5,78,1,8.4,,4,0,1,43.79166666666667
38,1,5.2,493.6,7.1,2,29.3,66,1,2.7,,0,1,0,68.55555555555557
41,1,3.1,294.8,6.0,1,21.9,66,2,4.6,Mild,2,0,1,48.32786885245902
20,1,5.4,509.5,7.6,2,20.9,62,1,12.7,,0,0,0,66.16883116883118
52,1,0.3,32.1,9.1,0,27.0,68,1,12.1,Mild,0,0,0,3.4891304347826093
18,1,3.1,296.2,6.8,2,20.6,83,1,12.8,,2,0,1,42.92753623188406
26,1,2.1,199.1,6.1,2,24.2,75,1,0.6,,4,0,0,32.112903225806456
33,1,2.5,234.0,6.6,2,15.0,80,1,14.8,,4,1,1,34.92537313432836
39,0,0.7,64.4,5.4,1,30.1,58,2,8.4,Moderate,1,1,1,11.70909090909091
53,0,4.3,411.7,5.9,1,24.8,66,2,7.6,Moderate,1,0,1,68.61666666666666
18,0,3.4,320.4,7.2,2,22.2,74,1,11.0,,2,0,1,43.890410958904106
28,1,2.8,267.9,7.0,2,25.4,50,1,2.0,,3,0,0,37.732394366197184
18,1,0.0,0.0,7.6,2,26.6,63,1,3.4,,0,0,1,0.0
35,0,3.9,367.7,4.5,3,17.0,63,0,14.1,Mild,2,0,0,79.93478260869566
38,0,1.5,142.8,7.6,2,20.7,83,1,3.1,,4,1,0,18.54545454545455
54,1,1.3,125.8,6.1,2,22.5,79,1,5.0,Mild,0,0,1,20.290322580645164
36,1,0.2,22.7,6.7,2,18.5,74,1,3.7,,1,0,0,3.338235294117647
47,0,2.0,190.0,5.8,1,22.2,70,2,7.3,Mild,0,0,1,32.20338983050848
42,0,1.7,158.7,8.6,0,22.3,76,1,12.1,,1,0,0,18.24137931034483
29,1,4.5,428.7,4.7,3,20.8,69,0,12.6,Mild,2,0,0,89.3125
18,0,1.0,94.5,6.7,2,21.7,79,1,4.9,,1,0,1,13.897058823529411
38,0,1.4,135.1,5.2,1,22.8,61,2,1.1,Mild,2,0,0,25.49056603773585
18,0,1.6,153.4,7.9,2,17.1,60,1,1.7,,2,1,0,19.175
50,1,1.3,120.8,7.0,2,27.1,69,1,12.2,,4,0,0,17.014084507042256
33,2,0.5,48.3,5.6,1,25.7,72,2,6.4,Mild,3,0,0,8.473684210526317
49,1,3.5,330.0,6.6,2,22.3,83,1,12.3,,3,0,0,49.25373134328359
29,0,2.2,212.8,5.7,1,24.0,62,2,0.2,Mild,3,1,1,36.689655172413794
38,0,1.7,160.6,7.7,2,23.8,70,1,0.5,,2,0,1,20.58974358974359
37,1,1.5,144.7,9.2,0,31.5,72,1,4.7,Mild,2,0,0,15.559139784946238
34,0,2.7,255.4,5.0,1,21.2,64,2,3.1,Mild,4,0,1,50.078431372549026
29,1,1.5,145.7,8.5,0,25.1,76,1,9.7,,4,1,1,16.941860465116278
39,1,2.4,227.8,8.1,0,15.0,61,1,8.8,,1,0,0,27.780487804878053
23,1,3.2,305.5,6.1,2,25.1,70,1,13.4,,1,0,0,49.2741935483871
20,0,3.0,286.6,7.4,2,22.2,75,1,11.8,,2,1,0,38.21333333333334
49,1,4.7,442.4,6.6,2,25.2,76,1,1.5,,3,0,0,66.02985074626866
43,0,4.0,376.9,6.4,2,24.7,74,1,13.3,,0,0,0,57.98461538461538
35,1,3.0,284.6,6.0,1,23.9,59,2,1.8,Mild,4,1,0,46.65573770491804
54,1,3.1,291.9,7.4,2,24.6,82,1,3.0,Mild,0,0,0,38.919999999999995
31,1,5.4,516.9,5.6,1,27.1,72,2,7.6,Mild,0,0,1,90.6842105263158
50,0,1.3,123.8,8.0,0,23.1,55,1,1.7,,2,0,0,15.283950617283951
37,1,3.2,308.4,5.5,1,22.6,60,2,3.4,Mild,1,0,1,55.07142857142857
22,1,1.2,114.6,9.3,0,27.9,56,1,6.7,,3,0,1,12.191489361702127
57,1,3.8,356.3,5.1,1,24.6,60,2,3.7,Moderate,0,0,0,68.51923076923079
46,1,3.5,328.5,9.9,0,21.0,69,1,14.2,,4,0,0,32.85
33,0,2.1,202.5,6.3,2,25.7,50,1,2.4,,4,0,1,31.640625000000004
43,0,4.4,422.4,7.3,2,23.0,80,1,8.6,,4,1,1,57.08108108108108
30,1,2.6,246.1,7.8,2,18.6,83,1,7.5,,0,0,0,31.151898734177216
44,1,3.0,285.3,6.8,2,25.8,82,1,6.8,,1,0,0,41.34782608695652
18,0,0.1,7.2,8.3,0,22.4,57,1,3.5,,3,0,0,0.8571428571428571
22,1,5.9,558.5,5.4,1,16.6,79,2,2.9,Mild,0,0,0,101.54545454545455
46,0,1.0,90.4,5.4,1,18.8,80,2,4.6,Mild,1,1,0,16.436363636363637
32,1,0.6,60.3,7.0,2,26.5,90,1,8.9,,3,0,0,8.492957746478874
37,1,3.4,326.0,7.4,2,24.9,58,1,8.7,,3,0,0,43.46666666666667
18,0,2.8,261.9,5.9,1,23.3,78,2,11.6,Mild,3,0,1,43.65
57,0,0.2,19.1,7.3,2,25.8,66,1,4.6,Mild,3,0,0,2.5810810810810816
49,1,1.2,115.3,5.2,1,26.3,75,2,10.6,Mild,3,0,1,21.754716981132077
32,1,1.9,179.9,7.0,2,27.1,65,1,13.2,,1,0,0,25.338028169014088
30,1,1.4,131.6,6.3,2,27.0,74,1,12.9,,3,0,1,20.5625
47,0,2.8,265.5,6.8,2,21.6,91,1,7.0,,0,0,0,38.47826086956522
58,0,3.9,370.2,6.6,2,15.0,63,1,9.9,Mild,1,0,1,55.25373134328358
46,1,5.8,550.8,5.0,3,21.7,59,0,12.5,Mild,3,0,0,108.0
61,1,0.2,19.4,7.1,2,33.7,63,1,2.3,Moderate,1,0,0,2.6944444444444446
23,1,2.4,228.1,6.0,2,27.0,76,1,14.4,,1,0,1,37.39344262295082
25,1,2.6,249.6,7.7,2,22.3,76,1,9.0,,4,0,0,32.0
20,1,2.6,247.6,7.7,2,22.2,52,1,4.2,,1,0,1,31.743589743589745
40,0,2.8,265.9,6.8,2,29.0,69,1,7.9,,4,0,0,38.53623188405797
37,1,2.6,249.3,6.7,2,19.4,76,1,11.0,,2,0,0,36.661764705882355
33,1,4.2,403.0,7.3,2,26.6,75,1,12.3,,4,1,0,54.45945945945947
44,0,3.1,292.7,7.7,2,18.3,74,1,4.6,,2,0,1,37.52564102564102
49,1,0.2,22.0,8.8,0,28.5,83,1,5.1,,2,1,0,2.4719101123595504
18,1,0.5,49.8,6.6,2,23.7,67,1,12.3,,2,1,0,7.432835820895523
27,1,3.9,366.8,4.9,3,27.8,75,0,12.6,Mild,4,1,1,73.36
44,1,3.2,307.8,7.7,2,22.2,61,1,10.3,,1,0,0,39.46153846153847
29,0,2.1,198.2,8.6,0,31.9,85,1,10.3,Mild,3,0,0,22.7816091954023
25,0,3.2,304.8,6.6,2,25.0,59,1,3.8,,2,0,1,45.49253731343284
47,1,3.4,324.7,6.4,2,26.3,66,1,14.3,,3,0,0,49.95384615384615
19,1,4.0,381.6,8.3,0,28.5,72,1,12.8,,1,0,0,45.42857142857143
31,1,2.2,204.5,5.4,1,31.0,66,2,13.1,Moderate,2,0,0,37.18181818181818
38,0,3.7,351.0,6.1,2,23.0,76,1,2.9,,2,1,0,56.612903225806456
28,0,2.3,219.3,5.9,1,24.6,56,2,14.8,Mild,2,0,0,36.550000000000004
44,1,0.3,27.5,7.0,2,25.5,52,1,6.7,,2,1,0,3.8732394366197185
28,1,3.1,292.8,7.8,2,29.0,62,1,10.2,,4,0,0,37.06329113924051
51,1,4.4,417.9,4.8,3,27.6,83,0,13.5,Moderate,4,1,0,85.28571428571429
33,0,3.7,348.6,7.7,2,16.8,52,1,1.5,,0,0,0,44.69230769230769
43,0,4.3,408.4,5.4,1,18.4,77,2,4.8,Mild,3,0,1,74.25454545454545
43,0,2.8,262.6,7.1,2,26.9,80,1,5.5,,3,0,0,36.47222222222223
27,1,1.2,117.1,4.1,3,30.8,72,0,11.6,Moderate,0,0,0,27.880952380952383
18,0,2.8,265.0,4.1,3,22.1,61,0,4.4,Mild,4,0,0,63.09523809523811
39,0,1.9,184.1,6.5,2,26.3,63,1,5.9,,0,1,0,27.893939393939394
35,0,3.0,284.2,8.1,0,22.1,82,1,5.7,,2,1,1,34.65853658536586
41,1,2.6,245.9,7.9,2,24.6,70,1,13.7,,4,0,0,30.7375
32,0,4.0,384.1,4.5,3,21.0,73,0,0.1,Mild,2,0,0,83.50000000000001
29,1,0.4,40.4,8.3,0,21.8,69,1,2.1,,0,0,1,4.809523809523809
59,0,0.0,0.0,7.6,2,23.4,71,1,13.9,Mild,3,0,1,0.0
18,1,2.6,248.7,7.1,2,25.0,72,1,9.1,,1,0,0,34.54166666666667
43,0,2.0,186.8,9.4,0,30.0,80,1,1.4,Mild,1,0,1,19.663157894736845
28,0,1.7,163.5,6.0,1,20.7,65,2,7.1,Mild,2,0,0,26.803278688524593
30,1,1.4,136.8,8.0,2,29.9,60,1,14.1,,1,0,0,16.88888888888889
31,0,2.4,232.4,6.7,2,26.8,71,1,11.3,,2,0,0,34.1764705882353
25,1,3.1,296.3,8.5,0,21.4,70,1,3.8,,0,0,0,34.45348837209303
41,1,3.3,315.9,6.9,2,21.3,71,1,6.5,,4,1,0,45.128571428571426
51,1,0.0,0.0,6.4,2,19.2,89,1,7.4,Mild,3,1,0,0.0
40,1,2.3,222.7,5.9,1,20.7,64,2,11.5,Mild,2,1,0,37.11666666666667
36,0,0.0,0.0,7.3,2,18.0,78,1,11.7,,4,0,0,0.0
23,1,3.8,364.4,5.5,1,24.0,68,2,4.4,Mild,4,1,0,65.07142857142857
41,0,3.4,326.1,3.0,3,22.3,78,0,10.9,Mild,2,0,0,105.19354838709678
60,0,0.9,85.6,8.4,0,21.1,71,1,14.6,Mild,3,1,0,10.070588235294117
30,0,2.6,250.1,8.0,2,28.8,75,1,1.1,,3,0,1,30.876543209876544
30,0,0.0,0.0,7.0,2,24.6,76,1,12.2,,4,0,0,0.0
28,1,3.2,299.7,7.4,2,25.2,64,1,8.9,,1,0,1,39.96
29,0,3.2,301.8,7.4,2,28.1,50,1,5.7,,4,0,0,40.24
18,1,3.6,345.5,6.5,2,19.4,80,1,11.8,,0,1,0,52.34848484848485
39,0,3.4,326.1,4.4,3,23.2,50,0,4.9,Mild,2,0,0,72.46666666666667
24,0,1.7,160.8,7.2,2,28.3,64,1,5.0,,4,0,1,22.027397260273975
18,0,1.0,90.9,6.5,2,18.2,60,1,7.5,,3,0,0,13.772727272727275
44,1,1.5,138.3,9.2,0,25.3,79,1,6.9,,0,1,0,14.870967741935488
22,0,2.3,219.6,7.4,2,29.9,87,1,2.0,,4,0,0,29.279999999999998
30,0,0.6,57.4,7.7,2,16.7,71,1,0.4,,2,1,1,7.358974358974359
52,0,2.0,188.2,8.5,0,29.9,66,1,9.5,Mild,2,0,0,21.883720930232556
18,1,2.0,188.2,6.8,2,27.1,63,1,5.0,,2,1,0,27.275362318840582
18,0,4.2,396.8,8.8,0,24.8,75,1,7.9,,3,1,0,44.58426966292135
38,1,3.2,304.6,5.3,1,28.6,57,2,3.1,Mild,2,0,0,56.40740740740742
48,0,1.4,135.0,6.7,2,25.5,53,1,8.5,,0,0,0,19.852941176470587
18,0,2.9,279.1,8.2,0,20.1,62,1,5.0,,1,0,0,33.62650602409639
39,1,3.1,297.5,5.1,1,22.3,66,2,9.2,Mild,0,0,0,57.21153846153847
41,1,0.0,0.0,6.6,2,23.7,50,1,10.2,,3,1,0,0.0
18,0,5.6,533.3,6.7,2,26.4,89,1,0.0,,3,1,1,78.42647058823529
44,1,2.2,211.5,7.3,2,21.1,64,1,6.5,,0,0,1,28.581081081081084
45,1,1.1,109.1,6.1,2,24.7,60,1,10.9,,0,0,0,17.596774193548388
31,0,2.5,240.4,8.4,0,24.2,78,1,11.1,,0,0,0,28.28235294117647
50,0,1.1,106.6,5.6,1,24.7,56,2,5.7,Mild,3,0,0,18.701754385964914
48,0,0.0,0.0,7.3,2,26.9,65,1,12.3,,2,1,0,0.0
36,1,3.3,317.8,5.7,1,22.2,73,2,9.8,Mild,3,1,1,54.793103448275865
29,1,2.6,243.5,4.4,3,20.2,61,0,14.8,Mild,2,0,0,54.111111111111114
23,0,2.9,274.7,5.7,1,23.3,70,2,7.7,Mild,0,1,0,47.36206896551724
34,0,0.0,0.0,6.6,2,17.7,74,1,5.6,,2,0,0,0.0
41,0,3.2,302.4,5.0,3,26.1,66,0,13.8,Mild,4,1,0,59.294117647058826
31,0,2.2,205.2,8.2,0,25.9,90,1,6.1,,1,1,0,24.722891566265062
18,1,0.6,58.9,7.1,2,24.8,68,1,9.6,,2,0,0,8.180555555555555
50,1,1.1,107.8,7.2,2,18.8,70,1,12.4,,1,0,0,14.767123287671232
37,0,4.9,461.5,6.2,2,20.2,70,1,6.9,,0,0,0,73.25396825396825
30,0,1.8,175.2,6.6,2,30.5,70,1,6.6,Mild,1,0,0,26.149253731343286
45,0,4.8,455.1,7.0,2,23.0,66,1,4.3,,4,0,1,64.09859154929578
53,0,1.1,100.9,6.2,2,27.0,82,1,14.4,Mild,3,1,0,16.015873015873016
18,0,1.6,155.7,4.0,3,34.5,84,0,14.2,Moderate,1,1,1,37.97560975609756
40,0,1.9,178.2,4.5,3,22.8,76,0,7.0,Mild,3,0,0,38.73913043478261
18,1,3.7,347.9,6.8,2,26.0,72,1,4.9,,3,0,0,50.42028985507246
40,2,2.9,272.9,6.2,2,23.7,66,1,1.9,,2,0,1,43.317460317460316
36,0,2.8,261.5,9.8,0,26.6,66,1,7.2,,1,0,1,26.41414141414141
42,1,4.1,385.3,7.5,2,26.1,94,1,13.4,,2,0,1,50.69736842105264
29,0,3.4,323.9,7.0,2,26.1,68,1,13.0,,1,1,0,45.61971830985915
18,1,0.5,43.7,5.0,3,30.0,51,0,1.7,Mild,4,0,0,8.568627450980394
29,0,3.9,373.5,5.6,1,21.1,87,2,7.3,Mild,4,0,0,65.5263157894737
39,1,0.9,84.9,8.1,0,24.8,55,1,12.2,,2,0,0,10.353658536585368
47,0,4.0,377.9,6.6,2,23.8,61,1,12.5,,0,0,1,56.40298507462687
20,0,3.2,300.3,5.4,1,19.9,70,2,14.0,Mild,3,0,0,54.6
47,0,3.4,318.5,5.1,1,24.7,71,2,3.0,Mild,3,0,0,61.25000000000001
27,0,1.8,174.7,7.4,2,28.6,70,1,6.2,,1,0,0,23.293333333333333
39,0,0.9,83.2,6.1,2,18.2,72,1,14.3,,4,0,0,13.41935483870968
28,1,2.3,215.9,6.1,2,28.1,64,1,4.1,,2,0,0,34.822580645161295
37,1,2.9,279.2,6.3,2,25.7,55,1,5.0,,0,0,1,43.625
45,0,3.4,319.2,8.2,0,27.7,68,1,3.4,,1,0,1,38.45783132530121
20,0,1.7,164.0,6.5,2,24.1,59,1,8.1,,4,0,0,24.84848484848485
26,1,1.5,141.3,8.5,0,36.0,78,1,7.9,Mild,0,0,0,16.430232558139537
37,1,2.0,192.2,6.2,2,25.7,65,1,12.3,,0,0,0,30.507936507936506
63,1,3.7,351.3,4.7,3,24.9,69,0,6.2,Moderate,2,0,0,73.1875
24,0,0.0,0.0,6.7,2,24.4,83,1,3.8,,2,0,0,0.0
59,0,2.1,197.6,6.7,2,20.9,73,1,12.5,Mild,4,0,1,29.058823529411764
59,1,1.5,138.6,4.8,3,22.9,62,0,9.7,Moderate,2,0,0,28.28571428571429
33,0,3.2,308.3,5.3,1,22.3,68,2,2.3,Mild,1,0,0,57.0925925925926
31,1,4.1,390.2,7.1,2,26.4,72,1,8.6,,3,0,0,54.19444444444445
26,0,0.1,5.2,6.4,2,27.9,76,1,6.9,,1,0,1,0.8
34,1,3.0,282.8,7.6,2,28.4,71,1,12.7,,1,0,0,36.727272727272734
18,0,3.8,363.5,4.8,3,22.5,63,0,9.0,Mild,0,0,1,74.18367346938777
34,1,1.0,97.6,5.8,1,18.6,82,2,11.9,Mild,4,1,0,16.542372881355934
52,1,4.0,375.5,7.3,2,27.0,60,1,7.0,Mild,4,0,0,50.74324324324325
27,0,1.0,95.8,7.0,2,20.7,76,1,14.7,,0,0,0,13.492957746478874
32,1,3.4,321.9,4.5,3,28.8,74,0,12.0,Mild,1,0,0,69.97826086956522
18,0,4.3,404.6,6.7,2,26.2,71,1,9.0,,1,0,0,59.50000000000001
39,0,1.4,129.5,8.5,0,26.4,60,1,12.2,,3,0,0,15.058139534883722
38,1,2.1,199.8,6.5,2,21.4,50,1,4.8,,3,0,1,30.272727272727277
35,0,4.2,396.2,5.7,1,22.8,56,2,14.7,Mild,4,0,0,68.3103448275862
32,1,0.0,0.0,8.2,0,22.1,73,1,6.2,,1,0,0,0.0
31,0,3.2,306.9,5.8,1,28.4,75,2,5.6,Mild,3,1,1,52.016949152542374
41,2,5.2,493.7,6.9,2,20.2,87,1,11.8,,0,1,0,70.52857142857142
34,1,0.0,0.0,6.6,2,27.8,70,1,9.5,,1,0,1,0.0
38,0,4.1,391.0,5.1,1,27.6,72,2,11.5,Mild,2,0,1,75.19230769230771
37,1,3.7,355.1,5.8,1,23.4,64,2,11.7,Mild,3,0,0,60.18644067796611
48,0,2.4,229.8,3.9,3,31.2,67,0,9.5,Moderate,0,0,0,57.45
43,1,3.1,295.9,7.5,2,26.2,71,1,12.7,,0,1,0,38.93421052631579
37,1,2.9,272.5,7.4,2,15.7,88,1,10.9,,2,0,0,36.333333333333336
53,2,1.7,159.9,7.0,2,25.5,74,1,8.7,Mild,3,1,1,22.521126760563384
40,1,4.4,413.8,5.6,1,20.0,68,2,11.4,Mild,4,0,0,72.59649122807019
50,0,2.5,236.6,7.6,2,22.4,64,1,7.5,,0,0,0,30.72727272727273
42,0,3.1,293.6,7.3,2,28.3,50,1,7.3,,1,1,1,39.675675675675684
18,0,1.1,100.7,7.8,2,20.9,57,1,5.1,,4,0,1,12.746835443037975
50,0,0.0,0.0,7.5,2,28.0,66,1,12.7,,0,0,0,0.0
36,0,0.7,69.5,6.6,2,24.0,70,1,4.5,,0,1,0,10.37313432835821
34,1,5.2,498.2,5.9,1,23.1,63,2,3.8,Mild,2,0,1,83.03333333333333
38,0,3.5,329.3,4.1,3,19.0,82,0,3.3,Mild,3,0,0,78.40476190476193
30,0,1.9,175.9,5.3,1,19.8,78,2,9.9,Mild,3,0,1,32.574074074074076
37,1,3.4,319.1,7.0,2,27.7,76,1,3.0,,2,1,1,44.94366197183099
27,1,3.1,297.8,8.4,0,22.0,82,1,13.0,,2,0,0,35.03529411764706
50,0,0.0,0.0,8.0,2,22.8,82,1,10.5,,4,0,1,0.0
33,2,3.8,358.6,6.1,2,23.8,66,1,11.8,,4,0,1,57.83870967741937
30,0,0.0,0.0,6.0,2,25.9,65,1,2.1,,2,0,0,0.0
23,0,1.6,147.9,7.6,2,31.2,69,1,0.2,Mild,4,1,1,19.20779220779221
38,1,1.0,97.8,7.1,2,26.5,66,1,1.2,,1,0,1,13.583333333333334
37,0,2.8,266.2,5.6,1,34.8,55,2,10.2,Moderate,2,1,0,46.70175438596492
39,0,2.8,267.6,6.8,2,26.5,75,1,1.5,,3,1,1,38.78260869565218
22,1,0.0,0.0,7.9,2,19.3,70,1,7.1,,3,0,1,0.0
18,1,4.3,412.8,4.4,3,24.5,83,0,12.0,Mild,2,0,0,91.73333333333333
42,1,2.6,246.4,6.5,2,33.5,57,1,5.4,Mild,3,0,1,37.333333333333336
52,0,3.9,374.7,8.0,2,31.3,80,1,0.7,Moderate,0,0,1,46.25925925925926
22,1,2.5,242.2,7.9,2,28.8,92,1,13.3,,1,0,0,30.275
54,1,2.8,262.6,6.6,2,17.5,63,1,10.6,Mild,0,0,0,39.194029850746276
38,1,0.3,33.1,5.7,1,29.9,64,2,0.5,Mild,2,0,0,5.706896551724139
34,1,1.3,126.6,5.1,1,22.0,72,2,4.9,Mild,3,0,1,24.346153846153847
30,1,2.2,206.9,7.7,2,25.1,75,1,5.6,,4,0,0,26.525641025641026
18,0,3.5,336.7,5.8,1,24.1,50,2,13.0,Mild,0,1,0,57.067796610169495
46,1,1.8,173.3,7.5,2,22.9,79,1,1.3,,0,0,0,22.80263157894737
25,0,1.4,135.0,8.2,0,23.9,52,1,11.5,,3,0,0,16.26506024096386
25,0,1.1,108.8,5.9,1,22.6,78,2,14.6,Mild,4,0,0,18.133333333333333
46,0,3.0,288.6,6.1,2,16.2,52,1,5.8,,2,0,0,46.5483870967742
18,0,2.4,224.4,8.0,0,19.1,64,1,0.4,,3,0,0,27.703703703703706
18,1,1.2,111.7,6.6,2,26.5,80,1,3.6,,1,0,1,16.671641791044777
34,1,2.2,209.9,7.4,2,29.3,64,1,1.9,,1,0,1,27.986666666666668
38,1,1.4,130.2,6.4,2,24.6,81,1,11.8,,2,0,0,20.03076923076923
40,2,1.0,98.1,5.5,1,26.9,70,2,5.3,Mild,2,0,1,17.517857142857142
31,1,0.1,9.8,7.6,2,23.0,71,1,13.5,,1,0,0,1.272727272727273
65,0,0.5,43.9,8.8,0,23.0,65,1,13.7,Mild,4,0,0,4.932584269662921
32,0,2.4,230.0,7.1,2,21.8,61,1,5.5,,2,0,1,31.944444444444446
32,0,0.0,0.0,7.7,2,18.2,87,1,9.1,,1,0,0,0.0
25,0,1.2,117.4,7.6,2,26.0,71,1,14.2,,4,0,1,15.246753246753249
36,0,3.5,329.7,8.5,0,23.1,56,1,1.3,,4,0,0,38.33720930232558
42,1,4.0,377.4,6.0,2,28.4,77,1,11.6,,2,0,0,61.868852459016395
49,0,3.1,290.2,3.9,3,26.3,56,0,0.7,Mild,0,0,0,72.55
18,1,3.7,353.8,8.0,2,26.2,70,1,6.7,,4,0,0,43.67901234567901
32,0,2.5,240.3,4.9,3,24.0,58,0,7.7,Mild,2,0,0,48.06
40,0,0.9,87.5,6.3,2,18.8,61,1,8.2,,4,0,0,13.671875000000002
42,1,3.5,335.2,5.5,1,19.7,73,2,12.7,Mild,3,0,0,59.85714285714286
35,0,3.2,306.9,5.6,1,22.6,73,2,3.1,Mild,4,0,0,53.8421052631579
41,1,1.7,160.6,7.8,2,27.9,57,1,6.6,,0,0,0,20.329113924050635
25,0,1.6,148.8,7.6,2,26.8,72,1,4.1,,4,0,0,19.32467532467533
53,0,2.4,231.0,5.6,1,34.2,53,2,8.9,Severe,0,1,0,40.52631578947369
46,0,4.2,399.0,7.9,2,19.4,83,1,8.4,,1,0,0,49.875
18,1,1.9,183.9,6.4,2,27.6,71,1,11.8,,0,1,0,28.292307692307695
22,1,0.0,0.0,9.2,0,20.0,69,1,2.7,,4,0,1,0.0
22,0,3.2,299.3,6.1,2,27.9,63,1,12.2,,1,1,1,48.2741935483871
43,0,0.8,79.4,6.3,2,24.8,62,1,5.2,,1,0,0,12.406250000000002
19,1,3.2,300.9,6.1,2,17.8,79,1,8.5,,1,0,1,48.53225806451613
31,1,3.1,295.4,5.5,1,23.6,75,2,3.4,Mild,1,1,0,52.75
40,1,4.8,456.7,6.9,2,29.6,81,1,7.2,,4,0,0,65.24285714285715
34,0,2.4,223.4,5.8,1,24.1,63,2,2.5,Mild,2,0,1,37.864406779661024
38,1,3.2,308.2,6.2,2,25.5,69,1,10.3,,0,1,0,48.92063492063492
22,1,2.7,256.6,7.2,2,27.1,74,1,0.7,,2,1,0,35.15068493150685
42,0,3.8,362.7,8.8,0,22.1,69,1,9.0,,2,0,0,40.752808988764045
27,1,0.0,0.0,6.2,2,30.2,74,1,11.3,Mild,0,1,0,0.0
31,0,1.5,141.0,6.1,2,25.4,64,1,13.2,,3,0,0,22.74193548387097
37,1,2.1,202.3,6.0,1,29.0,58,2,12.3,Mild,0,1,0,33.16393442622951
36,1,2.6,244.2,7.2,2,25.5,75,1,13.4,,3,0,0,33.45205479452055
35,0,0.7,64.5,6.3,2,24.3,55,1,9.2,,0,0,0,10.078125
25,1,2.9,279.7,5.5,1,21.4,91,2,0.8,Mild,2,0,0,49.94642857142857
31,1,3.8,363.2,6.5,2,27.2,68,1,14.6,,2,0,0,55.03030303030303
35,0,1.5,138.8,7.5,2,22.4,66,1,11.7,,0,1,0,18.263157894736846
18,1,1.0,99.0,6.3,2,22.4,72,1,8.9,,1,0,0,15.468750000000002
29,0,3.1,293.9,6.7,2,15.2,75,1,6.9,,3,0,0,43.220588235294116
39,1,2.7,260.2,6.9,2,20.4,66,1,1.5,,1,0,1,37.17142857142857
19,0,2.9,270.8,6.6,2,21.2,73,1,0.2,,3,0,0,40.4179104477612
48,0,0.3,30.6,7.3,2,23.7,64,1,6.5,,2,1,1,4.135135135135136
50,1,6.6,627.4,5.0,3,26.3,85,0,14.6,Mild,3,0,0,123.01960784313727
20,1,0.0,0.0,5.7,1,21.7,78,2,7.9,Mild,2,0,1,0.0
51,0,3.8,360.9,5.5,1,21.7,66,2,5.9,Moderate,0,1,0,64.44642857142857
33,1,1.4,135.3,4.0,3,29.6,66,0,6.8,Mild,0,0,0,33.00000000000001
40,1,7.0,668.1,4.5,3,27.7,67,0,4.5,Mild,4,0,1,145.23913043478262
29,1,3.2,300.1,7.4,2,23.0,70,1,14.7,,4,0,0,40.013333333333335
46,0,4.1,389.5,7.2,2,22.0,76,1,2.0,,0,0,1,53.35616438356165
39,0,3.2,308.5,4.9,3,19.6,78,0,10.4,Mild,4,0,0,61.7
25,1,0.0,0.0,5.0,3,25.7,71,0,6.8,Mild,0,0,1,0.0
21,0,2.7,253.5,6.6,2,30.0,73,1,2.3,,1,0,1,37.83582089552239
18,0,3.0,288.9,7.2,2,22.1,70,1,8.8,,2,1,1,39.57534246575342
37,1,3.2,305.0,5.6,1,24.5,80,2,8.9,Mild,0,0,0,53.50877192982457
41,0,4.3,406.1,5.6,1,25.6,68,2,2.7,Mild,4,0,1,71.24561403508773
42,0,2.8,269.9,7.5,2,21.3,90,1,6.9,,4,0,0,35.51315789473684
33,0,3.7,352.2,8.5,0,19.6,85,1,13.5,,4,0,1,40.95348837209303
21,1,1.4,129.1,6.1,2,19.0,67,1,1.7,,1,0,0,20.822580645161292
26,2,0.0,0.0,7.7,2,28.9,69,1,14.6,,1,0,0,0.0
48,0,1.1,105.9,6.8,2,22.8,50,1,0.1,,1,0,0,15.347826086956523
29,0,1.4,131.7,8.1,0,28.5,58,1,9.3,,0,0,1,16.0609756097561
36,0,1.1,106.0,5.5,1,24.7,66,2,8.4,Mild,2,0,0,18.92857142857143
22,1,0.7,63.1,6.9,2,31.7,66,1,0.2,Mild,1,0,0,9.014285714285714
39,0,1.1,101.0,6.1,2,18.8,75,1,9.3,,4,0,0,16.290322580645164
29,0,1.8,174.7,6.6,2,28.0,78,1,12.0,,4,1,1,26.074626865671643
47,1,1.0,92.1,7.9,2,22.7,54,1,0.9,,1,0,0,11.5125
44,1,6.4,603.3,6.0,2,18.0,61,1,7.5,,2,0,0,98.90163934426229
29,1,0.4,38.0,6.0,2,21.8,56,1,11.0,,2,0,0,6.229508196721312
33,0,3.2,300.2,7.6,2,15.0,57,1,11.9,,2,0,0,38.98701298701299
28,0,1.7,160.4,7.4,2,16.8,70,1,12.3,,4,0,0,21.386666666666667
18,0,3.3,314.0,6.8,2,26.6,81,1,1.2,,0,0,0,45.5072463768116
24,1,2.1,203.0,5.2,1,23.7,83,2,10.0,Mild,3,0,0,38.301886792452834
37,0,3.8,358.7,7.0,2,26.3,83,1,10.8,,1,0,0,50.521126760563384
38,0,1.9,180.6,5.9,1,25.4,52,2,4.1,Mild,1,0,0,30.099999999999998
36,1,2.6,249.9,5.4,1,23.9,66,2,14.6,Mild,3,0,1,45.43636363636364
31,1,0.0,0.0,5.9,1,27.8,71,2,10.8,Mild,3,0,0,0.0
46,1,0.4,41.6,7.6,2,18.4,77,1,13.8,,4,1,1,5.4025974025974035
35,0,0.2,16.0,7.5,2,27.9,50,1,10.4,,4,0,0,2.1052631578947367
43,0,4.8,453.6,6.3,2,23.2,64,1,2.0,,1,0,0,70.87500000000001
18,2,3.9,370.3,3.8,3,24.2,86,0,3.9,Mild,0,0,0,94.94871794871796
18,1,2.8,265.3,7.9,2,29.7,70,1,6.3,,1,0,0,33.1625
38,0,4.1,386.5,7.4,2,18.3,85,1,6.4,,1,0,0,51.53333333333333
18,0,1.0,93.0,6.2,2,26.4,77,1,9.7,,1,0,1,14.761904761904763
32,1,4.7,449.5,7.9,2,19.8,66,1,8.7,,4,0,1,56.1875
31,1,2.6,251.3,5.4,1,29.7,76,2,1.3,Mild,1,0,0,45.690909090909095
54,0,2.1,203.5,6.8,2,31.3,81,1,12.6,Moderate,0,0,0,29.49275362318841
39,0,4.0,382.1,6.5,2,26.8,68,1,12.8,,0,0,0,57.8939393939394
36,1,3.9,373.6,6.7,2,28.0,64,1,12.8,,0,0,0,54.94117647058824
45,1,0.4,35.2,5.3,1,15.7,59,2,3.3,Mild,1,1,0,6.51851851851852
39,0,3.8,360.3,4.5,3,21.4,80,0,4.8,Mild,3,0,1,78.32608695652175
29,0,2.2,212.9,6.6,2,24.0,80,1,11.0,,1,0,0,31.776119402985078
47,0,2.9,277.0,5.5,1,25.4,62,2,6.1,Mild,3,0,0,49.464285714285715
21,1,1.9,178.8,7.1,2,22.1,58,1,6.7,,1,0,1,24.833333333333336
38,1,0.9,81.2,7.0,2,22.1,64,1,9.0,,0,0,1,11.43661971830986
18,1,0.5,44.7,8.5,0,21.0,67,1,0.5,,3,0,0,5.1976744186046515
37,0,1.6,149.2,8.3,0,24.1,77,1,0.5,,0,0,0,17.76190476190476
37,0,3.2,299.6,6.6,2,20.4,87,1,0.9,,1,0,1,44.71641791044777
55,0,2.9,273.8,8.4,0,16.2,64,1,3.3,Mild,4,1,1,32.21176470588235
18,1,2.8,266.4,6.8,2,15.0,87,1,14.7,,3,0,0,38.608695652173914
27,0,3.7,351.1,6.4,2,26.0,60,1,1.5,,1,0,0,54.01538461538462
44,0,2.4,229.6,8.7,0,24.4,77,1,13.3,,0,0,0,26.090909090909093
39,0,5.3,507.5,5.1,1,23.9,85,2,1.8,Mild,2,0,1,97.59615384615385
37,0,3.1,291.3,4.7,3,27.9,61,0,11.1,Mild,4,0,0,60.68750000000001
23,0,1.0,96.9,6.6,2,17.7,59,1,9.5,,2,0,1,14.462686567164182
27,0,0.5,46.8,7.1,2,23.4,72,1,10.9,,2,0,1,6.5
49,1,3.0,284.9,7.3,2,29.7,82,1,1.3,,4,1,1,38.5
34,0,2.2,206.9,5.3,1,22.4,69,2,11.3,Mild,0,0,0,38.31481481481482
39,1,0.8,72.8,6.7,2,23.2,79,1,4.9,,2,1,0,10.705882352941176
33,0,2.3,215.0,5.2,1,27.9,77,2,3.8,Mild,2,0,0,40.56603773584906
20,0,1.7,159.0,6.4,2,23.0,56,1,9.4,,1,0,0,24.46153846153846
46,1,1.8,174.3,8.3,0,16.8,70,1,1.5,,4,0,0,20.75
41,0,4.5,430.9,6.5,2,23.4,82,1,3.6,,3,0,1,65.28787878787878
62,0,3.6,339.8,5.3,1,21.3,62,2,8.3,Moderate,2,0,0,62.92592592592593
22,0,4.1,386.8,4.0,3,19.1,64,0,11.7,Mild,1,0,0,94.34146341463416
44,0,5.1,482.2,5.8,1,29.4,83,2,13.0,Mild,4,0,0,81.72881355932203
19,0,2.7,255.3,6.6,2,24.8,69,1,6.4,,3,0,1,38.104477611940304
36,0,2.9,273.5,6.6,2,27.9,75,1,14.6,,3,0,1,40.820895522388064
46,1,3.0,284.0,5.0,3,17.8,53,0,11.6,Mild,2,0,1,55.68627450980392
18,1,4.2,395.6,6.6,2,22.7,77,1,6.0,,0,0,0,59.044776119403
32,1,4.1,387.7,4.2,3,27.6,64,0,5.9,Mild,4,0,1,90.16279069767442
28,0,1.6,153.9,6.9,2,25.9,55,1,6.6,,1,1,0,21.985714285714288
26,1,0.8,74.5,6.7,2,29.0,67,1,11.2,,4,0,1,10.955882352941178
39,0,0.9,84.3,7.7,2,22.2,78,1,4.8,,1,0,1,10.807692307692308
48,1,2.6,244.9,7.9,2,24.5,80,1,1.5,,2,0,0,30.6125
33,0,0.7,61.8,4.1,3,24.8,69,0,8.4,Mild,4,0,1,14.714285714285715
37,1,3.0,289.3,7.3,2,25.1,66,1,9.3,,2,0,0,39.0945945945946
36,0,0.0,0.0,8.3,0,24.4,54,1,14.1,,0,0,0,0.0
35,0,5.3,504.0,7.0,2,22.3,78,1,2.0,,1,1,0,70.98591549295774
21,0,0.4,42.1,6.3,2,27.2,69,1,8.0,,0,0,0,6.578125000000001
48,0,1.5,144.6,8.1,0,26.6,68,1,3.2,,1,1,1,17.634146341463417
38,0,1.6,155.2,6.1,2,25.0,67,1,11.3,,0,0,0,25.03225806451613
39,0,4.7,446.1,5.0,3,21.2,80,0,5.3,Mild,4,0,1,87.47058823529413
25,0,2.5,236.5,6.6,2,22.9,78,1,9.6,,1,1,1,35.29850746268657
29,1,0.9,85.6,6.7,2,17.8,80,1,2.6,,2,0,1,12.588235294117647
32,0,2.4,227.2,7.7,2,22.1,78,1,8.7,,1,1,1,29.128205128205128
18,0,2.6,243.9,5.8,1,24.1,67,2,0.2,Mild,3,0,1,41.33898305084746
18,1,3.1,292.6,6.7,2,27.8,66,1,12.6,,1,0,0,43.029411764705884
27,0,0.9,81.5,5.5,1,21.4,68,2,8.9,Mild,1,0,0,14.553571428571429
41,0,3.8,363.5,8.0,0,22.2,71,1,3.3,,3,1,0,44.876543209876544
27,0,2.7,256.0,7.3,2,27.7,78,1,5.0,,0,0,0,34.5945945945946
22,0,4.7,446.5,3.6,3,29.0,71,0,2.2,Mild,0,1,0,120.67567567567566
25,1,2.2,212.8,8.1,0,23.1,69,1,10.1,,1,0,0,25.951219512195127
29,1,2.4,226.7,6.8,2,26.6,74,1,5.6,,0,0,0,32.85507246376812
30,1,2.3,213.9,6.8,2,20.7,75,1,14.3,,3,0,0,31.000000000000004
60,1,4.4,415.9,8.5,0,24.7,64,1,13.4,Mild,2,0,1,48.360465116279066
47,0,3.5,335.1,4.5,3,23.9,67,0,12.2,Mild,0,0,0,72.84782608695653
47,1,1.4,133.3,7.3,2,19.7,61,1,4.0,,1,0,1,18.013513513513516
49,0,6.5,618.7,5.6,1,25.2,66,2,4.4,Mild,2,0,0,108.54385964912282
23,0,1.5,146.1,5.7,1,22.2,82,2,6.1,Mild,2,1,0,25.189655172413794
20,0,1.7,162.7,8.4,0,31.0,78,1,13.8,Mild,2,0,0,19.141176470588235
21,1,3.9,374.8,5.4,1,21.6,78,2,7.1,Mild,1,0,0,68.14545454545454
51,1,2.3,214.6,6.0,1,17.3,78,2,1.4,Moderate,2,1,0,35.18032786885246
28,1,0.9,83.9,7.2,2,24.3,50,1,3.5,,3,0,1,11.493150684931507
19,1,4.3,413.1,7.8,2,26.8,69,1,0.7,,2,0,0,52.29113924050633
29,2,5.5,522.9,5.8,1,22.9,74,2,0.9,Mild,3,0,0,88.6271186440678
32,0,1.0,91.4,7.8,2,25.8,61,1,13.8,,1,1,1,11.569620253164558
38,1,4.3,412.0,8.4,0,27.1,56,1,9.3,,1,0,0,48.470588235294116
38,0,1.8,167.1,8.9,0,22.6,67,1,1.5,,1,1,0,18.566666666666666
25,1,0.0,0.0,8.5,0,34.4,76,1,8.8,Mild,2,0,0,0.0
43,0,3.5,330.4,8.0,2,23.0,80,1,14.6,,0,0,0,40.79012345679012
27,1,0.0,0.0,8.2,0,31.5,56,1,0.2,Mild,0,0,1,0.0
33,0,1.4,133.4,5.2,1,27.8,73,2,11.2,Mild,2,0,1,25.169811320754718
43,1,2.1,198.3,7.2,2,30.7,57,1,2.6,Mild,4,1,0,27.164383561643838
27,1,2.5,232.8,7.2,2,27.1,74,1,5.7,,4,1,1,31.890410958904113
28,1,4.1,393.3,7.1,2,25.8,64,1,1.7,,3,0,1,54.62500000000001
42,1,1.6,150.1,5.7,1,21.0,76,2,0.1,Mild,0,0,0,25.879310344827587
24,0,4.6,436.4,7.0,2,22.3,75,1,1.5,,2,0,0,61.46478873239437
30,1,2.4,224.5,7.9,2,20.3,87,1,8.6,,1,0,0,28.0625
41,0,0.9,82.7,7.2,2,25.5,70,1,13.5,,0,0,0,11.328767123287673
59,0,3.4,322.2,5.2,1,28.6,75,2,0.3,Moderate,2,0,0,60.79245283018868
42,0,5.2,494.0,5.5,1,24.9,78,2,0.9,Mild,4,0,1,88.21428571428572
40,0,1.8,171.9,7.2,2,26.6,66,1,2.4,,4,0,0,23.547945205479454
41,1,0.9,88.7,7.0,2,28.9,81,1,14.6,,4,0,0,12.492957746478874
22,0,1.6,155.3,5.0,1,21.7,94,2,2.6,Mild,3,1,1,30.45098039215687
36,0,0.0,0.0,7.4,2,26.9,67,1,7.0,,2,0,0,0.0
34,0,3.0,281.1,5.2,1,29.2,63,2,0.6,Mild,2,0,0,53.03773584905661
38,0,0.2,16.3,5.8,1,27.7,50,2,12.8,Mild,1,0,0,2.76271186440678
36,0,3.5,328.9,5.1,1,30.0,93,2,14.2,Moderate,2,0,0,63.25000000000001
39,1,2.1,199.5,4.9,3,29.2,81,0,11.3,Mild,1,0,0,39.9
31,0,3.5,336.4,3.9,3,20.4,73,0,8.4,Mild,4,1,0,84.1
35,0,2.1,200.0,5.1,1,22.5,79,2,3.7,Mild,0,0,0,38.46153846153847
20,1,3.2,306.7,6.7,2,26.1,60,1,2.7,,4,1,0,45.10294117647059
31,0,1.0,96.8,7.1,2,24.4,83,1,7.7,,2,0,0,13.444444444444445
51,1,2.9,277.3,6.2,2,15.3,73,1,4.4,Mild,1,0,0,44.01587301587302
38,1,1.5,143.9,6.4,2,15.0,67,1,10.1,,4,0,1,22.138461538461538
34,0,3.4,324.4,6.6,2,16.0,72,1,4.0,,2,0,0,48.417910447761194
57,0,2.3,217.0,5.9,1,27.9,62,2,2.6,Moderate,2,0,0,36.166666666666664
18,0,4.2,394.6,5.5,1,25.5,64,2,8.7,Mild,1,0,0,70.46428571428572
21,0,2.1,201.6,7.0,2,22.9,58,1,11.4,,3,0,0,28.3943661971831
55,1,1.4,130.8,8.1,0,21.7,72,1,1.1,Mild,0,0,1,15.951219512195125
35,0,2.7,256.8,5.6,1,27.3,72,2,9.3,Mild,3,0,1,45.05263157894738
32,1,6.0,571.6,6.2,2,26.7,54,1,12.2,,4,1,0,90.73015873015873
20,1,4.1,391.0,5.2,1,17.9,56,2,0.1,Mild,3,0,0,73.77358490566039
40,1,1.3,123.3,7.3,2,20.2,80,1,3.4,,1,0,0,16.66216216216216
41,0,2.5,237.0,9.6,0,22.5,77,1,4.5,,0,0,0,24.43298969072165
21,0,1.5,142.6,7.5,2,21.9,66,1,0.2,,3,0,0,18.763157894736842
33,0,1.2,113.4,7.3,2,22.8,79,1,10.2,,3,0,0,15.324324324324326
30,0,2.5,239.6,7.1,2,21.5,54,1,6.3,,0,0,1,33.27777777777778
38,1,2.1,200.7,6.9,2,20.8,80,1,9.7,,4,0,1,28.67142857142857
21,0,0.9,89.2,6.5,2,25.5,50,1,6.1,,1,0,0,13.515151515151516
50,1,1.5,143.7,5.2,1,25.3,69,2,2.6,Mild,0,0,0,27.11320754716981
45,1,2.6,245.2,6.6,2,16.0,81,1,7.7,,4,0,0,36.59701492537314
30,0,1.6,155.1,6.7,2,21.4,74,1,10.8,,0,0,0,22.808823529411764
32,0,2.5,235.3,6.5,2,16.4,83,1,2.3,,1,0,0,35.651515151515156
33,0,1.5,138.0,7.1,2,30.2,68,1,5.3,Mild,1,0,0,19.166666666666668
25,0,3.2,304.2,7.2,2,23.9,71,1,11.0,,3,0,1,41.67123287671233
29,0,1.5,139.6,7.3,2,22.5,83,1,9.8,,3,0,0,18.864864864864867
31,0,3.5,327.9,6.2,2,25.7,82,1,15.0,,2,0,0,52.047619047619044
54,1,2.1,195.8,7.2,2,28.4,66,1,2.6,Mild,2,0,0,26.82191780821918
46,1,0.0,0.0,6.0,2,16.4,73,1,5.2,,3,0,1,0.0
46,1,2.1,199.9,4.7,3,20.7,64,0,3.0,Mild,1,0,0,41.645833333333336
39,1,3.3,309.5,5.9,1,24.0,84,2,3.7,Mild,4,0,0,51.583333333333336
21,1,1.7,158.7,6.8,2,19.2,70,1,2.9,,3,0,0,23.0
34,2,2.2,209.5,4.6,3,21.3,74,0,14.8,Mild,2,0,0,44.57446808510639
46,0,3.4,326.5,6.6,2,16.8,69,1,9.7,,1,0,0,48.73134328358209
19,0,4.8,454.1,6.5,2,20.3,50,1,1.3,,0,0,0,68.80303030303031
42,1,4.2,401.9,7.4,2,20.7,62,1,7.8,,3,0,1,53.586666666666666
62,1,2.7,253.0,7.0,2,30.5,56,1,1.2,Moderate,3,0,1,35.63380281690141
47,1,3.3,317.3,4.9,3,26.5,74,0,5.9,Mild,4,0,0,63.46
51,0,2.6,250.3,7.0,2,18.6,50,1,9.6,Mild,1,0,0,35.25352112676057
37,1,0.2,23.4,7.0,2,21.8,72,1,0.7,,4,0,0,3.295774647887324
46,0,4.4,417.9,6.8,2,25.3,61,1,0.7,,0,0,1,60.56521739130435
26,0,4.5,425.0,7.6,2,20.9,75,1,3.8,,1,1,0,55.1948051948052
44,0,0.0,0.0,6.2,2,21.3,70,1,9.9,,4,1,1,0.0
42,1,1.9,183.0,6.4,2,30.5,69,1,13.9,Mild,0,0,1,28.153846153846153
38,0,4.8,456.2,6.3,2,19.1,83,1,4.1,,0,0,0,71.28125
50,0,2.8,268.7,6.0,2,32.3,81,1,14.3,Mild,3,0,0,44.049180327868854
28,0,1.0,95.1,4.5,3,19.0,83,0,8.2,Mild,1,1,0,20.67391304347826
32,1,4.3,411.1,7.4,2,15.6,64,1,7.5,,0,0,0,54.81333333333334
36,1,2.7,254.0,4.1,3,30.5,59,0,1.5,Moderate,4,0,0,60.47619047619049
22,1,4.4,422.1,6.7,2,25.2,82,1,14.3,,1,0,0,62.07352941176471
37,0,2.6,249.7,5.1,1,23.4,64,2,11.9,Mild,0,0,1,48.019230769230774
18,0,0.0,0.0,5.8,1,25.5,55,2,0.0,Mild,3,0,0,0.0
47,2,5.2,495.0,7.0,2,18.2,60,1,11.9,,2,0,0,69.71830985915493
35,1,0.8,79.7,8.4,0,21.8,72,1,8.3,,2,0,0,9.376470588235295
28,1,1.8,175.2,7.1,2,27.8,68,1,1.5,,2,0,0,24.333333333333336
24,0,4.3,408.6,6.0,2,21.3,82,1,10.5,,0,0,1,66.98360655737706
32,1,5.9,562.5,5.9,1,21.2,59,2,10.0,Mild,0,1,0,93.75
43,0,2.4,228.1,8.2,0,28.6,56,1,10.2,,4,0,0,27.481927710843376
41,0,3.0,288.5,8.0,2,23.8,68,1,13.1,,2,1,1,35.617283950617285
26,0,0.7,68.5,7.5,2,25.4,50,1,11.4,,2,0,0,9.013157894736842
24,0,2.1,198.1,8.1,0,18.3,66,1,13.7,,1,0,0,24.158536585365855
42,0,4.1,393.9,5.8,1,24.0,80,2,5.7,Mild,1,0,0,66.76271186440678
26,2,3.0,281.4,7.4,2,29.6,92,1,8.4,,0,0,1,37.519999999999996
35,1,5.1,484.7,4.7,3,16.8,68,0,14.8,Mild,0,0,1,100.97916666666667
36,0,0.4,38.5,6.3,2,20.1,65,1,8.9,,3,0,0,6.015625000000001
38,0,0.3,32.6,6.5,2,28.9,71,1,6.3,,2,0,0,4.9393939393939394
45,0,1.5,139.9,8.2,0,25.5,77,1,7.0,,2,0,0,16.85542168674699
19,0,1.5,146.8,6.5,2,20.8,81,1,11.1,,0,0,0,22.242424242424246
18,2,3.9,373.8,7.6,2,23.6,65,1,5.5,,4,0,1,48.545454545454554
28,0,1.9,179.0,6.0,2,22.8,81,1,0.7,,1,1,1,29.34426229508197
56,1,0.7,69.7,7.8,2,15.0,65,1,13.7,Mild,2,1,0,8.822784810126583
59,0,3.1,294.1,7.2,2,24.2,87,1,7.2,Mild,4,0,1,40.28767123287672
56,0,1.3,128.0,4.1,3,17.8,80,0,7.8,Moderate,1,0,0,30.47619047619048
32,0,0.9,81.7,8.1,0,25.1,62,1,5.4,,3,0,1,9.963414634146343
18,1,4.1,388.6,5.7,1,17.6,73,2,13.8,Mild,0,0,0,67.0
18,0,4.4,421.9,4.9,3,27.4,67,0,2.8,Mild,4,1,0,84.38
27,1,4.0,377.0,5.4,1,23.6,77,2,5.9,Mild,1,0,0,68.54545454545455
32,0,1.2,118.6,6.1,2,19.2,67,1,5.7,,0,0,1,19.129032258064516
50,1,1.6,153.5,5.8,1,19.3,63,2,7.5,Mild,0,0,0,26.016949152542374
45,0,3.3,315.0,5.4,1,21.2,76,2,14.5,Mild,2,1,0,57.27272727272727
37,1,3.6,343.3,6.2,2,23.6,75,1,3.0,,1,1,0,54.492063492063494
24,1,2.2,204.8,7.2,2,22.8,58,1,9.5,,0,0,1,28.054794520547947
23,0,4.3,409.2,7.7,2,25.0,85,1,8.4,,2,0,1,52.46153846153846
38,1,0.0,0.0,8.9,0,24.7,79,1,3.9,,0,0,0,0.0
43,1,1.6,155.9,9.4,0,27.7,78,1,6.2,,1,1,1,16.410526315789475
39,1,5.8,553.2,6.5,2,32.4,70,1,6.3,Mild,0,1,0,83.81818181818183
22,0,2.5,235.5,6.4,2,23.0,60,1,3.5,,3,0,0,36.23076923076923
42,0,1.8,169.4,7.6,2,23.3,82,1,7.3,,3,0,0,22.000000000000004
40,1,3.2,305.1,5.1,1,25.5,64,2,2.8,Mild,3,1,1,58.673076923076934
22,0,1.1,101.2,6.6,2,20.9,62,1,3.1,,3,1,0,15.1044776119403
25,1,0.0,0.0,7.5,2,18.4,71,1,12.7,,4,0,1,0.0
43,0,7.0,665.4,4.8,3,20.8,55,0,14.0,Mild,0,0,1,135.79591836734696
32,0,1.2,115.1,8.0,0,23.9,73,1,5.8,,0,0,0,14.209876543209877
54,2,2.8,269.2,7.1,2,24.9,63,1,0.2,Mild,0,0,1,37.38888888888889
41,0,2.8,262.3,6.1,2,32.0,69,1,13.4,Mild,0,0,0,42.30645161290323
29,1,3.2,308.1,7.0,2,17.5,79,1,11.9,,2,0,1,43.3943661971831
34,1,1.3,124.4,6.5,2,25.0,83,1,6.2,,4,1,0,18.84848484848485
35,0,0.0,0.0,4.9,3,22.7,81,0,9.3,Mild,0,0,0,0.0
26,1,1.5,144.1,8.1,0,28.5,84,1,13.7,,2,0,1,17.573170731707318
24,1,2.5,241.9,6.5,2,19.1,70,1,14.8,,4,0,0,36.651515151515156
43,1,2.7,252.1,6.9,2,26.9,50,1,7.0,,2,0,1,36.01428571428571
45,1,4.8,460.2,7.1,2,21.7,70,1,7.0,,3,0,1,63.91666666666667
42,0,2.1,197.0,4.5,3,27.6,77,0,13.1,Mild,3,0,0,42.82608695652174
53,1,2.8,267.2,6.4,2,23.7,65,1,11.2,Mild,2,0,0,41.107692307692304
28,1,1.3,124.6,5.9,1,27.2,66,2,11.9,Mild,0,0,1,20.766666666666666
55,0,1.6,152.3,8.4,0,25.3,58,1,9.3,Mild,4,0,0,17.91764705882353
24,1,5.5,523.0,6.1,2,19.8,79,1,5.5,,1,0,0,84.35483870967742
22,0,1.4,135.7,6.6,2,15.7,63,1,2.9,,2,0,1,20.253731343283583
18,1,1.9,183.6,6.2,2,30.0,68,1,14.3,,2,0,1,29.142857142857142
29,0,4.1,392.2,8.3,0,22.8,77,1,2.3,,2,0,0,46.69047619047619
28,1,5.4,509.1,5.3,1,29.0,71,2,6.7,Mild,0,0,0,94.27777777777779
41,1,3.7,353.0,5.2,1,23.7,87,2,7.2,Mild,2,0,1,66.60377358490567
37,1,3.7,353.4,5.5,1,27.9,68,2,13.4,Mild,1,0,0,63.107142857142854
20,0,0.6,59.1,6.2,2,20.1,52,1,10.7,,3,0,1,9.380952380952381
30,0,3.3,310.9,6.5,2,24.6,78,1,3.6,,3,0,0,47.1060606060606
30,0,2.0,193.7,7.5,2,36.4,71,1,3.0,Mild,4,0,0,25.486842105263158
18,1,3.2,304.9,5.5,1,20.1,78,2,14.2,Mild,4,0,1,54.44642857142857
23,1,2.1,197.7,8.5,0,26.4,66,1,0.7,,3,0,1,22.988372093023255
25,1,1.6,156.1,7.1,2,23.8,73,1,13.4,,1,0,0,21.680555555555557
52,1,0.3,29.7,5.2,1,25.6,67,2,3.3,Moderate,1,0,0,5.60377358490566
37,1,2.4,225.6,4.3,3,24.2,56,0,1.3,Mild,0,0,1,51.27272727272728
42,2,2.8,262.0,6.6,2,16.8,77,1,4.3,,3,0,1,39.104477611940304
18,0,0.0,0.0,6.2,2,25.9,75,1,8.3,,3,0,0,0.0
49,0,1.6,150.1,5.7,1,25.5,81,2,12.9,Mild,4,0,1,25.879310344827587
50,0,2.1,199.8,6.0,1,30.5,50,2,10.1,Moderate,0,0,1,32.75409836065574
18,0,3.4,319.2,5.8,1,19.1,71,2,11.6,Mild,3,0,0,54.10169491525424
26,1,1.6,153.4,7.1,2,25.1,66,1,13.7,,4,1,1,21.305555555555557
40,0,3.4,327.1,7.0,2,19.3,80,1,0.1,,4,0,0,46.07042253521127
42,0,2.9,277.5,6.4,2,28.1,72,1,9.8,,4,1,0,42.69230769230769
